Master run started: 2026-10-05 22:03:05 
R version 4.6.1 (2026-06-24 ucrt) 
The following package(s) are in an inconsistent state:

 package    installed recorded used
 boot       y         y        n   
 class      y         y        n   
 cluster    y         y        n   
 codetools  y         y        n   
 foreign    y         y        n   
 KernSmooth y         y        n   
 mgcv       y         y        n   
 nnet       y         y        n   
 rpart      y         y        n   
 spatial    y         y        n   
 survival   y         y        n   

See `]8;;x-r-help:renv::status?renv::status]8;;` for advice on resolving these issues.
$library
$R
$R$Version
[1] "4.6.1"

$R$Repositories
$R$Repositories$CRAN
[1] "https://cloud.r-project.org"



$Packages
$Packages$dqrng
$Packages$dqrng$Package
[1] "dqrng"

$Packages$dqrng$Version
[1] "0.4.1"

$Packages$dqrng$Source
[1] "Repository"

$Packages$dqrng$Type
[1] "Package"

$Packages$dqrng$Title
[1] "Fast Pseudo Random Number Generators"

$Packages$dqrng$`Authors@R`
[1] "c( person(\"Ralf\", \"Stubner\", email = \"ralf.stubner@gmail.com\", role = c(\"aut\", \"cre\"), comment = c(ORCID = \"0009-0009-1908-106X\")), person(\"daqana GmbH\", role = \"cph\"), person(\"David Blackman\", role = \"cph\", comment = \"Xoroshiro / Xoshiro family\"), person(\"Melissa O'Neill\", email = \"oneill@pcg-random.org\", role = \"cph\", comment = \"PCG family\"), person(\"Sebastiano Vigna\", email = \"vigna@acm.org\", role = \"cph\", comment = \"Xoroshiro / Xoshiro family\"), person(\"Aaron\", \"Lun\", role=\"ctb\"),  person(\"Kyle\", \"Butts\", role = \"ctb\", email = \"kyle.butts@colorado.edu\"), person(\"Henrik\", \"Sloot\", role = \"ctb\"), person(\"Philippe\", \"Grosjean\", role = c(\"ctb\"), comment = c(ORCID = \"0000-0002-2694-9471\")) )"

$Packages$dqrng$Description
[1] "Several fast random number generators are provided as C++ header only libraries: The PCG family by O'Neill (2014 <https://www.cs.hmc.edu/tr/hmc-cs-2014-0905.pdf>) as well as the Xoroshiro / Xoshiro family by Blackman and Vigna (2021 <doi:10.1145/3460772>). In addition fast functions for generating random numbers according to a uniform, normal and exponential distribution are included. The latter two use the Ziggurat algorithm originally proposed by Marsaglia and Tsang (2000, <doi:10.18637/jss.v005.i08>). The fast sampling methods support unweighted sampling both with and without replacement. These functions are exported to R and as a C++ interface and are enabled for use with the default 64 bit generator from the PCG family, Xoroshiro128+/++/** and Xoshiro256+/++/** as well as the 64 bit version of the 20 rounds Threefry engine (Salmon et al., 2011, <doi:10.1145/2063384.2063405>) as provided by the package 'sitmo'."

$Packages$dqrng$License
[1] "AGPL-3"

$Packages$dqrng$Depends
$Packages$dqrng$Depends[[1]]
[1] "R (>= 3.5.0)"


$Packages$dqrng$Imports
$Packages$dqrng$Imports[[1]]
[1] "Rcpp (>= 0.12.16)"


$Packages$dqrng$LinkingTo
$Packages$dqrng$LinkingTo[[1]]
[1] "Rcpp"

$Packages$dqrng$LinkingTo[[2]]
[1] "BH (>= 1.64.0-1)"

$Packages$dqrng$LinkingTo[[3]]
[1] "sitmo (>= 2.0.0)"


$Packages$dqrng$RoxygenNote
[1] "7.3.1"

$Packages$dqrng$Suggests
$Packages$dqrng$Suggests[[1]]
[1] "BH"

$Packages$dqrng$Suggests[[2]]
[1] "testthat"

$Packages$dqrng$Suggests[[3]]
[1] "knitr"

$Packages$dqrng$Suggests[[4]]
[1] "rmarkdown"

$Packages$dqrng$Suggests[[5]]
[1] "mvtnorm (>= 1.2-3)"

$Packages$dqrng$Suggests[[6]]
[1] "bench"

$Packages$dqrng$Suggests[[7]]
[1] "sitmo"


$Packages$dqrng$VignetteBuilder
[1] "knitr"

$Packages$dqrng$URL
[1] "https://daqana.github.io/dqrng/, https://github.com/daqana/dqrng"

$Packages$dqrng$BugReports
[1] "https://github.com/daqana/dqrng/issues"

$Packages$dqrng$Encoding
[1] "UTF-8"

$Packages$dqrng$NeedsCompilation
[1] "yes"

$Packages$dqrng$Author
[1] "Ralf Stubner [aut, cre] (<https://orcid.org/0009-0009-1908-106X>), daqana GmbH [cph], David Blackman [cph] (Xoroshiro / Xoshiro family), Melissa O'Neill [cph] (PCG family), Sebastiano Vigna [cph] (Xoroshiro / Xoshiro family), Aaron Lun [ctb], Kyle Butts [ctb], Henrik Sloot [ctb], Philippe Grosjean [ctb] (<https://orcid.org/0000-0002-2694-9471>)"

$Packages$dqrng$Maintainer
[1] "Ralf Stubner <ralf.stubner@gmail.com>"

$Packages$dqrng$Repository
[1] "CRAN"


$Packages$sandwich
$Packages$sandwich$Package
[1] "sandwich"

$Packages$sandwich$Version
[1] "3.1-3"

$Packages$sandwich$Source
[1] "Repository"

$Packages$sandwich$Date
[1] "2026-08-02"

$Packages$sandwich$Title
[1] "Robust Covariance Matrix Estimators"

$Packages$sandwich$`Authors@R`
[1] "c(person(given = \"Achim\", family = \"Zeileis\", role = c(\"aut\", \"cre\"), email = \"Achim.Zeileis@R-project.org\", comment = c(ORCID = \"0000-0003-0918-3766\")), person(given = \"Thomas\", family = \"Lumley\", role = \"aut\", email = \"t.lumley@auckland.ac.nz\", comment = c(ORCID = \"0000-0003-4255-5437\")), person(given = \"Nathaniel\", family = \"Graham\", role = \"ctb\", email = \"npgraham1@gmail.com\", comment = c(ORCID = \"0009-0002-1215-5256\")), person(given = \"Susanne\", family = \"Koell\", role = \"ctb\"))"

$Packages$sandwich$Description
[1] "Object-oriented software for model-robust covariance matrix estimators. Starting out from the basic  robust Eicker-Huber-White sandwich covariance methods include: heteroscedasticity-consistent (HC) covariances for cross-section data; heteroscedasticity- and autocorrelation-consistent (HAC) covariances for time series data (such as Andrews' kernel HAC, Newey-West, and WEAVE estimators); clustered covariances (one-way and multi-way); panel and panel-corrected covariances; outer-product-of-gradients covariances; and (clustered) bootstrap covariances. All methods are applicable to (generalized) linear model objects fitted by lm() and glm() but can also be adapted to other classes through S3 methods. Details can be found in Zeileis et al. (2020) <doi:10.18637/jss.v095.i01>, Zeileis (2004) <doi:10.18637/jss.v011.i10> and Zeileis (2006) <doi:10.18637/jss.v016.i09>."

$Packages$sandwich$Depends
$Packages$sandwich$Depends[[1]]
[1] "R (>= 3.0.0)"


$Packages$sandwich$Imports
$Packages$sandwich$Imports[[1]]
[1] "stats"

$Packages$sandwich$Imports[[2]]
[1] "utils"

$Packages$sandwich$Imports[[3]]
[1] "zoo"


$Packages$sandwich$Suggests
$Packages$sandwich$Suggests[[1]]
[1] "AER"

$Packages$sandwich$Suggests[[2]]
[1] "car"

$Packages$sandwich$Suggests[[3]]
[1] "geepack"

$Packages$sandwich$Suggests[[4]]
[1] "lattice"

$Packages$sandwich$Suggests[[5]]
[1] "lme4"

$Packages$sandwich$Suggests[[6]]
[1] "lmtest"

$Packages$sandwich$Suggests[[7]]
[1] "MASS"

$Packages$sandwich$Suggests[[8]]
[1] "multiwayvcov"

$Packages$sandwich$Suggests[[9]]
[1] "parallel"

$Packages$sandwich$Suggests[[10]]
[1] "pcse"

$Packages$sandwich$Suggests[[11]]
[1] "plm"

$Packages$sandwich$Suggests[[12]]
[1] "pscl"

$Packages$sandwich$Suggests[[13]]
[1] "scatterplot3d"

$Packages$sandwich$Suggests[[14]]
[1] "stats4"

$Packages$sandwich$Suggests[[15]]
[1] "strucchange"

$Packages$sandwich$Suggests[[16]]
[1] "survival"


$Packages$sandwich$License
[1] "GPL-2 | GPL-3"

$Packages$sandwich$URL
[1] "https://zeileis.codeberg.page/sandwich/"

$Packages$sandwich$BugReports
[1] "https://codeberg.org/zeileis/sandwich/issues"

$Packages$sandwich$NeedsCompilation
[1] "no"

$Packages$sandwich$Author
[1] "Achim Zeileis [aut, cre] (ORCID: <https://orcid.org/0000-0003-0918-3766>), Thomas Lumley [aut] (ORCID: <https://orcid.org/0000-0003-4255-5437>), Nathaniel Graham [ctb] (ORCID: <https://orcid.org/0009-0002-1215-5256>), Susanne Koell [ctb]"

$Packages$sandwich$Maintainer
[1] "Achim Zeileis <Achim.Zeileis@R-project.org>"

$Packages$sandwich$Repository
[1] "CRAN"


$Packages$utf8
$Packages$utf8$Package
[1] "utf8"

$Packages$utf8$Version
[1] "1.2.6"

$Packages$utf8$Source
[1] "Repository"

$Packages$utf8$Title
[1] "Unicode Text Processing"

$Packages$utf8$`Authors@R`
[1] "c(person(given = c(\"Patrick\", \"O.\"), family = \"Perry\", role = c(\"aut\", \"cph\")), person(given = \"Kirill\", family = \"M\\u00fcller\", role = \"cre\", email = \"kirill@cynkra.com\", comment = c(ORCID = \"0000-0002-1416-3412\")), person(given = \"Unicode, Inc.\", role = c(\"cph\", \"dtc\"), comment = \"Unicode Character Database\"))"

$Packages$utf8$Description
[1] "Process and print 'UTF-8' encoded international text (Unicode). Input, validate, normalize, encode, format, and display."

$Packages$utf8$License
[1] "Apache License (== 2.0) | file LICENSE"

$Packages$utf8$URL
[1] "https://krlmlr.github.io/utf8/, https://github.com/krlmlr/utf8"

$Packages$utf8$BugReports
[1] "https://github.com/krlmlr/utf8/issues"

$Packages$utf8$Depends
$Packages$utf8$Depends[[1]]
[1] "R (>= 2.10)"


$Packages$utf8$Suggests
$Packages$utf8$Suggests[[1]]
[1] "cli"

$Packages$utf8$Suggests[[2]]
[1] "covr"

$Packages$utf8$Suggests[[3]]
[1] "knitr"

$Packages$utf8$Suggests[[4]]
[1] "rlang"

$Packages$utf8$Suggests[[5]]
[1] "rmarkdown"

$Packages$utf8$Suggests[[6]]
[1] "testthat (>= 3.0.0)"

$Packages$utf8$Suggests[[7]]
[1] "withr"


$Packages$utf8$VignetteBuilder
[1] "knitr, rmarkdown"

$Packages$utf8$`Config/testthat/edition`
[1] "3"

$Packages$utf8$Encoding
[1] "UTF-8"

$Packages$utf8$RoxygenNote
[1] "7.3.2.9000"

$Packages$utf8$NeedsCompilation
[1] "yes"

$Packages$utf8$Author
[1] "Patrick O. Perry [aut, cph], Kirill Müller [cre] (ORCID: <https://orcid.org/0000-0002-1416-3412>), Unicode, Inc. [cph, dtc] (Unicode Character Database)"

$Packages$utf8$Maintainer
[1] "Kirill Müller <kirill@cynkra.com>"

$Packages$utf8$Repository
[1] "CRAN"


$Packages$generics
$Packages$generics$Package
[1] "generics"

$Packages$generics$Version
[1] "0.1.4"

$Packages$generics$Source
[1] "Repository"

$Packages$generics$Title
[1] "Common S3 Generics not Provided by Base R Methods Related to Model Fitting"

$Packages$generics$`Authors@R`
[1] "c( person(\"Hadley\", \"Wickham\", , \"hadley@posit.co\", role = c(\"aut\", \"cre\"), comment = c(ORCID = \"0000-0003-4757-117X\")), person(\"Max\", \"Kuhn\", , \"max@posit.co\", role = \"aut\"), person(\"Davis\", \"Vaughan\", , \"davis@posit.co\", role = \"aut\"), person(\"Posit Software, PBC\", role = c(\"cph\", \"fnd\"), comment = c(ROR = \"https://ror.org/03wc8by49\")) )"

$Packages$generics$Description
[1] "In order to reduce potential package dependencies and conflicts, generics provides a number of commonly used S3 generics."

$Packages$generics$License
[1] "MIT + file LICENSE"

$Packages$generics$URL
[1] "https://generics.r-lib.org, https://github.com/r-lib/generics"

$Packages$generics$BugReports
[1] "https://github.com/r-lib/generics/issues"

$Packages$generics$Depends
$Packages$generics$Depends[[1]]
[1] "R (>= 3.6)"


$Packages$generics$Imports
$Packages$generics$Imports[[1]]
[1] "methods"


$Packages$generics$Suggests
$Packages$generics$Suggests[[1]]
[1] "covr"

$Packages$generics$Suggests[[2]]
[1] "pkgload"

$Packages$generics$Suggests[[3]]
[1] "testthat (>= 3.0.0)"

$Packages$generics$Suggests[[4]]
[1] "tibble"

$Packages$generics$Suggests[[5]]
[1] "withr"


$Packages$generics$`Config/Needs/website`
[1] "tidyverse/tidytemplate"

$Packages$generics$`Config/testthat/edition`
[1] "3"

$Packages$generics$Encoding
[1] "UTF-8"

$Packages$generics$RoxygenNote
[1] "7.3.2"

$Packages$generics$NeedsCompilation
[1] "no"

$Packages$generics$Author
[1] "Hadley Wickham [aut, cre] (ORCID: <https://orcid.org/0000-0003-4757-117X>), Max Kuhn [aut], Davis Vaughan [aut], Posit Software, PBC [cph, fnd] (ROR: <https://ror.org/03wc8by49>)"

$Packages$generics$Maintainer
[1] "Hadley Wickham <hadley@posit.co>"

$Packages$generics$Repository
[1] "CRAN"


$Packages$renv
$Packages$renv$Package
[1] "renv"

$Packages$renv$Version
[1] "1.3.0"

$Packages$renv$Source
[1] "Repository"

$Packages$renv$Type
[1] "Package"

$Packages$renv$Title
[1] "Project Environments"

$Packages$renv$`Authors@R`
[1] "c( person(\"Kevin\", \"Ushey\", role = c(\"aut\", \"cre\"), email = \"kevin@rstudio.com\", comment = c(ORCID = \"0000-0003-2880-7407\")), person(\"Hadley\", \"Wickham\", role = c(\"aut\"), email = \"hadley@rstudio.com\", comment = c(ORCID = \"0000-0003-4757-117X\")), person(\"Posit Software, PBC\", role = c(\"cph\", \"fnd\")) )"

$Packages$renv$Description
[1] "A dependency management toolkit for R. Using 'renv', you can create and manage project-local R libraries, save the state of these libraries to a 'lockfile', and later restore your library as required. Together, these tools can help make your projects more isolated, portable, and reproducible."

$Packages$renv$License
[1] "MIT + file LICENSE"

$Packages$renv$URL
[1] "https://rstudio.github.io/renv/, https://github.com/rstudio/renv"

$Packages$renv$BugReports
[1] "https://github.com/rstudio/renv/issues"

$Packages$renv$Imports
$Packages$renv$Imports[[1]]
[1] "utils"


$Packages$renv$Suggests
$Packages$renv$Suggests[[1]]
[1] "BiocManager"

$Packages$renv$Suggests[[2]]
[1] "cli"

$Packages$renv$Suggests[[3]]
[1] "compiler"

$Packages$renv$Suggests[[4]]
[1] "covr"

$Packages$renv$Suggests[[5]]
[1] "cpp11"

$Packages$renv$Suggests[[6]]
[1] "curl"

$Packages$renv$Suggests[[7]]
[1] "devtools"

$Packages$renv$Suggests[[8]]
[1] "generics"

$Packages$renv$Suggests[[9]]
[1] "gitcreds"

$Packages$renv$Suggests[[10]]
[1] "jsonlite"

$Packages$renv$Suggests[[11]]
[1] "jsonvalidate"

$Packages$renv$Suggests[[12]]
[1] "knitr"

$Packages$renv$Suggests[[13]]
[1] "miniUI"

$Packages$renv$Suggests[[14]]
[1] "modules"

$Packages$renv$Suggests[[15]]
[1] "packrat"

$Packages$renv$Suggests[[16]]
[1] "pak"

$Packages$renv$Suggests[[17]]
[1] "pkgload"

$Packages$renv$Suggests[[18]]
[1] "R6"

$Packages$renv$Suggests[[19]]
[1] "remotes"

$Packages$renv$Suggests[[20]]
[1] "reticulate"

$Packages$renv$Suggests[[21]]
[1] "rmarkdown"

$Packages$renv$Suggests[[22]]
[1] "rstudioapi"

$Packages$renv$Suggests[[23]]
[1] "shiny"

$Packages$renv$Suggests[[24]]
[1] "testthat"

$Packages$renv$Suggests[[25]]
[1] "uuid"

$Packages$renv$Suggests[[26]]
[1] "waldo"

$Packages$renv$Suggests[[27]]
[1] "yaml"

$Packages$renv$Suggests[[28]]
[1] "webfakes"


$Packages$renv$Encoding
[1] "UTF-8"

$Packages$renv$VignetteBuilder
[1] "knitr"

$Packages$renv$`Config/Needs/website`
[1] "tidyverse/tidytemplate"

$Packages$renv$`Config/testthat/edition`
[1] "3"

$Packages$renv$`Config/testthat/parallel`
[1] "true"

$Packages$renv$`Config/testthat/start-first`
[1] "bioconductor,python,install,restore,snapshot,retrieve,remotes"

$Packages$renv$`Config/roxygen2/version`
[1] "8.0.0"

$Packages$renv$NeedsCompilation
[1] "no"

$Packages$renv$Author
[1] "Kevin Ushey [aut, cre] (ORCID: <https://orcid.org/0000-0003-2880-7407>), Hadley Wickham [aut] (ORCID: <https://orcid.org/0000-0003-4757-117X>), Posit Software, PBC [cph, fnd]"

$Packages$renv$Maintainer
[1] "Kevin Ushey <kevin@rstudio.com>"

$Packages$renv$Repository
[1] "CRAN"


$Packages$class
$Packages$class$Package
[1] "class"

$Packages$class$Version
[1] "7.3-23"

$Packages$class$Source
[1] "Repository"

$Packages$class$Priority
[1] "recommended"

$Packages$class$Date
[1] "2025-01-01"

$Packages$class$Depends
$Packages$class$Depends[[1]]
[1] "R (>= 3.0.0)"

$Packages$class$Depends[[2]]
[1] "stats"

$Packages$class$Depends[[3]]
[1] "utils"


$Packages$class$Imports
$Packages$class$Imports[[1]]
[1] "MASS"


$Packages$class$`Authors@R`
[1] "c(person(\"Brian\", \"Ripley\", role = c(\"aut\", \"cre\", \"cph\"), email = \"Brian.Ripley@R-project.org\"), person(\"William\", \"Venables\", role = \"cph\"))"

$Packages$class$Description
[1] "Various functions for classification, including k-nearest neighbour, Learning Vector Quantization and Self-Organizing Maps."

$Packages$class$Title
[1] "Functions for Classification"

$Packages$class$ByteCompile
[1] "yes"

$Packages$class$License
[1] "GPL-2 | GPL-3"

$Packages$class$URL
[1] "http://www.stats.ox.ac.uk/pub/MASS4/"

$Packages$class$NeedsCompilation
[1] "yes"

$Packages$class$Author
[1] "Brian Ripley [aut, cre, cph], William Venables [cph]"

$Packages$class$Maintainer
[1] "Brian Ripley <Brian.Ripley@R-project.org>"

$Packages$class$Repository
[1] "CRAN"


$Packages$KernSmooth
$Packages$KernSmooth$Package
[1] "KernSmooth"

$Packages$KernSmooth$Version
[1] "2.23-26"

$Packages$KernSmooth$Source
[1] "Repository"

$Packages$KernSmooth$Priority
[1] "recommended"

$Packages$KernSmooth$Date
[1] "2024-12-10"

$Packages$KernSmooth$Title
[1] "Functions for Kernel Smoothing Supporting Wand & Jones (1995)"

$Packages$KernSmooth$`Authors@R`
[1] "c(person(\"Matt\", \"Wand\", role = \"aut\", email = \"Matt.Wand@uts.edu.au\"), person(\"Cleve\", \"Moler\", role = \"ctb\", comment = \"LINPACK routines in src/d*\"), person(\"Brian\", \"Ripley\", role = c(\"trl\", \"cre\", \"ctb\"), email = \"Brian.Ripley@R-project.org\", comment = \"R port and updates\"))"

$Packages$KernSmooth$Note
[1] "Maintainers are not available to give advice on using a package they did not author."

$Packages$KernSmooth$Depends
$Packages$KernSmooth$Depends[[1]]
[1] "R (>= 2.5.0)"

$Packages$KernSmooth$Depends[[2]]
[1] "stats"


$Packages$KernSmooth$Suggests
$Packages$KernSmooth$Suggests[[1]]
[1] "MASS"

$Packages$KernSmooth$Suggests[[2]]
[1] "carData"


$Packages$KernSmooth$Description
[1] "Functions for kernel smoothing (and density estimation) corresponding to the book:  Wand, M.P. and Jones, M.C. (1995) \"Kernel Smoothing\"."

$Packages$KernSmooth$License
[1] "Unlimited"

$Packages$KernSmooth$ByteCompile
[1] "yes"

$Packages$KernSmooth$NeedsCompilation
[1] "yes"

$Packages$KernSmooth$Author
[1] "Matt Wand [aut], Cleve Moler [ctb] (LINPACK routines in src/d*), Brian Ripley [trl, cre, ctb] (R port and updates)"

$Packages$KernSmooth$Maintainer
[1] "Brian Ripley <Brian.Ripley@R-project.org>"

$Packages$KernSmooth$Repository
[1] "CRAN"


$Packages$gtools
$Packages$gtools$Package
[1] "gtools"

$Packages$gtools$Version
[1] "3.9.5"

$Packages$gtools$Source
[1] "Repository"

$Packages$gtools$Title
[1] "Various R Programming Tools"

$Packages$gtools$Description
[1] "Functions to assist in R programming, including: - assist in developing, updating, and maintaining R and R packages ('ask', 'checkRVersion', 'getDependencies', 'keywords', 'scat'), - calculate the logit and inverse logit transformations ('logit', 'inv.logit'), - test if a value is missing, empty or contains only NA and NULL values ('invalid'), - manipulate R's .Last function ('addLast'), - define macros ('defmacro'), - detect odd and even integers ('odd', 'even'), - convert strings containing non-ASCII characters (like single quotes) to plain ASCII ('ASCIIfy'), - perform a binary search ('binsearch'), - sort strings containing both numeric and character components ('mixedsort'), - create a factor variable from the quantiles of a continuous variable ('quantcut'), - enumerate permutations and combinations ('combinations', 'permutation'), - calculate and convert between fold-change and log-ratio ('foldchange', 'logratio2foldchange', 'foldchange2logratio'), - calculate probabilities and generate random numbers from Dirichlet distributions ('rdirichlet', 'ddirichlet'), - apply a function over adjacent subsets of a vector ('running'), - modify the TCP_NODELAY ('de-Nagle') flag for socket objects, - efficient 'rbind' of data frames, even if the column names don't match ('smartbind'), - generate significance stars from p-values ('stars.pval'), - convert characters to/from ASCII codes ('asc', 'chr'), - convert character vector to ASCII representation ('ASCIIfy'), - apply title capitalization rules to a character vector ('capwords')."

$Packages$gtools$`Authors@R`
[1] "c(person(\"Gregory R.\", \"Warnes\", role = \"aut\"), person(\"Ben\", \"Bolker\", role = c(\"aut\", \"cre\"), email = \"bolker@mcmaster.ca\", comment=c(ORCID=\"0000-0002-2127-0443\")), person(\"Thomas\", \"Lumley\", role = \"aut\"), person(\"Arni\", \"Magnusson\", role = \"aut\"), person(\"Bill\", \"Venables\", role = \"aut\"), person(\"Genei\", \"Ryodan\", role = \"aut\"), person(\"Steffen\", \"Moeller\", role = \"aut\"), person(\"Ian\", \"Wilson\", role = \"ctb\"), person(\"Mark\", \"Davis\", role = \"ctb\"), person(\"Nitin\", \"Jain\", role=\"ctb\"), person(\"Scott\", \"Chamberlain\", role = \"ctb\"))"

$Packages$gtools$License
[1] "GPL-2"

$Packages$gtools$Depends
$Packages$gtools$Depends[[1]]
[1] "methods"

$Packages$gtools$Depends[[2]]
[1] "stats"

$Packages$gtools$Depends[[3]]
[1] "utils"


$Packages$gtools$URL
[1] "https://github.com/r-gregmisc/gtools"

$Packages$gtools$BugReports
[1] "https://github.com/r-gregmisc/gtools/issues"

$Packages$gtools$Language
[1] "en-US"

$Packages$gtools$Suggests
$Packages$gtools$Suggests[[1]]
[1] "car"

$Packages$gtools$Suggests[[2]]
[1] "gplots"

$Packages$gtools$Suggests[[3]]
[1] "knitr"

$Packages$gtools$Suggests[[4]]
[1] "rstudioapi"

$Packages$gtools$Suggests[[5]]
[1] "SGP"

$Packages$gtools$Suggests[[6]]
[1] "taxize"


$Packages$gtools$RoxygenNote
[1] "7.2.3"

$Packages$gtools$Encoding
[1] "UTF-8"

$Packages$gtools$NeedsCompilation
[1] "yes"

$Packages$gtools$Author
[1] "Gregory R. Warnes [aut], Ben Bolker [aut, cre] (<https://orcid.org/0000-0002-2127-0443>), Thomas Lumley [aut], Arni Magnusson [aut], Bill Venables [aut], Genei Ryodan [aut], Steffen Moeller [aut], Ian Wilson [ctb], Mark Davis [ctb], Nitin Jain [ctb], Scott Chamberlain [ctb]"

$Packages$gtools$Maintainer
[1] "Ben Bolker <bolker@mcmaster.ca>"

$Packages$gtools$Repository
[1] "CRAN"


$Packages$dreamerr
$Packages$dreamerr$Package
[1] "dreamerr"

$Packages$dreamerr$Version
[1] "1.5.0"

$Packages$dreamerr$Source
[1] "Repository"

$Packages$dreamerr$Type
[1] "Package"

$Packages$dreamerr$Title
[1] "Error Handling Made Easy"

$Packages$dreamerr$`Authors@R`
[1] "person(\"Laurent\", \"Berge\", email = \"laurent.berge@u-bordeaux.fr\", role = c(\"aut\", \"cre\"))"

$Packages$dreamerr$Imports
$Packages$dreamerr$Imports[[1]]
[1] "Formula"

$Packages$dreamerr$Imports[[2]]
[1] "utils"

$Packages$dreamerr$Imports[[3]]
[1] "stringmagic(>= 1.2.0)"


$Packages$dreamerr$Suggests
$Packages$dreamerr$Suggests[[1]]
[1] "knitr"

$Packages$dreamerr$Suggests[[2]]
[1] "rmarkdown"

$Packages$dreamerr$Suggests[[3]]
[1] "stats"

$Packages$dreamerr$Suggests[[4]]
[1] "graphics"


$Packages$dreamerr$Description
[1] "Set of tools to facilitate package development and make R a more user-friendly place. Mostly for developers (or anyone who writes/shares functions). Provides a simple, powerful and flexible way to check the arguments passed to functions.  The developer can easily describe the type of argument needed. If the user provides a wrong argument, then an informative error message is prompted with the requested type and the problem clearly stated--saving the user a lot of time in debugging."

$Packages$dreamerr$License
[1] "GPL-3"

$Packages$dreamerr$Encoding
[1] "UTF-8"

$Packages$dreamerr$VignetteBuilder
[1] "knitr"

$Packages$dreamerr$BugReports
[1] "https://github.com/lrberge/dreamerr/issues"

$Packages$dreamerr$RoxygenNote
[1] "7.3.2"

$Packages$dreamerr$NeedsCompilation
[1] "no"

$Packages$dreamerr$Author
[1] "Laurent Berge [aut, cre]"

$Packages$dreamerr$Maintainer
[1] "Laurent Berge <laurent.berge@u-bordeaux.fr>"

$Packages$dreamerr$Repository
[1] "CRAN"


$Packages$lattice
$Packages$lattice$Package
[1] "lattice"

$Packages$lattice$Version
[1] "0.22-9"

$Packages$lattice$Source
[1] "Repository"

$Packages$lattice$Date
[1] "2026-02-03"

$Packages$lattice$Priority
[1] "recommended"

$Packages$lattice$Title
[1] "Trellis Graphics for R"

$Packages$lattice$`Authors@R`
[1] "c(person(\"Deepayan\", \"Sarkar\", role = c(\"aut\", \"cre\"), email = \"deepayan.sarkar@r-project.org\", comment = c(ORCID = \"0000-0003-4107-1553\")), person(\"Felix\", \"Andrews\", role = \"ctb\"), person(\"Kevin\", \"Wright\", role = \"ctb\", comment = \"documentation\"), person(\"Neil\", \"Klepeis\", role = \"ctb\"), person(\"Johan\", \"Larsson\", role = \"ctb\", comment = \"miscellaneous improvements\"), person(\"Zhijian (Jason)\", \"Wen\", role = \"cph\", comment = \"filled contour code\"), person(\"Paul\", \"Murrell\", role = \"ctb\", email = \"paul@stat.auckland.ac.nz\"), person(\"Stefan\", \"Eng\", role = \"ctb\", comment = \"violin plot improvements\"), person(\"Achim\", \"Zeileis\", role = \"ctb\", comment = \"modern colors\"), person(\"Alexandre\", \"Courtiol\", role = \"ctb\", comment = \"generics for larrows, lpolygon, lrect and lsegments\") )"

$Packages$lattice$Description
[1] "A powerful and elegant high-level data visualization system inspired by Trellis graphics, with an emphasis on multivariate data. Lattice is sufficient for typical graphics needs, and is also flexible enough to handle most nonstandard requirements. See ?Lattice for an introduction."

$Packages$lattice$Depends
$Packages$lattice$Depends[[1]]
[1] "R (>= 4.0.0)"


$Packages$lattice$Suggests
$Packages$lattice$Suggests[[1]]
[1] "KernSmooth"

$Packages$lattice$Suggests[[2]]
[1] "MASS"

$Packages$lattice$Suggests[[3]]
[1] "latticeExtra"

$Packages$lattice$Suggests[[4]]
[1] "colorspace"


$Packages$lattice$Imports
$Packages$lattice$Imports[[1]]
[1] "grid"

$Packages$lattice$Imports[[2]]
[1] "grDevices"

$Packages$lattice$Imports[[3]]
[1] "graphics"

$Packages$lattice$Imports[[4]]
[1] "stats"

$Packages$lattice$Imports[[5]]
[1] "utils"


$Packages$lattice$Enhances
$Packages$lattice$Enhances[[1]]
[1] "chron"

$Packages$lattice$Enhances[[2]]
[1] "zoo"


$Packages$lattice$LazyLoad
[1] "yes"

$Packages$lattice$LazyData
[1] "yes"

$Packages$lattice$License
[1] "GPL (>= 2)"

$Packages$lattice$URL
[1] "https://lattice.r-forge.r-project.org/"

$Packages$lattice$BugReports
[1] "https://github.com/deepayan/lattice/issues"

$Packages$lattice$NeedsCompilation
[1] "yes"

$Packages$lattice$Author
[1] "Deepayan Sarkar [aut, cre] (ORCID: <https://orcid.org/0000-0003-4107-1553>), Felix Andrews [ctb], Kevin Wright [ctb] (documentation), Neil Klepeis [ctb], Johan Larsson [ctb] (miscellaneous improvements), Zhijian (Jason) Wen [cph] (filled contour code), Paul Murrell [ctb], Stefan Eng [ctb] (violin plot improvements), Achim Zeileis [ctb] (modern colors), Alexandre Courtiol [ctb] (generics for larrows, lpolygon, lrect and lsegments)"

$Packages$lattice$Maintainer
[1] "Deepayan Sarkar <deepayan.sarkar@r-project.org>"

$Packages$lattice$Repository
[1] "CRAN"


$Packages$rematch
$Packages$rematch$Package
[1] "rematch"

$Packages$rematch$Version
[1] "2.0.0"

$Packages$rematch$Source
[1] "Repository"

$Packages$rematch$Title
[1] "Match Regular Expressions with a Nicer 'API'"

$Packages$rematch$Author
[1] "Gabor Csardi"

$Packages$rematch$Maintainer
[1] "Gabor Csardi <csardi.gabor@gmail.com>"

$Packages$rematch$Description
[1] "A small wrapper on 'regexpr' to extract the matches and captured groups from the match of a regular expression to a character vector."

$Packages$rematch$License
[1] "MIT + file LICENSE"

$Packages$rematch$URL
[1] "https://github.com/gaborcsardi/rematch"

$Packages$rematch$BugReports
[1] "https://github.com/gaborcsardi/rematch/issues"

$Packages$rematch$RoxygenNote
[1] "5.0.1.9000"

$Packages$rematch$Suggests
$Packages$rematch$Suggests[[1]]
[1] "covr"

$Packages$rematch$Suggests[[2]]
[1] "testthat"


$Packages$rematch$Encoding
[1] "UTF-8"

$Packages$rematch$NeedsCompilation
[1] "no"

$Packages$rematch$Repository
[1] "CRAN"


$Packages$hms
$Packages$hms$Package
[1] "hms"

$Packages$hms$Version
[1] "1.1.4"

$Packages$hms$Source
[1] "Repository"

$Packages$hms$Title
[1] "Pretty Time of Day"

$Packages$hms$Date
[1] "2025-10-11"

$Packages$hms$`Authors@R`
[1] "c( person(\"Kirill\", \"Müller\", , \"kirill@cynkra.com\", role = c(\"aut\", \"cre\"), comment = c(ORCID = \"0000-0002-1416-3412\")), person(\"R Consortium\", role = \"fnd\"), person(\"Posit Software, PBC\", role = \"fnd\", comment = c(ROR = \"03wc8by49\")) )"

$Packages$hms$Description
[1] "Implements an S3 class for storing and formatting time-of-day values, based on the 'difftime' class."

$Packages$hms$License
[1] "MIT + file LICENSE"

$Packages$hms$URL
[1] "https://hms.tidyverse.org/, https://github.com/tidyverse/hms"

$Packages$hms$BugReports
[1] "https://github.com/tidyverse/hms/issues"

$Packages$hms$Imports
$Packages$hms$Imports[[1]]
[1] "cli"

$Packages$hms$Imports[[2]]
[1] "lifecycle"

$Packages$hms$Imports[[3]]
[1] "methods"

$Packages$hms$Imports[[4]]
[1] "pkgconfig"

$Packages$hms$Imports[[5]]
[1] "rlang (>= 1.0.2)"

$Packages$hms$Imports[[6]]
[1] "vctrs (>= 0.3.8)"


$Packages$hms$Suggests
$Packages$hms$Suggests[[1]]
[1] "crayon"

$Packages$hms$Suggests[[2]]
[1] "lubridate"

$Packages$hms$Suggests[[3]]
[1] "pillar (>= 1.1.0)"

$Packages$hms$Suggests[[4]]
[1] "testthat (>= 3.0.0)"


$Packages$hms$`Config/Needs/website`
[1] "tidyverse/tidytemplate"

$Packages$hms$`Config/testthat/edition`
[1] "3"

$Packages$hms$Encoding
[1] "UTF-8"

$Packages$hms$RoxygenNote
[1] "7.3.3.9000"

$Packages$hms$NeedsCompilation
[1] "no"

$Packages$hms$Author
[1] "Kirill Müller [aut, cre] (ORCID: <https://orcid.org/0000-0002-1416-3412>), R Consortium [fnd], Posit Software, PBC [fnd] (ROR: <https://ror.org/03wc8by49>)"

$Packages$hms$Maintainer
[1] "Kirill Müller <kirill@cynkra.com>"

$Packages$hms$Repository
[1] "CRAN"


$Packages$digest
$Packages$digest$Package
[1] "digest"

$Packages$digest$Version
[1] "0.6.39"

$Packages$digest$Source
[1] "Repository"

$Packages$digest$`Authors@R`
[1] "c(person(\"Dirk\", \"Eddelbuettel\", role = c(\"aut\", \"cre\"), email = \"edd@debian.org\", comment = c(ORCID = \"0000-0001-6419-907X\")), person(\"Antoine\", \"Lucas\", role=\"ctb\", comment = c(ORCID = \"0000-0002-8059-9767\")), person(\"Jarek\", \"Tuszynski\", role=\"ctb\"), person(\"Henrik\", \"Bengtsson\", role=\"ctb\", comment = c(ORCID = \"0000-0002-7579-5165\")), person(\"Simon\", \"Urbanek\", role=\"ctb\", comment = c(ORCID = \"0000-0003-2297-1732\")), person(\"Mario\", \"Frasca\", role=\"ctb\"), person(\"Bryan\", \"Lewis\", role=\"ctb\"), person(\"Murray\", \"Stokely\", role=\"ctb\"), person(\"Hannes\", \"Muehleisen\", role=\"ctb\", comment = c(ORCID = \"0000-0001-8552-0029\")), person(\"Duncan\", \"Murdoch\", role=\"ctb\"), person(\"Jim\", \"Hester\", role=\"ctb\", comment = c(ORCID = \"0000-0002-2739-7082\")), person(\"Wush\", \"Wu\", role=\"ctb\", comment = c(ORCID = \"0000-0001-5180-0567\")), person(\"Qiang\", \"Kou\", role=\"ctb\", comment = c(ORCID = \"0000-0001-6786-5453\")), person(\"Thierry\", \"Onkelinx\", role=\"ctb\", comment = c(ORCID = \"0000-0001-8804-4216\")), person(\"Michel\", \"Lang\", role=\"ctb\", comment = c(ORCID = \"0000-0001-9754-0393\")), person(\"Viliam\", \"Simko\", role=\"ctb\"), person(\"Kurt\", \"Hornik\", role=\"ctb\", comment = c(ORCID = \"0000-0003-4198-9911\")), person(\"Radford\", \"Neal\", role=\"ctb\", comment = c(ORCID = \"0000-0002-2473-3407\")), person(\"Kendon\", \"Bell\", role=\"ctb\", comment = c(ORCID = \"0000-0002-9093-8312\")), person(\"Matthew\", \"de Queljoe\", role=\"ctb\"), person(\"Dmitry\", \"Selivanov\", role=\"ctb\", comment = c(ORCID = \"0000-0003-0492-6647\")), person(\"Ion\", \"Suruceanu\", role=\"ctb\", comment = c(ORCID = \"0009-0005-6446-4909\")), person(\"Bill\", \"Denney\", role=\"ctb\", comment = c(ORCID = \"0000-0002-5759-428X\")), person(\"Dirk\", \"Schumacher\", role=\"ctb\"), person(\"András\", \"Svraka\", role=\"ctb\", comment = c(ORCID = \"0009-0008-8480-1329\")), person(\"Sergey\", \"Fedorov\", role=\"ctb\", comment = c(ORCID = \"0000-0002-5970-7233\")), person(\"Will\", \"Landau\", role=\"ctb\", comment = c(ORCID = \"0000-0003-1878-3253\")), person(\"Floris\", \"Vanderhaeghe\", role=\"ctb\", comment = c(ORCID = \"0000-0002-6378-6229\")), person(\"Kevin\", \"Tappe\", role=\"ctb\"), person(\"Harris\", \"McGehee\", role=\"ctb\"), person(\"Tim\", \"Mastny\", role=\"ctb\"), person(\"Aaron\", \"Peikert\", role=\"ctb\", comment = c(ORCID = \"0000-0001-7813-818X\")), person(\"Mark\", \"van der Loo\", role=\"ctb\", comment = c(ORCID = \"0000-0002-9807-4686\")), person(\"Chris\", \"Muir\", role=\"ctb\", comment = c(ORCID = \"0000-0003-2555-3878\")), person(\"Moritz\", \"Beller\", role=\"ctb\", comment = c(ORCID = \"0000-0003-4852-0526\")), person(\"Sebastian\", \"Campbell\", role=\"ctb\", comment = c(ORCID = \"0009-0000-5948-4503\")), person(\"Winston\", \"Chang\", role=\"ctb\", comment = c(ORCID = \"0000-0002-1576-2126\")), person(\"Dean\", \"Attali\", role=\"ctb\", comment = c(ORCID = \"0000-0002-5645-3493\")), person(\"Michael\", \"Chirico\", role=\"ctb\", comment = c(ORCID = \"0000-0003-0787-087X\")), person(\"Kevin\", \"Ushey\", role=\"ctb\", comment = c(ORCID = \"0000-0003-2880-7407\")), person(\"Carl\", \"Pearson\", role=\"ctb\", comment = c(ORCID = \"0000-0003-0701-7860\")))"

$Packages$digest$Date
[1] "2025-11-19"

$Packages$digest$Title
[1] "Create Compact Hash Digests of R Objects"

$Packages$digest$Description
[1] "Implementation of a function 'digest()' for the creation of hash digests of arbitrary R objects (using the 'md5', 'sha-1', 'sha-256', 'crc32', 'xxhash', 'murmurhash', 'spookyhash', 'blake3', 'crc32c', 'xxh3_64', and 'xxh3_128' algorithms) permitting easy comparison of R language objects, as well as functions such as 'hmac()' to create hash-based message authentication code. Please note that this package is not meant to be deployed for cryptographic purposes for which more comprehensive (and widely tested) libraries such as 'OpenSSL' should be used."

$Packages$digest$URL
[1] "https://github.com/eddelbuettel/digest, https://eddelbuettel.github.io/digest/, https://dirk.eddelbuettel.com/code/digest.html"

$Packages$digest$BugReports
[1] "https://github.com/eddelbuettel/digest/issues"

$Packages$digest$Depends
$Packages$digest$Depends[[1]]
[1] "R (>= 3.3.0)"


$Packages$digest$Imports
$Packages$digest$Imports[[1]]
[1] "utils"


$Packages$digest$License
[1] "GPL (>= 2)"

$Packages$digest$Suggests
$Packages$digest$Suggests[[1]]
[1] "tinytest"

$Packages$digest$Suggests[[2]]
[1] "simplermarkdown"

$Packages$digest$Suggests[[3]]
[1] "rbenchmark"


$Packages$digest$VignetteBuilder
[1] "simplermarkdown"

$Packages$digest$Encoding
[1] "UTF-8"

$Packages$digest$NeedsCompilation
[1] "yes"

$Packages$digest$Author
[1] "Dirk Eddelbuettel [aut, cre] (ORCID: <https://orcid.org/0000-0001-6419-907X>), Antoine Lucas [ctb] (ORCID: <https://orcid.org/0000-0002-8059-9767>), Jarek Tuszynski [ctb], Henrik Bengtsson [ctb] (ORCID: <https://orcid.org/0000-0002-7579-5165>), Simon Urbanek [ctb] (ORCID: <https://orcid.org/0000-0003-2297-1732>), Mario Frasca [ctb], Bryan Lewis [ctb], Murray Stokely [ctb], Hannes Muehleisen [ctb] (ORCID: <https://orcid.org/0000-0001-8552-0029>), Duncan Murdoch [ctb], Jim Hester [ctb] (ORCID: <https://orcid.org/0000-0002-2739-7082>), Wush Wu [ctb] (ORCID: <https://orcid.org/0000-0001-5180-0567>), Qiang Kou [ctb] (ORCID: <https://orcid.org/0000-0001-6786-5453>), Thierry Onkelinx [ctb] (ORCID: <https://orcid.org/0000-0001-8804-4216>), Michel Lang [ctb] (ORCID: <https://orcid.org/0000-0001-9754-0393>), Viliam Simko [ctb], Kurt Hornik [ctb] (ORCID: <https://orcid.org/0000-0003-4198-9911>), Radford Neal [ctb] (ORCID: <https://orcid.org/0000-0002-2473-3407>), Kendon Bell [ctb] (ORCID: <https://orcid.org/0000-0002-9093-8312>), Matthew de Queljoe [ctb], Dmitry Selivanov [ctb] (ORCID: <https://orcid.org/0000-0003-0492-6647>), Ion Suruceanu [ctb] (ORCID: <https://orcid.org/0009-0005-6446-4909>), Bill Denney [ctb] (ORCID: <https://orcid.org/0000-0002-5759-428X>), Dirk Schumacher [ctb], András Svraka [ctb] (ORCID: <https://orcid.org/0009-0008-8480-1329>), Sergey Fedorov [ctb] (ORCID: <https://orcid.org/0000-0002-5970-7233>), Will Landau [ctb] (ORCID: <https://orcid.org/0000-0003-1878-3253>), Floris Vanderhaeghe [ctb] (ORCID: <https://orcid.org/0000-0002-6378-6229>), Kevin Tappe [ctb], Harris McGehee [ctb], Tim Mastny [ctb], Aaron Peikert [ctb] (ORCID: <https://orcid.org/0000-0001-7813-818X>), Mark van der Loo [ctb] (ORCID: <https://orcid.org/0000-0002-9807-4686>), Chris Muir [ctb] (ORCID: <https://orcid.org/0000-0003-2555-3878>), Moritz Beller [ctb] (ORCID: <https://orcid.org/0000-0003-4852-0526>), Sebastian Campbell [ctb] (ORCID: <https://orcid.org/0009-0000-5948-4503>), Winston Chang [ctb] (ORCID: <https://orcid.org/0000-0002-1576-2126>), Dean Attali [ctb] (ORCID: <https://orcid.org/0000-0002-5645-3493>), Michael Chirico [ctb] (ORCID: <https://orcid.org/0000-0003-0787-087X>), Kevin Ushey [ctb] (ORCID: <https://orcid.org/0000-0003-2880-7407>), Carl Pearson [ctb] (ORCID: <https://orcid.org/0000-0003-0701-7860>)"

$Packages$digest$Maintainer
[1] "Dirk Eddelbuettel <edd@debian.org>"

$Packages$digest$Repository
[1] "CRAN"


$Packages$magrittr
$Packages$magrittr$Package
[1] "magrittr"

$Packages$magrittr$Version
[1] "2.0.5"

$Packages$magrittr$Source
[1] "Repository"

$Packages$magrittr$Type
[1] "Package"

$Packages$magrittr$Title
[1] "A Forward-Pipe Operator for R"

$Packages$magrittr$`Authors@R`
[1] "c( person(\"Stefan Milton\", \"Bache\", , \"stefan@stefanbache.dk\", role = c(\"aut\", \"cph\"), comment = \"Original author and creator of magrittr\"), person(\"Hadley\", \"Wickham\", , \"hadley@posit.co\", role = \"aut\"), person(\"Lionel\", \"Henry\", , \"lionel@posit.co\", role = \"cre\"), person(\"Posit Software, PBC\", role = c(\"cph\", \"fnd\"), comment = c(ROR = \"03wc8by49\")) )"

$Packages$magrittr$Description
[1] "Provides a mechanism for chaining commands with a new forward-pipe operator, %>%. This operator will forward a value, or the result of an expression, into the next function call/expression. There is flexible support for the type of right-hand side expressions. For more information, see package vignette.  To quote Rene Magritte, \"Ceci n'est pas un pipe.\""

$Packages$magrittr$License
[1] "MIT + file LICENSE"

$Packages$magrittr$URL
[1] "https://magrittr.tidyverse.org, https://github.com/tidyverse/magrittr"

$Packages$magrittr$BugReports
[1] "https://github.com/tidyverse/magrittr/issues"

$Packages$magrittr$Depends
$Packages$magrittr$Depends[[1]]
[1] "R (>= 3.4.0)"


$Packages$magrittr$Suggests
$Packages$magrittr$Suggests[[1]]
[1] "covr"

$Packages$magrittr$Suggests[[2]]
[1] "knitr"

$Packages$magrittr$Suggests[[3]]
[1] "rlang"

$Packages$magrittr$Suggests[[4]]
[1] "rmarkdown"

$Packages$magrittr$Suggests[[5]]
[1] "testthat"


$Packages$magrittr$VignetteBuilder
[1] "knitr"

$Packages$magrittr$ByteCompile
[1] "Yes"

$Packages$magrittr$`Config/Needs/website`
[1] "tidyverse/tidytemplate"

$Packages$magrittr$Encoding
[1] "UTF-8"

$Packages$magrittr$RoxygenNote
[1] "7.3.3"

$Packages$magrittr$NeedsCompilation
[1] "yes"

$Packages$magrittr$Author
[1] "Stefan Milton Bache [aut, cph] (Original author and creator of magrittr), Hadley Wickham [aut], Lionel Henry [cre], Posit Software, PBC [cph, fnd] (ROR: <https://ror.org/03wc8by49>)"

$Packages$magrittr$Maintainer
[1] "Lionel Henry <lionel@posit.co>"

$Packages$magrittr$Repository
[1] "CRAN"


$Packages$RcppEigen
$Packages$RcppEigen$Package
[1] "RcppEigen"

$Packages$RcppEigen$Version
[1] "0.3.4.0.2"

$Packages$RcppEigen$Source
[1] "Repository"

$Packages$RcppEigen$Type
[1] "Package"

$Packages$RcppEigen$Title
[1] "'Rcpp' Integration for the 'Eigen' Templated Linear Algebra Library"

$Packages$RcppEigen$Date
[1] "2024-08-23"

$Packages$RcppEigen$`Authors@R`
[1] "c(person(\"Doug\", \"Bates\", role = \"aut\", comment = c(ORCID = \"0000-0001-8316-9503\")), person(\"Dirk\", \"Eddelbuettel\", role = c(\"aut\", \"cre\"), email = \"edd@debian.org\", comment = c(ORCID = \"0000-0001-6419-907X\")), person(\"Romain\", \"Francois\", role = \"aut\", comment = c(ORCID = \"0000-0002-2444-4226\")), person(\"Yixuan\", \"Qiu\", role = \"aut\", comment = c(ORCID = \"0000-0003-0109-6692\")), person(\"Authors of\", \"Eigen\", role = \"cph\", comment = \"Authorship and copyright in included Eigen library as detailed in inst/COPYRIGHTS\"))"

$Packages$RcppEigen$Copyright
[1] "See the file COPYRIGHTS for various Eigen copyright details"

$Packages$RcppEigen$Description
[1] "R and 'Eigen' integration using 'Rcpp'. 'Eigen' is a C++ template library for linear algebra: matrices, vectors, numerical solvers and related algorithms.  It supports dense and sparse matrices on integer, floating point and complex numbers, decompositions of such matrices, and solutions of linear systems. Its performance on many algorithms is comparable with some of the best implementations based on 'Lapack' and level-3 'BLAS'. The 'RcppEigen' package includes the header files from the 'Eigen' C++ template library. Thus users do not need to install 'Eigen' itself in order to use 'RcppEigen'. Since version 3.1.1, 'Eigen' is licensed under the Mozilla Public License (version 2); earlier version were licensed under the GNU LGPL version 3 or later. 'RcppEigen' (the 'Rcpp' bindings/bridge to 'Eigen') is licensed under the GNU GPL version 2 or later, as is the rest of 'Rcpp'."

$Packages$RcppEigen$License
[1] "GPL (>= 2) | file LICENSE"

$Packages$RcppEigen$LazyLoad
[1] "yes"

$Packages$RcppEigen$Depends
$Packages$RcppEigen$Depends[[1]]
[1] "R (>= 3.6.0)"


$Packages$RcppEigen$LinkingTo
$Packages$RcppEigen$LinkingTo[[1]]
[1] "Rcpp"


$Packages$RcppEigen$Imports
$Packages$RcppEigen$Imports[[1]]
[1] "Rcpp (>= 0.11.0)"

$Packages$RcppEigen$Imports[[2]]
[1] "stats"

$Packages$RcppEigen$Imports[[3]]
[1] "utils"


$Packages$RcppEigen$Suggests
$Packages$RcppEigen$Suggests[[1]]
[1] "Matrix"

$Packages$RcppEigen$Suggests[[2]]
[1] "inline"

$Packages$RcppEigen$Suggests[[3]]
[1] "tinytest"

$Packages$RcppEigen$Suggests[[4]]
[1] "pkgKitten"

$Packages$RcppEigen$Suggests[[5]]
[1] "microbenchmark"


$Packages$RcppEigen$URL
[1] "https://github.com/RcppCore/RcppEigen, https://dirk.eddelbuettel.com/code/rcpp.eigen.html"

$Packages$RcppEigen$BugReports
[1] "https://github.com/RcppCore/RcppEigen/issues"

$Packages$RcppEigen$NeedsCompilation
[1] "yes"

$Packages$RcppEigen$Author
[1] "Doug Bates [aut] (<https://orcid.org/0000-0001-8316-9503>), Dirk Eddelbuettel [aut, cre] (<https://orcid.org/0000-0001-6419-907X>), Romain Francois [aut] (<https://orcid.org/0000-0002-2444-4226>), Yixuan Qiu [aut] (<https://orcid.org/0000-0003-0109-6692>), Authors of Eigen [cph] (Authorship and copyright in included Eigen library as detailed in inst/COPYRIGHTS)"

$Packages$RcppEigen$Maintainer
[1] "Dirk Eddelbuettel <edd@debian.org>"

$Packages$RcppEigen$Repository
[1] "CRAN"


$Packages$cellranger
$Packages$cellranger$Package
[1] "cellranger"

$Packages$cellranger$Version
[1] "1.1.0"

$Packages$cellranger$Source
[1] "Repository"

$Packages$cellranger$Title
[1] "Translate Spreadsheet Cell Ranges to Rows and Columns"

$Packages$cellranger$`Authors@R`
[1] "c( person(\"Jennifer\", \"Bryan\", , \"jenny@stat.ubc.ca\", c(\"cre\", \"aut\")), person(\"Hadley\", \"Wickham\", , \"hadley@rstudio.com\", \"ctb\") )"

$Packages$cellranger$Description
[1] "Helper functions to work with spreadsheets and the \"A1:D10\" style of cell range specification."

$Packages$cellranger$Depends
$Packages$cellranger$Depends[[1]]
[1] "R (>= 3.0.0)"


$Packages$cellranger$License
[1] "MIT + file LICENSE"

$Packages$cellranger$LazyData
[1] "true"

$Packages$cellranger$URL
[1] "https://github.com/rsheets/cellranger"

$Packages$cellranger$BugReports
[1] "https://github.com/rsheets/cellranger/issues"

$Packages$cellranger$Suggests
$Packages$cellranger$Suggests[[1]]
[1] "covr"

$Packages$cellranger$Suggests[[2]]
[1] "testthat (>= 1.0.0)"

$Packages$cellranger$Suggests[[3]]
[1] "knitr"

$Packages$cellranger$Suggests[[4]]
[1] "rmarkdown"


$Packages$cellranger$RoxygenNote
[1] "5.0.1.9000"

$Packages$cellranger$VignetteBuilder
[1] "knitr"

$Packages$cellranger$Imports
$Packages$cellranger$Imports[[1]]
[1] "rematch"

$Packages$cellranger$Imports[[2]]
[1] "tibble"


$Packages$cellranger$NeedsCompilation
[1] "no"

$Packages$cellranger$Author
[1] "Jennifer Bryan [cre, aut], Hadley Wickham [ctb]"

$Packages$cellranger$Maintainer
[1] "Jennifer Bryan <jenny@stat.ubc.ca>"

$Packages$cellranger$Repository
[1] "CRAN"


$Packages$Matrix
$Packages$Matrix$Package
[1] "Matrix"

$Packages$Matrix$Version
[1] "1.7-5"

$Packages$Matrix$Source
[1] "Repository"

$Packages$Matrix$VersionNote
[1] "do also bump src/version.h, inst/include/Matrix/version.h"

$Packages$Matrix$Date
[1] "2026-03-20"

$Packages$Matrix$Priority
[1] "recommended"

$Packages$Matrix$Title
[1] "Sparse and Dense Matrix Classes and Methods"

$Packages$Matrix$Description
[1] "A rich hierarchy of sparse and dense matrix classes, including general, symmetric, triangular, and diagonal matrices with numeric, logical, or pattern entries.  Efficient methods for operating on such matrices, often wrapping the 'BLAS', 'LAPACK', and 'SuiteSparse' libraries."

$Packages$Matrix$License
[1] "GPL (>= 2) | file LICENCE"

$Packages$Matrix$URL
[1] "https://Matrix.R-forge.R-project.org"

$Packages$Matrix$BugReports
[1] "https://R-forge.R-project.org/tracker/?atid=294&group_id=61"

$Packages$Matrix$Contact
[1] "Matrix-authors@R-project.org"

$Packages$Matrix$`Authors@R`
[1] "c(person(\"Douglas\", \"Bates\", role = \"aut\", comment = c(ORCID = \"0000-0001-8316-9503\")), person(\"Martin\", \"Maechler\", role = c(\"aut\", \"cre\"), email = \"mmaechler+Matrix@gmail.com\", comment = c(ORCID = \"0000-0002-8685-9910\")), person(\"Mikael\", \"Jagan\", role = \"aut\", comment = c(ORCID = \"0000-0002-3542-2938\")), person(\"Timothy A.\", \"Davis\", role = \"ctb\", comment = c(ORCID = \"0000-0001-7614-6899\", \"SuiteSparse libraries\", \"collaborators listed in dir(system.file(\\\"doc\\\", \\\"SuiteSparse\\\", package=\\\"Matrix\\\"), pattern=\\\"License\\\", full.names=TRUE, recursive=TRUE)\")), person(\"George\", \"Karypis\", role = \"ctb\", comment = c(ORCID = \"0000-0003-2753-1437\", \"METIS library\", \"Copyright: Regents of the University of Minnesota\")), person(\"Jason\", \"Riedy\", role = \"ctb\", comment = c(ORCID = \"0000-0002-4345-4200\", \"GNU Octave's condest() and onenormest()\", \"Copyright: Regents of the University of California\")), person(\"Jens\", \"Oehlschlägel\", role = \"ctb\", comment = \"initial nearPD()\"), person(\"R Core Team\", role = \"ctb\", comment = c(ROR = \"02zz1nj61\", \"base R's matrix implementation\")))"

$Packages$Matrix$Depends
$Packages$Matrix$Depends[[1]]
[1] "R (>= 4.4)"

$Packages$Matrix$Depends[[2]]
[1] "methods"


$Packages$Matrix$Imports
$Packages$Matrix$Imports[[1]]
[1] "grDevices"

$Packages$Matrix$Imports[[2]]
[1] "graphics"

$Packages$Matrix$Imports[[3]]
[1] "grid"

$Packages$Matrix$Imports[[4]]
[1] "lattice"

$Packages$Matrix$Imports[[5]]
[1] "stats"

$Packages$Matrix$Imports[[6]]
[1] "utils"


$Packages$Matrix$Suggests
$Packages$Matrix$Suggests[[1]]
[1] "MASS"

$Packages$Matrix$Suggests[[2]]
[1] "datasets"

$Packages$Matrix$Suggests[[3]]
[1] "sfsmisc"

$Packages$Matrix$Suggests[[4]]
[1] "tools"


$Packages$Matrix$Enhances
$Packages$Matrix$Enhances[[1]]
[1] "SparseM"

$Packages$Matrix$Enhances[[2]]
[1] "graph"


$Packages$Matrix$LazyData
[1] "no"

$Packages$Matrix$LazyDataNote
[1] "not possible, since we use data/*.R and our S4 classes"

$Packages$Matrix$BuildResaveData
[1] "no"

$Packages$Matrix$Encoding
[1] "UTF-8"

$Packages$Matrix$NeedsCompilation
[1] "yes"

$Packages$Matrix$Author
[1] "Douglas Bates [aut] (ORCID: <https://orcid.org/0000-0001-8316-9503>), Martin Maechler [aut, cre] (ORCID: <https://orcid.org/0000-0002-8685-9910>), Mikael Jagan [aut] (ORCID: <https://orcid.org/0000-0002-3542-2938>), Timothy A. Davis [ctb] (ORCID: <https://orcid.org/0000-0001-7614-6899>, SuiteSparse libraries, collaborators listed in dir(system.file(\"doc\", \"SuiteSparse\", package=\"Matrix\"), pattern=\"License\", full.names=TRUE, recursive=TRUE)), George Karypis [ctb] (ORCID: <https://orcid.org/0000-0003-2753-1437>, METIS library, Copyright: Regents of the University of Minnesota), Jason Riedy [ctb] (ORCID: <https://orcid.org/0000-0002-4345-4200>, GNU Octave's condest() and onenormest(), Copyright: Regents of the University of California), Jens Oehlschlägel [ctb] (initial nearPD()), R Core Team [ctb] (ROR: <https://ror.org/02zz1nj61>, base R's matrix implementation)"

$Packages$Matrix$Maintainer
[1] "Martin Maechler <mmaechler+Matrix@gmail.com>"

$Packages$Matrix$Repository
[1] "CRAN"


$Packages$progress
$Packages$progress$Package
[1] "progress"

$Packages$progress$Version
[1] "1.2.3"

$Packages$progress$Source
[1] "Repository"

$Packages$progress$Title
[1] "Terminal Progress Bars"

$Packages$progress$`Authors@R`
[1] "c( person(\"Gábor\", \"Csárdi\", , \"csardi.gabor@gmail.com\", role = c(\"aut\", \"cre\")), person(\"Rich\", \"FitzJohn\", role = \"aut\"), person(\"Posit Software, PBC\", role = c(\"cph\", \"fnd\")) )"

$Packages$progress$Description
[1] "Configurable Progress bars, they may include percentage, elapsed time, and/or the estimated completion time. They work in terminals, in 'Emacs' 'ESS', 'RStudio', 'Windows' 'Rgui' and the 'macOS' 'R.app'. The package also provides a 'C++' 'API', that works with or without 'Rcpp'."

$Packages$progress$License
[1] "MIT + file LICENSE"

$Packages$progress$URL
[1] "https://github.com/r-lib/progress#readme, http://r-lib.github.io/progress/"

$Packages$progress$BugReports
[1] "https://github.com/r-lib/progress/issues"

$Packages$progress$Depends
$Packages$progress$Depends[[1]]
[1] "R (>= 3.6)"


$Packages$progress$Imports
$Packages$progress$Imports[[1]]
[1] "crayon"

$Packages$progress$Imports[[2]]
[1] "hms"

$Packages$progress$Imports[[3]]
[1] "prettyunits"

$Packages$progress$Imports[[4]]
[1] "R6"


$Packages$progress$Suggests
$Packages$progress$Suggests[[1]]
[1] "Rcpp"

$Packages$progress$Suggests[[2]]
[1] "testthat (>= 3.0.0)"

$Packages$progress$Suggests[[3]]
[1] "withr"


$Packages$progress$`Config/Needs/website`
[1] "tidyverse/tidytemplate"

$Packages$progress$`Config/testthat/edition`
[1] "3"

$Packages$progress$Encoding
[1] "UTF-8"

$Packages$progress$RoxygenNote
[1] "7.2.3"

$Packages$progress$NeedsCompilation
[1] "no"

$Packages$progress$Author
[1] "Gábor Csárdi [aut, cre], Rich FitzJohn [aut], Posit Software, PBC [cph, fnd]"

$Packages$progress$Maintainer
[1] "Gábor Csárdi <csardi.gabor@gmail.com>"

$Packages$progress$Repository
[1] "CRAN"


$Packages$nnet
$Packages$nnet$Package
[1] "nnet"

$Packages$nnet$Version
[1] "7.3-20"

$Packages$nnet$Source
[1] "Repository"

$Packages$nnet$Priority
[1] "recommended"

$Packages$nnet$Date
[1] "2025-01-01"

$Packages$nnet$Depends
$Packages$nnet$Depends[[1]]
[1] "R (>= 3.0.0)"

$Packages$nnet$Depends[[2]]
[1] "stats"

$Packages$nnet$Depends[[3]]
[1] "utils"


$Packages$nnet$Suggests
$Packages$nnet$Suggests[[1]]
[1] "MASS"


$Packages$nnet$`Authors@R`
[1] "c(person(\"Brian\", \"Ripley\", role = c(\"aut\", \"cre\", \"cph\"), email = \"Brian.Ripley@R-project.org\"), person(\"William\", \"Venables\", role = \"cph\"))"

$Packages$nnet$Description
[1] "Software for feed-forward neural networks with a single hidden layer, and for multinomial log-linear models."

$Packages$nnet$Title
[1] "Feed-Forward Neural Networks and Multinomial Log-Linear Models"

$Packages$nnet$ByteCompile
[1] "yes"

$Packages$nnet$License
[1] "GPL-2 | GPL-3"

$Packages$nnet$URL
[1] "http://www.stats.ox.ac.uk/pub/MASS4/"

$Packages$nnet$NeedsCompilation
[1] "yes"

$Packages$nnet$Author
[1] "Brian Ripley [aut, cre, cph], William Venables [cph]"

$Packages$nnet$Maintainer
[1] "Brian Ripley <Brian.Ripley@R-project.org>"

$Packages$nnet$Repository
[1] "CRAN"


$Packages$Formula
$Packages$Formula$Package
[1] "Formula"

$Packages$Formula$Version
[1] "1.2-6"

$Packages$Formula$Source
[1] "Repository"

$Packages$Formula$Date
[1] "2026-08-01"

$Packages$Formula$Title
[1] "Extended Model Formulas"

$Packages$Formula$Description
[1] "Infrastructure for extended formulas with multiple parts on the right-hand side and/or multiple responses on the left-hand side (see <doi:10.18637/jss.v034.i01>)."

$Packages$Formula$`Authors@R`
[1] "c(person(given = \"Achim\", family = \"Zeileis\", role = c(\"aut\", \"cre\"), email = \"Achim.Zeileis@R-project.org\", comment = c(ORCID = \"0000-0003-0918-3766\")), person(given = \"Yves\", family = \"Croissant\", role = \"aut\", email = \"Yves.Croissant@univ-reunion.fr\", comment = c(ORCID = \"0000-0002-4857-7736\")))"

$Packages$Formula$Depends
$Packages$Formula$Depends[[1]]
[1] "R (>= 2.0.0)"

$Packages$Formula$Depends[[2]]
[1] "stats"


$Packages$Formula$Suggests
$Packages$Formula$Suggests[[1]]
[1] "knitr"

$Packages$Formula$Suggests[[2]]
[1] "rmarkdown"


$Packages$Formula$License
[1] "GPL-2 | GPL-3"

$Packages$Formula$VignetteBuilder
[1] "knitr"

$Packages$Formula$URL
[1] "https://zeileis.codeberg.page/Formula/"

$Packages$Formula$BugReports
[1] "https://codeberg.org/zeileis/Formula/issues"

$Packages$Formula$NeedsCompilation
[1] "no"

$Packages$Formula$Author
[1] "Achim Zeileis [aut, cre] (ORCID: <https://orcid.org/0000-0003-0918-3766>), Yves Croissant [aut] (ORCID: <https://orcid.org/0000-0002-4857-7736>)"

$Packages$Formula$Maintainer
[1] "Achim Zeileis <Achim.Zeileis@R-project.org>"

$Packages$Formula$Repository
[1] "CRAN"


$Packages$survival
$Packages$survival$Package
[1] "survival"

$Packages$survival$Version
[1] "3.8-6"

$Packages$survival$Source
[1] "Repository"

$Packages$survival$Title
[1] "Survival Analysis"

$Packages$survival$Priority
[1] "recommended"

$Packages$survival$Date
[1] "2026-01-09"

$Packages$survival$Depends
$Packages$survival$Depends[[1]]
[1] "R (>= 3.5.0)"


$Packages$survival$Imports
$Packages$survival$Imports[[1]]
[1] "graphics"

$Packages$survival$Imports[[2]]
[1] "Matrix"

$Packages$survival$Imports[[3]]
[1] "methods"

$Packages$survival$Imports[[4]]
[1] "splines"

$Packages$survival$Imports[[5]]
[1] "stats"

$Packages$survival$Imports[[6]]
[1] "utils"


$Packages$survival$LazyData
[1] "Yes"

$Packages$survival$LazyDataCompression
[1] "xz"

$Packages$survival$ByteCompile
[1] "Yes"

$Packages$survival$`Authors@R`
[1] "c(person(c(\"Terry\", \"M\"), \"Therneau\", email=\"therneau.terry@mayo.edu\", role=c(\"aut\", \"cre\")), person(\"Thomas\", \"Lumley\", role=c(\"ctb\", \"trl\"), comment=\"original S->R port and R maintainer until 2009\"), person(\"Atkinson\", \"Elizabeth\", role=\"ctb\"), person(\"Crowson\", \"Cynthia\", role=\"ctb\"))"

$Packages$survival$Description
[1] "Contains the core survival analysis routines, including definition of Surv objects,  Kaplan-Meier and Aalen-Johansen (multi-state) curves, Cox models, and parametric accelerated failure time models."

$Packages$survival$License
[1] "LGPL (>= 2)"

$Packages$survival$URL
[1] "https://github.com/therneau/survival"

$Packages$survival$NeedsCompilation
[1] "yes"

$Packages$survival$Author
[1] "Terry M Therneau [aut, cre], Thomas Lumley [ctb, trl] (original S->R port and R maintainer until 2009), Atkinson Elizabeth [ctb], Crowson Cynthia [ctb]"

$Packages$survival$Maintainer
[1] "Terry M Therneau <therneau.terry@mayo.edu>"

$Packages$survival$Repository
[1] "CRAN"


$Packages$cpp11
$Packages$cpp11$Package
[1] "cpp11"

$Packages$cpp11$Version
[1] "0.5.5"

$Packages$cpp11$Source
[1] "Repository"

$Packages$cpp11$Title
[1] "A C++11 Interface for R's C Interface"

$Packages$cpp11$`Authors@R`
[1] "c( person(\"Davis\", \"Vaughan\", email = \"davis@posit.co\", role = c(\"aut\", \"cre\"), comment = c(ORCID = \"0000-0003-4777-038X\")), person(\"Jim\",\"Hester\", role = \"aut\", comment = c(ORCID = \"0000-0002-2739-7082\")), person(\"Romain\", \"François\", role = \"aut\", comment = c(ORCID = \"0000-0002-2444-4226\")), person(\"Benjamin\", \"Kietzman\", role = \"ctb\"), person(\"Posit Software, PBC\", role = c(\"cph\", \"fnd\")) )"

$Packages$cpp11$Description
[1] "Provides a header only, C++11 interface to R's C interface.  Compared to other approaches 'cpp11' strives to be safe against long jumps from the C API as well as C++ exceptions, conform to normal R function semantics and supports interaction with 'ALTREP' vectors."

$Packages$cpp11$License
[1] "MIT + file LICENSE"

$Packages$cpp11$URL
[1] "https://cpp11.r-lib.org, https://github.com/r-lib/cpp11"

$Packages$cpp11$BugReports
[1] "https://github.com/r-lib/cpp11/issues"

$Packages$cpp11$Depends
$Packages$cpp11$Depends[[1]]
[1] "R (>= 4.0.0)"


$Packages$cpp11$Suggests
$Packages$cpp11$Suggests[[1]]
[1] "bench"

$Packages$cpp11$Suggests[[2]]
[1] "brio"

$Packages$cpp11$Suggests[[3]]
[1] "callr"

$Packages$cpp11$Suggests[[4]]
[1] "cli"

$Packages$cpp11$Suggests[[5]]
[1] "covr"

$Packages$cpp11$Suggests[[6]]
[1] "decor"

$Packages$cpp11$Suggests[[7]]
[1] "desc"

$Packages$cpp11$Suggests[[8]]
[1] "ggplot2"

$Packages$cpp11$Suggests[[9]]
[1] "glue"

$Packages$cpp11$Suggests[[10]]
[1] "knitr"

$Packages$cpp11$Suggests[[11]]
[1] "lobstr"

$Packages$cpp11$Suggests[[12]]
[1] "mockery"

$Packages$cpp11$Suggests[[13]]
[1] "progress"

$Packages$cpp11$Suggests[[14]]
[1] "rmarkdown"

$Packages$cpp11$Suggests[[15]]
[1] "scales"

$Packages$cpp11$Suggests[[16]]
[1] "Rcpp"

$Packages$cpp11$Suggests[[17]]
[1] "testthat (>= 3.2.0)"

$Packages$cpp11$Suggests[[18]]
[1] "tibble"

$Packages$cpp11$Suggests[[19]]
[1] "utils"

$Packages$cpp11$Suggests[[20]]
[1] "vctrs"

$Packages$cpp11$Suggests[[21]]
[1] "withr"


$Packages$cpp11$VignetteBuilder
[1] "knitr"

$Packages$cpp11$`Config/Needs/website`
[1] "tidyverse/tidytemplate"

$Packages$cpp11$`Config/testthat/edition`
[1] "3"

$Packages$cpp11$`Config/Needs/cpp11/cpp_register`
[1] "brio, cli, decor, desc, glue, tibble, vctrs"

$Packages$cpp11$Encoding
[1] "UTF-8"

$Packages$cpp11$RoxygenNote
[1] "7.3.3"

$Packages$cpp11$NeedsCompilation
[1] "no"

$Packages$cpp11$Author
[1] "Davis Vaughan [aut, cre] (ORCID: <https://orcid.org/0000-0003-4777-038X>), Jim Hester [aut] (ORCID: <https://orcid.org/0000-0002-2739-7082>), Romain François [aut] (ORCID: <https://orcid.org/0000-0002-2444-4226>), Benjamin Kietzman [ctb], Posit Software, PBC [cph, fnd]"

$Packages$cpp11$Maintainer
[1] "Davis Vaughan <davis@posit.co>"

$Packages$cpp11$Repository
[1] "CRAN"


$Packages$plm
$Packages$plm$Package
[1] "plm"

$Packages$plm$Version
[1] "2.6-7"

$Packages$plm$Source
[1] "Repository"

$Packages$plm$Date
[1] "2025-11-13"

$Packages$plm$Title
[1] "Linear Models for Panel Data"

$Packages$plm$`Authors@R`
[1] "c(person(given = \"Yves\",      family = \"Croissant\",    role = c(\"aut\"), email = \"yves.croissant@univ-reunion.fr\"), person(given = \"Giovanni\",  family = \"Millo\",        role = c(\"aut\"), email = \"giovanni.millo@deams.units.it\"), person(given = \"Kevin\",     family = \"Tappe\",        role = c(\"aut\", \"cre\"), email = \"kevin.tappe@bwi.uni-stuttgart.de\"), person(given = \"Ott\",       family = \"Toomet\",       role = \"ctb\", email = \"otoomet@gmail.com\"), person(given = \"Christian\", family = \"Kleiber\",      role = \"ctb\", email = \"Christian.Kleiber@unibas.ch\"),  person(given = \"Achim\",     family = \"Zeileis\",      role = \"ctb\", email = \"Achim.Zeileis@R-project.org\"), person(given = \"Arne\",      family = \"Henningsen\",   role = \"ctb\", email = \"arne.henningsen@googlemail.com\"), person(given = \"Liviu\",     family = \"Andronic\",     role = \"ctb\"), person(given = \"Nina\",      family = \"Schoenfelder\", role = \"ctb\"))"

$Packages$plm$Depends
$Packages$plm$Depends[[1]]
[1] "R (>= 3.2.0)"


$Packages$plm$Imports
$Packages$plm$Imports[[1]]
[1] "MASS"

$Packages$plm$Imports[[2]]
[1] "bdsmatrix"

$Packages$plm$Imports[[3]]
[1] "collapse (>= 1.8.9)"

$Packages$plm$Imports[[4]]
[1] "zoo"

$Packages$plm$Imports[[5]]
[1] "nlme"

$Packages$plm$Imports[[6]]
[1] "sandwich"

$Packages$plm$Imports[[7]]
[1] "lattice"

$Packages$plm$Imports[[8]]
[1] "lmtest"

$Packages$plm$Imports[[9]]
[1] "maxLik"

$Packages$plm$Imports[[10]]
[1] "Rdpack"

$Packages$plm$Imports[[11]]
[1] "Formula"

$Packages$plm$Imports[[12]]
[1] "stats"


$Packages$plm$Suggests
$Packages$plm$Suggests[[1]]
[1] "AER"

$Packages$plm$Suggests[[2]]
[1] "car"

$Packages$plm$Suggests[[3]]
[1] "statmod"

$Packages$plm$Suggests[[4]]
[1] "urca"

$Packages$plm$Suggests[[5]]
[1] "pder"

$Packages$plm$Suggests[[6]]
[1] "texreg"

$Packages$plm$Suggests[[7]]
[1] "knitr"

$Packages$plm$Suggests[[8]]
[1] "rmarkdown"

$Packages$plm$Suggests[[9]]
[1] "fixest"

$Packages$plm$Suggests[[10]]
[1] "lfe"


$Packages$plm$Description
[1] "A set of estimators for models and (robust) covariance matrices, and tests for panel data econometrics, including within/fixed effects, random effects, between, first-difference,  nested random effects as well as instrumental-variable (IV) and Hausman-Taylor-style models, panel generalized method of moments (GMM) and general FGLS models, mean groups (MG), demeaned MG, and common correlated effects (CCEMG) and pooled (CCEP) estimators with common factors, variable coefficients and limited dependent variables models. Test functions include model specification, serial correlation, cross-sectional dependence, panel unit root and panel Granger (non-)causality. Typical references are general econometrics  text books such as Baltagi (2021), Econometric Analysis of Panel Data (<doi:10.1007/978-3-030-53953-5>), Hsiao (2014), Analysis of Panel Data (<doi:10.1017/CBO9781139839327>), and Croissant and Millo (2018),  Panel Data Econometrics with R (<doi:10.1002/9781119504641>)."

$Packages$plm$License
[1] "GPL (>= 2)"

$Packages$plm$VignetteBuilder
[1] "knitr"

$Packages$plm$URL
[1] "https://cran.r-project.org/package=plm, https://github.com/ycroissant/plm"

$Packages$plm$BugReports
[1] "https://github.com/ycroissant/plm/issues"

$Packages$plm$RoxygenNote
[1] "7.3.2"

$Packages$plm$RdMacros
[1] "Rdpack"

$Packages$plm$Encoding
[1] "UTF-8"

$Packages$plm$NeedsCompilation
[1] "no"

$Packages$plm$Author
[1] "Yves Croissant [aut], Giovanni Millo [aut], Kevin Tappe [aut, cre], Ott Toomet [ctb], Christian Kleiber [ctb], Achim Zeileis [ctb], Arne Henningsen [ctb], Liviu Andronic [ctb], Nina Schoenfelder [ctb]"

$Packages$plm$Maintainer
[1] "Kevin Tappe <kevin.tappe@bwi.uni-stuttgart.de>"

$Packages$plm$Repository
[1] "CRAN"


$Packages$mgcv
$Packages$mgcv$Package
[1] "mgcv"

$Packages$mgcv$Version
[1] "1.9-4"

$Packages$mgcv$Source
[1] "Repository"

$Packages$mgcv$`Authors@R`
[1] "person(given = \"Simon\", family = \"Wood\", role = c(\"aut\", \"cre\"), email = \"simon.wood@r-project.org\")"

$Packages$mgcv$Title
[1] "Mixed GAM Computation Vehicle with Automatic Smoothness Estimation"

$Packages$mgcv$Description
[1] "Generalized additive (mixed) models, some of their extensions and  other generalized ridge regression with multiple smoothing  parameter estimation by (Restricted) Marginal Likelihood,  Cross Validation and similar, or using iterated nested Laplace approximation for fully Bayesian inference. See Wood (2025) <doi:10.1146/annurev-statistics-112723-034249> for an overview. Includes a gam() function, a wide variety of smoothers, 'JAGS' support and distributions beyond the exponential family."

$Packages$mgcv$Priority
[1] "recommended"

$Packages$mgcv$Depends
$Packages$mgcv$Depends[[1]]
[1] "R (>= 4.4.0)"

$Packages$mgcv$Depends[[2]]
[1] "nlme (>= 3.1-64)"


$Packages$mgcv$Imports
$Packages$mgcv$Imports[[1]]
[1] "methods"

$Packages$mgcv$Imports[[2]]
[1] "stats"

$Packages$mgcv$Imports[[3]]
[1] "graphics"

$Packages$mgcv$Imports[[4]]
[1] "Matrix"

$Packages$mgcv$Imports[[5]]
[1] "splines"

$Packages$mgcv$Imports[[6]]
[1] "utils"


$Packages$mgcv$Suggests
$Packages$mgcv$Suggests[[1]]
[1] "parallel"

$Packages$mgcv$Suggests[[2]]
[1] "survival"

$Packages$mgcv$Suggests[[3]]
[1] "MASS"


$Packages$mgcv$LazyLoad
[1] "yes"

$Packages$mgcv$ByteCompile
[1] "yes"

$Packages$mgcv$License
[1] "GPL (>= 2)"

$Packages$mgcv$NeedsCompilation
[1] "yes"

$Packages$mgcv$Author
[1] "Simon Wood [aut, cre]"

$Packages$mgcv$Maintainer
[1] "Simon Wood <simon.wood@r-project.org>"

$Packages$mgcv$Repository
[1] "CRAN"


$Packages$fwildclusterboot
$Packages$fwildclusterboot$Package
[1] "fwildclusterboot"

$Packages$fwildclusterboot$Version
[1] "0.14.3"

$Packages$fwildclusterboot$Source
[1] "Repository"

$Packages$fwildclusterboot$Title
[1] "Fast Wild Cluster Bootstrap Inference for Linear Models"

$Packages$fwildclusterboot$`Authors@R`
[1] "c( person(\"Alexander\", \"Fischer\", , \"alexander-fischer1801@t-online.de\", role = c(\"aut\", \"cre\")), person(\"David\", \"Roodman\", role = \"aut\"), person(\"Megha\", \"Joshi\",  role = \"rev\",  comment = \"Megha reviewed the package (v. 0.13) for ropensci  , see <https://github.com/ropensci/software-review/issues/546>\" ), person(\"Eunseop\", \"Kim\", role = \"rev\",  comment = \"Eunseop reviewed the package (v. 0.13) for ropensci  , see <https://github.com/ropensci/software-review/issues/546>\" ), person(\"Achim\", \"Zeileis\", role = \"ctb\", comment = \"Author of included sandwich fragments\"), person(\"Nathaniel\", \"Graham\", role = \"ctb\", comment = \"Contributor to included sandwich fragments\"), person(\"Susanne\", \"Koell\", role = \"ctb\", comment = \"Contributor to included sandwich fragments\"), person(\"Laurent\", \"Berge\", role = \"ctb\", comment = \"Author of included fixest fragments\"), person(\"Sebastian\", \"Krantz\", role = \"ctb\") )"

$Packages$fwildclusterboot$Description
[1] "Implementation of fast algorithms for wild cluster bootstrap inference developed in 'Roodman et al' (2019, 'STATA' Journal, <doi:10.1177/1536867X19830877>) and 'MacKinnon et al' (2022), which makes it feasible to quickly calculate bootstrap test statistics based on a large number of bootstrap draws even for large samples.  Multiple bootstrap types as described in 'MacKinnon, Nielsen & Webb' (2022) are supported.  Further, 'multiway' clustering, regression weights, bootstrap weights, fixed effects and 'subcluster' bootstrapping are supported. Further, both restricted ('WCR') and unrestricted ('WCU') bootstrap are supported. Methods are provided for a variety of fitted models, including 'lm()', 'feols()' (from package 'fixest') and 'felm()' (from package 'lfe').  Additionally implements a 'heteroskedasticity-robust' ('HC1') wild bootstrap.  Last, the package provides an R binding to 'WildBootTests.jl', which provides additional speed gains and functionality, including the 'WRE' bootstrap for instrumental variable models (based on models of type 'ivreg()' from package 'ivreg') and hypotheses with q > 1."

$Packages$fwildclusterboot$License
[1] "GPL-3"

$Packages$fwildclusterboot$URL
[1] "https://s3alfisc.github.io/fwildclusterboot/"

$Packages$fwildclusterboot$BugReports
[1] "https://github.com/s3alfisc/fwildclusterboot/issues/"

$Packages$fwildclusterboot$Imports
$Packages$fwildclusterboot$Imports[[1]]
[1] "collapse"

$Packages$fwildclusterboot$Imports[[2]]
[1] "dqrng"

$Packages$fwildclusterboot$Imports[[3]]
[1] "dreamerr"

$Packages$fwildclusterboot$Imports[[4]]
[1] "Formula"

$Packages$fwildclusterboot$Imports[[5]]
[1] "generics"

$Packages$fwildclusterboot$Imports[[6]]
[1] "gtools"

$Packages$fwildclusterboot$Imports[[7]]
[1] "JuliaConnectoR"

$Packages$fwildclusterboot$Imports[[8]]
[1] "Matrix"

$Packages$fwildclusterboot$Imports[[9]]
[1] "Rcpp"

$Packages$fwildclusterboot$Imports[[10]]
[1] "rlang"

$Packages$fwildclusterboot$Imports[[11]]
[1] "summclust"


$Packages$fwildclusterboot$Suggests
$Packages$fwildclusterboot$Suggests[[1]]
[1] "bench"

$Packages$fwildclusterboot$Suggests[[2]]
[1] "broom"

$Packages$fwildclusterboot$Suggests[[3]]
[1] "clubSandwich"

$Packages$fwildclusterboot$Suggests[[4]]
[1] "covr"

$Packages$fwildclusterboot$Suggests[[5]]
[1] "data.table"

$Packages$fwildclusterboot$Suggests[[6]]
[1] "fabricatr"

$Packages$fwildclusterboot$Suggests[[7]]
[1] "fixest"

$Packages$fwildclusterboot$Suggests[[8]]
[1] "gt"

$Packages$fwildclusterboot$Suggests[[9]]
[1] "ivreg"

$Packages$fwildclusterboot$Suggests[[10]]
[1] "knitr"

$Packages$fwildclusterboot$Suggests[[11]]
[1] "lfe"

$Packages$fwildclusterboot$Suggests[[12]]
[1] "lmtest"

$Packages$fwildclusterboot$Suggests[[13]]
[1] "modelsummary"

$Packages$fwildclusterboot$Suggests[[14]]
[1] "rmarkdown"

$Packages$fwildclusterboot$Suggests[[15]]
[1] "sandwich"

$Packages$fwildclusterboot$Suggests[[16]]
[1] "testthat (>= 3.0.0)"

$Packages$fwildclusterboot$Suggests[[17]]
[1] "tibble"

$Packages$fwildclusterboot$Suggests[[18]]
[1] "MASS"


$Packages$fwildclusterboot$LinkingTo
$Packages$fwildclusterboot$LinkingTo[[1]]
[1] "Rcpp"

$Packages$fwildclusterboot$LinkingTo[[2]]
[1] "RcppArmadillo"

$Packages$fwildclusterboot$LinkingTo[[3]]
[1] "RcppEigen"


$Packages$fwildclusterboot$VignetteBuilder
[1] "knitr"

$Packages$fwildclusterboot$`Config/testthat/edition`
[1] "3"

$Packages$fwildclusterboot$Encoding
[1] "UTF-8"

$Packages$fwildclusterboot$Language
[1] "en-US"

$Packages$fwildclusterboot$LazyData
[1] "true"

$Packages$fwildclusterboot$Roxygen
[1] "list(markdown = TRUE, roclets = c (\"namespace\", \"rd\", \"srr::srr_stats_roclet\"))"

$Packages$fwildclusterboot$RoxygenNote
[1] "7.2.3"

$Packages$fwildclusterboot$SystemRequirements
[1] "Version Requirements to run the wild bootstrap through Julia - Julia (>= 1.8), WildBootTests.jl (>=0.9.8). Julia is downloadable via the official Julia website (https://julialang.org/downloads/), WildBootTests.jl via Julia's package manager (https://docs.julialang.org/en/v1/stdlib/Pkg/) or its github repository (https://github.com/droodman/WildBootTests.jl)"

$Packages$fwildclusterboot$Repository
[1] "https://s3alfisc.r-universe.dev"

$Packages$fwildclusterboot$NeedsCompilation
[1] "yes"

$Packages$fwildclusterboot$Author
[1] "Alexander Fischer [aut, cre], David Roodman [aut], Megha Joshi [rev] (Megha reviewed the package (v. 0.13) for ropensci , see <https://github.com/ropensci/software-review/issues/546>), Eunseop Kim [rev] (Eunseop reviewed the package (v. 0.13) for ropensci , see <https://github.com/ropensci/software-review/issues/546>), Achim Zeileis [ctb] (Author of included sandwich fragments), Nathaniel Graham [ctb] (Contributor to included sandwich fragments), Susanne Koell [ctb] (Contributor to included sandwich fragments), Laurent Berge [ctb] (Author of included fixest fragments), Sebastian Krantz [ctb]"

$Packages$fwildclusterboot$Maintainer
[1] "Alexander Fischer <alexander-fischer1801@t-online.de>"

$Packages$fwildclusterboot$RemoteType
[1] "repository"

$Packages$fwildclusterboot$RemoteUrl
[1] "https://github.com/s3alfisc/fwildclusterboot"

$Packages$fwildclusterboot$RemoteRef
[1] "HEAD"

$Packages$fwildclusterboot$RemoteSha
[1] "336bb574eba169ac0183317f01d0564791d8122f"


$Packages$stringmagic
$Packages$stringmagic$Package
[1] "stringmagic"

$Packages$stringmagic$Version
[1] "1.3.0"

$Packages$stringmagic$Source
[1] "Repository"

$Packages$stringmagic$Type
[1] "Package"

$Packages$stringmagic$Title
[1] "Character String Operations and Interpolation, Magic Edition"

$Packages$stringmagic$`Authors@R`
[1] "c(person(given = \"Laurent R\", family = \"Berge\", role = c(\"aut\", \"cre\"), email = \"laurent.berge@u-bordeaux.fr\", comment = c(ORCID = \"0000-0003-2736-1917\")), person(given = \"Morgan\", family = \"Jacob\", role = \"ctb\"))"

$Packages$stringmagic$Imports
$Packages$stringmagic$Imports[[1]]
[1] "Rcpp(>= 1.0.5)"

$Packages$stringmagic$Imports[[2]]
[1] "utils"

$Packages$stringmagic$Imports[[3]]
[1] "stats"


$Packages$stringmagic$Suggests
$Packages$stringmagic$Suggests[[1]]
[1] "knitr"

$Packages$stringmagic$Suggests[[2]]
[1] "rmarkdown"

$Packages$stringmagic$Suggests[[3]]
[1] "data.table"


$Packages$stringmagic$LinkingTo
$Packages$stringmagic$LinkingTo[[1]]
[1] "Rcpp"


$Packages$stringmagic$Description
[1] "Performs complex string operations compactly and efficiently. Supports string interpolation jointly with over 50 string operations. Also enhances regular string functions (like grep() and co). See an introduction at <https://lrberge.github.io/stringmagic/>."

$Packages$stringmagic$License
[1] "GPL (>= 2)"

$Packages$stringmagic$Encoding
[1] "UTF-8"

$Packages$stringmagic$BugReports
[1] "https://github.com/lrberge/stringmagic/issues"

$Packages$stringmagic$URL
[1] "https://lrberge.github.io/stringmagic/, https://github.com/lrberge/stringmagic"

$Packages$stringmagic$VignetteBuilder
[1] "knitr"

$Packages$stringmagic$RoxygenNote
[1] "7.3.2"

$Packages$stringmagic$NeedsCompilation
[1] "yes"

$Packages$stringmagic$Author
[1] "Laurent R Berge [aut, cre] (ORCID: <https://orcid.org/0000-0003-2736-1917>), Morgan Jacob [ctb]"

$Packages$stringmagic$Maintainer
[1] "Laurent R Berge <laurent.berge@u-bordeaux.fr>"

$Packages$stringmagic$Repository
[1] "CRAN"


$Packages$codetools
$Packages$codetools$Package
[1] "codetools"

$Packages$codetools$Version
[1] "0.2-20"

$Packages$codetools$Source
[1] "Repository"

$Packages$codetools$Priority
[1] "recommended"

$Packages$codetools$Author
[1] "Luke Tierney <luke-tierney@uiowa.edu>"

$Packages$codetools$Description
[1] "Code analysis tools for R."

$Packages$codetools$Title
[1] "Code Analysis Tools for R"

$Packages$codetools$Depends
$Packages$codetools$Depends[[1]]
[1] "R (>= 2.1)"


$Packages$codetools$Maintainer
[1] "Luke Tierney <luke-tierney@uiowa.edu>"

$Packages$codetools$URL
[1] "https://gitlab.com/luke-tierney/codetools"

$Packages$codetools$License
[1] "GPL"

$Packages$codetools$NeedsCompilation
[1] "no"

$Packages$codetools$Repository
[1] "CRAN"


$Packages$numDeriv
$Packages$numDeriv$Package
[1] "numDeriv"

$Packages$numDeriv$Version
[1] "2016.8-1.1"

$Packages$numDeriv$Source
[1] "Repository"

$Packages$numDeriv$Title
[1] "Accurate Numerical Derivatives"

$Packages$numDeriv$Description
[1] "Methods for calculating (usually) accurate numerical first and second order derivatives. Accurate calculations  are done using 'Richardson''s' extrapolation or, when applicable, a complex step derivative is available. A simple difference  method is also provided. Simple difference is (usually) less accurate but is much quicker than 'Richardson''s' extrapolation and provides a  useful cross-check.  Methods are provided for real scalar and vector valued functions."

$Packages$numDeriv$Depends
$Packages$numDeriv$Depends[[1]]
[1] "R (>= 2.11.1)"


$Packages$numDeriv$LazyLoad
[1] "yes"

$Packages$numDeriv$ByteCompile
[1] "yes"

$Packages$numDeriv$License
[1] "GPL-2"

$Packages$numDeriv$Copyright
[1] "2006-2011, Bank of Canada. 2012-2016, Paul Gilbert"

$Packages$numDeriv$Author
[1] "Paul Gilbert and Ravi Varadhan"

$Packages$numDeriv$Maintainer
[1] "Paul Gilbert <pgilbert.ttv9z@ncf.ca>"

$Packages$numDeriv$URL
[1] "http://optimizer.r-forge.r-project.org/"

$Packages$numDeriv$NeedsCompilation
[1] "no"

$Packages$numDeriv$Repository
[1] "CRAN"


$Packages$Rdpack
$Packages$Rdpack$Package
[1] "Rdpack"

$Packages$Rdpack$Version
[1] "2.6.6"

$Packages$Rdpack$Source
[1] "Repository"

$Packages$Rdpack$Type
[1] "Package"

$Packages$Rdpack$Title
[1] "Update and Manipulate Rd Documentation Objects"

$Packages$Rdpack$`Authors@R`
[1] "c( person(given = c(\"Georgi\", \"N.\"), family = \"Boshnakov\",  role = c(\"aut\", \"cre\"),  email = \"georgi.boshnakov@manchester.ac.uk\", comment = c(ORCID = \"0000-0003-2839-346X\")), person(given = \"Duncan\",  family = \"Murdoch\",  role = \"ctb\", email = \"murdoch.duncan@gmail.com\") )"

$Packages$Rdpack$Description
[1] "Functions for manipulation of R documentation objects, including functions reprompt() and ereprompt() for updating 'Rd' documentation for functions, methods and classes; 'Rd' macros for citations and import of references from 'bibtex' files for use in 'Rd' files and 'roxygen2' comments; 'Rd' macros for evaluating and inserting snippets of 'R' code and the results of its evaluation or creating graphics on the fly; and many functions for manipulation of references and Rd files."

$Packages$Rdpack$URL
[1] "https://geobosh.github.io/Rdpack/ (doc), https://CRAN.R-project.org/package=Rdpack"

$Packages$Rdpack$BugReports
[1] "https://github.com/GeoBosh/Rdpack/issues"

$Packages$Rdpack$Depends
$Packages$Rdpack$Depends[[1]]
[1] "R (>= 2.15.0)"

$Packages$Rdpack$Depends[[2]]
[1] "methods"


$Packages$Rdpack$Imports
$Packages$Rdpack$Imports[[1]]
[1] "tools"

$Packages$Rdpack$Imports[[2]]
[1] "utils"

$Packages$Rdpack$Imports[[3]]
[1] "rbibutils (> 2.4)"


$Packages$Rdpack$Suggests
$Packages$Rdpack$Suggests[[1]]
[1] "grDevices"

$Packages$Rdpack$Suggests[[2]]
[1] "testthat"

$Packages$Rdpack$Suggests[[3]]
[1] "rstudioapi"

$Packages$Rdpack$Suggests[[4]]
[1] "rprojroot"

$Packages$Rdpack$Suggests[[5]]
[1] "gbRd"


$Packages$Rdpack$License
[1] "GPL (>= 2)"

$Packages$Rdpack$LazyLoad
[1] "yes"

$Packages$Rdpack$Encoding
[1] "UTF-8"

$Packages$Rdpack$RoxygenNote
[1] "7.1.1"

$Packages$Rdpack$NeedsCompilation
[1] "no"

$Packages$Rdpack$Author
[1] "Georgi N. Boshnakov [aut, cre] (ORCID: <https://orcid.org/0000-0003-2839-346X>), Duncan Murdoch [ctb]"

$Packages$Rdpack$Maintainer
[1] "Georgi N. Boshnakov <georgi.boshnakov@manchester.ac.uk>"

$Packages$Rdpack$Repository
[1] "CRAN"


$Packages$cli
$Packages$cli$Package
[1] "cli"

$Packages$cli$Version
[1] "3.6.6"

$Packages$cli$Source
[1] "Repository"

$Packages$cli$Title
[1] "Helpers for Developing Command Line Interfaces"

$Packages$cli$`Authors@R`
[1] "c( person(\"Gábor\", \"Csárdi\", , \"gabor@posit.co\", role = c(\"aut\", \"cre\")), person(\"Hadley\", \"Wickham\", role = \"ctb\"), person(\"Kirill\", \"Müller\", role = \"ctb\"), person(\"Salim\", \"Brüggemann\", , \"salim-b@pm.me\", role = \"ctb\", comment = c(ORCID = \"0000-0002-5329-5987\")), person(\"Posit Software, PBC\", role = c(\"cph\", \"fnd\"), comment = c(ROR = \"03wc8by49\")) )"

$Packages$cli$Description
[1] "A suite of tools to build attractive command line interfaces ('CLIs'), from semantic elements: headings, lists, alerts, paragraphs, etc. Supports custom themes via a 'CSS'-like language. It also contains a number of lower level 'CLI' elements: rules, boxes, trees, and 'Unicode' symbols with 'ASCII' alternatives. It support ANSI colors and text styles as well."

$Packages$cli$License
[1] "MIT + file LICENSE"

$Packages$cli$URL
[1] "https://cli.r-lib.org, https://github.com/r-lib/cli"

$Packages$cli$BugReports
[1] "https://github.com/r-lib/cli/issues"

$Packages$cli$Depends
$Packages$cli$Depends[[1]]
[1] "R (>= 3.4)"


$Packages$cli$Imports
$Packages$cli$Imports[[1]]
[1] "utils"


$Packages$cli$Suggests
$Packages$cli$Suggests[[1]]
[1] "callr"

$Packages$cli$Suggests[[2]]
[1] "covr"

$Packages$cli$Suggests[[3]]
[1] "crayon"

$Packages$cli$Suggests[[4]]
[1] "digest"

$Packages$cli$Suggests[[5]]
[1] "glue (>= 1.6.0)"

$Packages$cli$Suggests[[6]]
[1] "grDevices"

$Packages$cli$Suggests[[7]]
[1] "htmltools"

$Packages$cli$Suggests[[8]]
[1] "htmlwidgets"

$Packages$cli$Suggests[[9]]
[1] "knitr"

$Packages$cli$Suggests[[10]]
[1] "methods"

$Packages$cli$Suggests[[11]]
[1] "processx"

$Packages$cli$Suggests[[12]]
[1] "ps (>= 1.3.4.9000)"

$Packages$cli$Suggests[[13]]
[1] "rlang (>= 1.0.2.9003)"

$Packages$cli$Suggests[[14]]
[1] "rmarkdown"

$Packages$cli$Suggests[[15]]
[1] "rprojroot"

$Packages$cli$Suggests[[16]]
[1] "rstudioapi"

$Packages$cli$Suggests[[17]]
[1] "testthat (>= 3.2.0)"

$Packages$cli$Suggests[[18]]
[1] "tibble"

$Packages$cli$Suggests[[19]]
[1] "whoami"

$Packages$cli$Suggests[[20]]
[1] "withr"


$Packages$cli$`Config/Needs/website`
[1] "r-lib/asciicast, bench, brio, cpp11, decor, desc, fansi, prettyunits, sessioninfo, tidyverse/tidytemplate, usethis, vctrs"

$Packages$cli$`Config/testthat/edition`
[1] "3"

$Packages$cli$`Config/usethis/last-upkeep`
[1] "2025-04-25"

$Packages$cli$Encoding
[1] "UTF-8"

$Packages$cli$RoxygenNote
[1] "7.3.2.9000"

$Packages$cli$NeedsCompilation
[1] "yes"

$Packages$cli$Author
[1] "Gábor Csárdi [aut, cre], Hadley Wickham [ctb], Kirill Müller [ctb], Salim Brüggemann [ctb] (ORCID: <https://orcid.org/0000-0002-5329-5987>), Posit Software, PBC [cph, fnd] (ROR: <https://ror.org/03wc8by49>)"

$Packages$cli$Maintainer
[1] "Gábor Csárdi <gabor@posit.co>"

$Packages$cli$Repository
[1] "CRAN"


$Packages$rlang
$Packages$rlang$Package
[1] "rlang"

$Packages$rlang$Version
[1] "1.3.0"

$Packages$rlang$Source
[1] "Repository"

$Packages$rlang$Title
[1] "Functions for Base Types and Core R and 'Tidyverse' Features"

$Packages$rlang$`Authors@R`
[1] "c( person(\"Lionel\", \"Henry\", , \"lionel@posit.co\", role = c(\"aut\", \"cre\")), person(\"Hadley\", \"Wickham\", , \"hadley@posit.co\", role = \"aut\"), person(\"mikefc\", , , \"mikefc@coolbutuseless.com\", role = \"cph\", comment = \"Hash implementation based on Mike's xxhashlite\"), person(\"Yann\", \"Collet\", role = \"cph\", comment = \"Author of the embedded xxHash library\"), person(\"Posit, PBC\", role = c(\"cph\", \"fnd\")) )"

$Packages$rlang$Description
[1] "A toolbox for working with base types, core R features like the condition system, and core 'Tidyverse' features like tidy evaluation."

$Packages$rlang$License
[1] "MIT + file LICENSE"

$Packages$rlang$URL
[1] "https://rlang.r-lib.org, https://github.com/r-lib/rlang"

$Packages$rlang$BugReports
[1] "https://github.com/r-lib/rlang/issues"

$Packages$rlang$Depends
$Packages$rlang$Depends[[1]]
[1] "R (>= 4.0.0)"


$Packages$rlang$Imports
$Packages$rlang$Imports[[1]]
[1] "utils"


$Packages$rlang$Suggests
$Packages$rlang$Suggests[[1]]
[1] "cli (>= 3.1.0)"

$Packages$rlang$Suggests[[2]]
[1] "covr"

$Packages$rlang$Suggests[[3]]
[1] "crayon"

$Packages$rlang$Suggests[[4]]
[1] "desc"

$Packages$rlang$Suggests[[5]]
[1] "fs"

$Packages$rlang$Suggests[[6]]
[1] "glue"

$Packages$rlang$Suggests[[7]]
[1] "knitr"

$Packages$rlang$Suggests[[8]]
[1] "magrittr"

$Packages$rlang$Suggests[[9]]
[1] "methods"

$Packages$rlang$Suggests[[10]]
[1] "pillar"

$Packages$rlang$Suggests[[11]]
[1] "pkgload"

$Packages$rlang$Suggests[[12]]
[1] "rmarkdown"

$Packages$rlang$Suggests[[13]]
[1] "stats"

$Packages$rlang$Suggests[[14]]
[1] "testthat (>= 3.3.2)"

$Packages$rlang$Suggests[[15]]
[1] "tibble"

$Packages$rlang$Suggests[[16]]
[1] "usethis"

$Packages$rlang$Suggests[[17]]
[1] "vctrs (>= 0.2.3)"

$Packages$rlang$Suggests[[18]]
[1] "withr"


$Packages$rlang$Enhances
$Packages$rlang$Enhances[[1]]
[1] "winch"


$Packages$rlang$Biarch
[1] "true"

$Packages$rlang$ByteCompile
[1] "true"

$Packages$rlang$`Config/build/compilation-database`
[1] "true"

$Packages$rlang$`Config/Needs/website`
[1] "dplyr, tidyverse/tidytemplate"

$Packages$rlang$`Config/roxygen2/version`
[1] "8.0.0"

$Packages$rlang$`Config/testthat/edition`
[1] "3"

$Packages$rlang$`Config/testthat/parallel`
[1] "true"

$Packages$rlang$Encoding
[1] "UTF-8"

$Packages$rlang$NeedsCompilation
[1] "yes"

$Packages$rlang$Author
[1] "Lionel Henry [aut, cre], Hadley Wickham [aut], mikefc [cph] (Hash implementation based on Mike's xxhashlite), Yann Collet [cph] (Author of the embedded xxHash library), Posit, PBC [cph, fnd]"

$Packages$rlang$Maintainer
[1] "Lionel Henry <lionel@posit.co>"

$Packages$rlang$Repository
[1] "CRAN"


$Packages$crayon
$Packages$crayon$Package
[1] "crayon"

$Packages$crayon$Version
[1] "1.5.3"

$Packages$crayon$Source
[1] "Repository"

$Packages$crayon$Title
[1] "Colored Terminal Output"

$Packages$crayon$`Authors@R`
[1] "c( person(\"Gábor\", \"Csárdi\", , \"csardi.gabor@gmail.com\", role = c(\"aut\", \"cre\")), person(\"Brodie\", \"Gaslam\", , \"brodie.gaslam@yahoo.com\", role = \"ctb\"), person(\"Posit Software, PBC\", role = c(\"cph\", \"fnd\")) )"

$Packages$crayon$Description
[1] "The crayon package is now superseded. Please use the 'cli' package for new projects.  Colored terminal output on terminals that support 'ANSI' color and highlight codes. It also works in 'Emacs' 'ESS'. 'ANSI' color support is automatically detected. Colors and highlighting can be combined and nested. New styles can also be created easily.  This package was inspired by the 'chalk' 'JavaScript' project."

$Packages$crayon$License
[1] "MIT + file LICENSE"

$Packages$crayon$URL
[1] "https://r-lib.github.io/crayon/, https://github.com/r-lib/crayon"

$Packages$crayon$BugReports
[1] "https://github.com/r-lib/crayon/issues"

$Packages$crayon$Imports
$Packages$crayon$Imports[[1]]
[1] "grDevices"

$Packages$crayon$Imports[[2]]
[1] "methods"

$Packages$crayon$Imports[[3]]
[1] "utils"


$Packages$crayon$Suggests
$Packages$crayon$Suggests[[1]]
[1] "mockery"

$Packages$crayon$Suggests[[2]]
[1] "rstudioapi"

$Packages$crayon$Suggests[[3]]
[1] "testthat"

$Packages$crayon$Suggests[[4]]
[1] "withr"


$Packages$crayon$`Config/Needs/website`
[1] "tidyverse/tidytemplate"

$Packages$crayon$Encoding
[1] "UTF-8"

$Packages$crayon$RoxygenNote
[1] "7.3.1"

$Packages$crayon$Collate
[1] "'aaa-rstudio-detect.R' 'aaaa-rematch2.R' 'aab-num-ansi-colors.R' 'aac-num-ansi-colors.R' 'ansi-256.R' 'ansi-palette.R' 'combine.R' 'string.R' 'utils.R' 'crayon-package.R' 'disposable.R' 'enc-utils.R' 'has_ansi.R' 'has_color.R' 'link.R' 'styles.R' 'machinery.R' 'parts.R' 'print.R' 'style-var.R' 'show.R' 'string_operations.R'"

$Packages$crayon$NeedsCompilation
[1] "no"

$Packages$crayon$Author
[1] "Gábor Csárdi [aut, cre], Brodie Gaslam [ctb], Posit Software, PBC [cph, fnd]"

$Packages$crayon$Maintainer
[1] "Gábor Csárdi <csardi.gabor@gmail.com>"

$Packages$crayon$Repository
[1] "CRAN"


$Packages$rbibutils
$Packages$rbibutils$Package
[1] "rbibutils"

$Packages$rbibutils$Version
[1] "2.4.1"

$Packages$rbibutils$Source
[1] "Repository"

$Packages$rbibutils$Type
[1] "Package"

$Packages$rbibutils$Title
[1] "Read 'Bibtex' Files and Convert Between Bibliography Formats"

$Packages$rbibutils$`Authors@R`
[1] "c( person(given = c(\"Georgi\", \"N.\"), family = \"Boshnakov\",  role = c(\"aut\", \"cre\"), \t email = \"georgi.boshnakov@manchester.ac.uk\", comment = c(ORCID = \"0000-0003-2839-346X\", \"R port, R code, new C code and modifications to bibutils' C code, conversion to Bibentry (R and C code)\") ), person(given = \"Chris\", family = \"Putman\", role = \"aut\", comment = \"src/*, author of the bibutils libraries, https://sourceforge.net/projects/bibutils/\"), person(given = \"Richard\", family = \"Mathar\", role = \"ctb\", comment = \"src/addsout.c\"), person(given = \"Johannes\", family = \"Wilm\", role = \"ctb\", comment = \"src/biblatexin.c, src/bltypes.c\"), person(\"R Core Team\", role = \"ctb\", comment = \"base R's bibentry and bibstyle implementation\") )"

$Packages$rbibutils$Description
[1] "Read and write 'Bibtex' files. Convert between bibliography formats, including 'Bibtex', 'Biblatex', 'PubMed', 'Endnote', and 'Bibentry'.  Includes a port of the 'bibutils' utilities by Chris Putnam <https://sourceforge.net/projects/bibutils/>. Supports all bibliography formats and character encodings implemented in 'bibutils'."

$Packages$rbibutils$License
[1] "GPL-2"

$Packages$rbibutils$URL
[1] "https://geobosh.github.io/rbibutils/ (doc), https://CRAN.R-project.org/package=rbibutils"

$Packages$rbibutils$BugReports
[1] "https://github.com/GeoBosh/rbibutils/issues"

$Packages$rbibutils$Depends
$Packages$rbibutils$Depends[[1]]
[1] "R (>= 2.10)"


$Packages$rbibutils$Imports
$Packages$rbibutils$Imports[[1]]
[1] "utils"

$Packages$rbibutils$Imports[[2]]
[1] "tools"


$Packages$rbibutils$Suggests
$Packages$rbibutils$Suggests[[1]]
[1] "testthat"


$Packages$rbibutils$Encoding
[1] "UTF-8"

$Packages$rbibutils$NeedsCompilation
[1] "yes"

$Packages$rbibutils$`Config/Needs/memcheck`
[1] "devtools, rcmdcheck"

$Packages$rbibutils$Author
[1] "Georgi N. Boshnakov [aut, cre] (ORCID: <https://orcid.org/0000-0003-2839-346X>, R port, R code, new C code and modifications to bibutils' C code, conversion to Bibentry (R and C code)), Chris Putman [aut] (src/*, author of the bibutils libraries, https://sourceforge.net/projects/bibutils/), Richard Mathar [ctb] (src/addsout.c), Johannes Wilm [ctb] (src/biblatexin.c, src/bltypes.c), R Core Team [ctb] (base R's bibentry and bibstyle implementation)"

$Packages$rbibutils$Maintainer
[1] "Georgi N. Boshnakov <georgi.boshnakov@manchester.ac.uk>"

$Packages$rbibutils$Repository
[1] "CRAN"


$Packages$miscTools
$Packages$miscTools$Package
[1] "miscTools"

$Packages$miscTools$Version
[1] "0.6-30"

$Packages$miscTools$Source
[1] "Repository"

$Packages$miscTools$Date
[1] "2026-01-19"

$Packages$miscTools$Title
[1] "Miscellaneous Tools and Utilities"

$Packages$miscTools$`Authors@R`
[1] "c( person( given = \"Arne\", family = \"Henningsen\", role = c( \"aut\", \"cre\" ), email = \"arne.henningsen@gmail.com\" ), person( given = \"Ott\", family = \"Toomet\", role = \"aut\" ) )"

$Packages$miscTools$Author
[1] "Arne Henningsen [aut, cre], Ott Toomet [aut]"

$Packages$miscTools$Maintainer
[1] "Arne Henningsen <arne.henningsen@gmail.com>"

$Packages$miscTools$Depends
$Packages$miscTools$Depends[[1]]
[1] "R (>= 2.14.0)"


$Packages$miscTools$Imports
$Packages$miscTools$Imports[[1]]
[1] "digest"


$Packages$miscTools$Suggests
$Packages$miscTools$Suggests[[1]]
[1] "Ecdat (>= 0.1-5)"


$Packages$miscTools$Description
[1] "Miscellaneous small tools and utilities. Many of them facilitate the work with matrices, e.g. inserting rows or columns, creating symmetric matrices, or checking for semidefiniteness. Other tools facilitate the work with regression models, e.g. extracting the standard errors, obtaining the number of (estimated) parameters, or calculating R-squared values."

$Packages$miscTools$License
[1] "GPL (>= 2)"

$Packages$miscTools$URL
[1] "https://github.com/arne-henningsen/miscTools"

$Packages$miscTools$BugReports
[1] "https://github.com/arne-henningsen/miscTools/issues"

$Packages$miscTools$NeedsCompilation
[1] "no"

$Packages$miscTools$Repository
[1] "CRAN"


$Packages$RcppArmadillo
$Packages$RcppArmadillo$Package
[1] "RcppArmadillo"

$Packages$RcppArmadillo$Version
[1] "15.6.0-1"

$Packages$RcppArmadillo$Source
[1] "Repository"

$Packages$RcppArmadillo$Type
[1] "Package"

$Packages$RcppArmadillo$Title
[1] "'Rcpp' Integration for the 'Armadillo' Templated Linear Algebra Library"

$Packages$RcppArmadillo$Date
[1] "2026-09-07"

$Packages$RcppArmadillo$`Authors@R`
[1] "c(person(\"Dirk\", \"Eddelbuettel\", role = c(\"aut\", \"cre\"), email = \"edd@debian.org\", comment = c(ORCID = \"0000-0001-6419-907X\")), person(\"Romain\", \"Francois\", role = \"aut\", comment = c(ORCID = \"0000-0002-2444-4226\")), person(\"Doug\", \"Bates\", role = \"aut\", comment = c(ORCID = \"0000-0001-8316-9503\")), person(\"Binxiang\", \"Ni\", role = \"aut\"), person(\"Conrad\", \"Sanderson\", role = \"aut\", comment = c(ORCID = \"0000-0002-0049-4501\")))"

$Packages$RcppArmadillo$Description
[1] "'Armadillo' is a templated C++ linear algebra library aiming towards a good balance between speed and ease of use. It provides high-level syntax and functionality deliberately similar to Matlab. It is useful for algorithm development directly in C++, or quick conversion of research code into production environments. It provides efficient classes for vectors, matrices and cubes where dense and sparse matrices are supported. Integer, floating point and complex numbers are supported. A sophisticated expression evaluator (based on template meta-programming) automatically combines several operations to increase speed and efficiency. Dynamic evaluation automatically chooses optimal code paths based on detected matrix structures. Matrix decompositions are provided through integration with LAPACK, or one of its high performance drop-in replacements (such as 'MKL' or 'OpenBLAS'). It can automatically use 'OpenMP' multi-threading (parallelisation) to speed up computationally expensive operations. . The 'RcppArmadillo' package includes the header files from the 'Armadillo' library; users do not need to install 'Armadillo' itself in order to use 'RcppArmadillo'. Starting from release 15.0.0, the minimum compilation standard is C++14. . Since release 7.800.0, 'Armadillo' is licensed under Apache License 2; previous releases were under licensed as MPL 2.0 from version 3.800.0 onwards and LGPL-3 prior to that; 'RcppArmadillo' (the 'Rcpp' bindings/bridge to Armadillo) is licensed under the GNU GPL version 2 or later, as is the rest of 'Rcpp'."

$Packages$RcppArmadillo$License
[1] "GPL (>= 2)"

$Packages$RcppArmadillo$LazyLoad
[1] "yes"

$Packages$RcppArmadillo$Depends
$Packages$RcppArmadillo$Depends[[1]]
[1] "R (>= 3.3.0)"


$Packages$RcppArmadillo$LinkingTo
$Packages$RcppArmadillo$LinkingTo[[1]]
[1] "Rcpp"


$Packages$RcppArmadillo$Imports
$Packages$RcppArmadillo$Imports[[1]]
[1] "Rcpp (>= 1.1.1)"

$Packages$RcppArmadillo$Imports[[2]]
[1] "stats"

$Packages$RcppArmadillo$Imports[[3]]
[1] "utils"

$Packages$RcppArmadillo$Imports[[4]]
[1] "methods"


$Packages$RcppArmadillo$Suggests
$Packages$RcppArmadillo$Suggests[[1]]
[1] "tinytest"

$Packages$RcppArmadillo$Suggests[[2]]
[1] "Matrix (>= 1.3.0)"

$Packages$RcppArmadillo$Suggests[[3]]
[1] "pkgKitten"

$Packages$RcppArmadillo$Suggests[[4]]
[1] "reticulate"

$Packages$RcppArmadillo$Suggests[[5]]
[1] "slam"


$Packages$RcppArmadillo$URL
[1] "https://github.com/RcppCore/RcppArmadillo, https://dirk.eddelbuettel.com/code/rcpp.armadillo.html"

$Packages$RcppArmadillo$BugReports
[1] "https://github.com/RcppCore/RcppArmadillo/issues"

$Packages$RcppArmadillo$RoxygenNote
[1] "6.0.1"

$Packages$RcppArmadillo$Encoding
[1] "UTF-8"

$Packages$RcppArmadillo$VignetteBuilder
[1] "Rcpp"

$Packages$RcppArmadillo$NeedsCompilation
[1] "yes"

$Packages$RcppArmadillo$Author
[1] "Dirk Eddelbuettel [aut, cre] (ORCID: <https://orcid.org/0000-0001-6419-907X>), Romain Francois [aut] (ORCID: <https://orcid.org/0000-0002-2444-4226>), Doug Bates [aut] (ORCID: <https://orcid.org/0000-0001-8316-9503>), Binxiang Ni [aut], Conrad Sanderson [aut] (ORCID: <https://orcid.org/0000-0002-0049-4501>)"

$Packages$RcppArmadillo$Maintainer
[1] "Dirk Eddelbuettel <edd@debian.org>"

$Packages$RcppArmadillo$Repository
[1] "CRAN"


$Packages$fixest
$Packages$fixest$Package
[1] "fixest"

$Packages$fixest$Version
[1] "0.14.2"

$Packages$fixest$Source
[1] "Repository"

$Packages$fixest$Type
[1] "Package"

$Packages$fixest$Title
[1] "Fast Fixed-Effects Estimations"

$Packages$fixest$`Authors@R`
[1] "c(person(given = \"Laurent\", family = \"Berge\", role = c(\"aut\", \"cre\"), email = \"laurent.berge@u-bordeaux.fr\"), person(given = \"Sebastian\", family = \"Krantz\", role = \"ctb\"), person(given = \"Grant\", family = \"McDermott\", role = \"ctb\", email = \"grantmcd@uoregon.edu\", comment = c(ORCID = \"0000-0001-7883-8573\")), person(given = \"Russell\", family = \"Lenth\", role = \"ctb\", email = \"russell-lenth@uiowa.edu\"), person(given = \"Kyle\", family = \"Butts\", role = \"ctb\", email = \"buttskyle96@gmail.com\"))"

$Packages$fixest$Imports
$Packages$fixest$Imports[[1]]
[1] "stats"

$Packages$fixest$Imports[[2]]
[1] "graphics"

$Packages$fixest$Imports[[3]]
[1] "grDevices"

$Packages$fixest$Imports[[4]]
[1] "tools"

$Packages$fixest$Imports[[5]]
[1] "utils"

$Packages$fixest$Imports[[6]]
[1] "methods"

$Packages$fixest$Imports[[7]]
[1] "numDeriv"

$Packages$fixest$Imports[[8]]
[1] "nlme"

$Packages$fixest$Imports[[9]]
[1] "sandwich"

$Packages$fixest$Imports[[10]]
[1] "Rcpp(>= 1.0.5)"

$Packages$fixest$Imports[[11]]
[1] "dreamerr(>= 1.4.0)"

$Packages$fixest$Imports[[12]]
[1] "stringmagic(>= 1.2.0)"


$Packages$fixest$Suggests
$Packages$fixest$Suggests[[1]]
[1] "knitr"

$Packages$fixest$Suggests[[2]]
[1] "rmarkdown"

$Packages$fixest$Suggests[[3]]
[1] "data.table"

$Packages$fixest$Suggests[[4]]
[1] "plm"

$Packages$fixest$Suggests[[5]]
[1] "MASS"

$Packages$fixest$Suggests[[6]]
[1] "pander"

$Packages$fixest$Suggests[[7]]
[1] "ggplot2"

$Packages$fixest$Suggests[[8]]
[1] "lfe"

$Packages$fixest$Suggests[[9]]
[1] "tinytex"

$Packages$fixest$Suggests[[10]]
[1] "pdftools"

$Packages$fixest$Suggests[[11]]
[1] "emmeans"

$Packages$fixest$Suggests[[12]]
[1] "estimability"

$Packages$fixest$Suggests[[13]]
[1] "AER"

$Packages$fixest$Suggests[[14]]
[1] "Matrix"


$Packages$fixest$LinkingTo
$Packages$fixest$LinkingTo[[1]]
[1] "Rcpp"


$Packages$fixest$Depends
$Packages$fixest$Depends[[1]]
[1] "R(>= 3.5.0)"


$Packages$fixest$Description
[1] "Fast and user-friendly estimation of econometric models with multiple fixed-effects. Includes ordinary least squares (OLS), instrumental variables (IV), generalized linear models (GLM), maximum likelihood estimation (ML), and the negative binomial. The core of the package is based on optimized parallel C++ code, scaling especially well for large data sets. The method to obtain the fixed-effects coefficients is based on Bergé, Butts, McDermott (2026) <doi:10.48550/arXiv.2601.21749>. Further provides tools to export and view the results of several estimations with intuitive design to change the standard-errors."

$Packages$fixest$License
[1] "GPL-3"

$Packages$fixest$BugReports
[1] "https://github.com/lrberge/fixest/issues"

$Packages$fixest$URL
[1] "https://lrberge.github.io/fixest/, https://github.com/lrberge/fixest"

$Packages$fixest$VignetteBuilder
[1] "knitr"

$Packages$fixest$LazyData
[1] "true"

$Packages$fixest$RoxygenNote
[1] "7.3.2.9000"

$Packages$fixest$Encoding
[1] "UTF-8"

$Packages$fixest$NeedsCompilation
[1] "yes"

$Packages$fixest$Author
[1] "Laurent Berge [aut, cre], Sebastian Krantz [ctb], Grant McDermott [ctb] (ORCID: <https://orcid.org/0000-0001-7883-8573>), Russell Lenth [ctb], Kyle Butts [ctb]"

$Packages$fixest$Maintainer
[1] "Laurent Berge <laurent.berge@u-bordeaux.fr>"

$Packages$fixest$Repository
[1] "CRAN"


$Packages$JuliaConnectoR
$Packages$JuliaConnectoR$Package
[1] "JuliaConnectoR"

$Packages$JuliaConnectoR$Version
[1] "1.1.6"

$Packages$JuliaConnectoR$Source
[1] "Repository"

$Packages$JuliaConnectoR$Type
[1] "Package"

$Packages$JuliaConnectoR$Title
[1] "A Functionally Oriented Interface for Integrating 'Julia' with R"

$Packages$JuliaConnectoR$Maintainer
[1] "Stefan Lenz <stefan-m-lenz@web.de>"

$Packages$JuliaConnectoR$`Authors@R`
[1] "c(person(\"Stefan\", \"Lenz\", role = c(\"aut\", \"cre\"), email = \"stefan-m-lenz@web.de\", comment = c(ORCID = \"0000-0001-9135-1743\")), person(\"Harald\", \"Binder\", role = c(\"aut\", \"ths\"), comment = c(ORCID = \"0000-0002-5666-8662\")), person(\"Angelo\", \"D\\'Ambrosio\", comment = c(ORCID = \"0000-0002-2045-5155\"), role = \"ctb\"), person(\"June\", \"Choe\", comment = c(ORCID = \"0000-0002-0701-921X\"), role = \"ctb\"), person(\"Bjarke Hautop\", \"Kristensen\", comment = c(ORCID = \"0009-0007-3733-1769\"), role = \"ctb\"))"

$Packages$JuliaConnectoR$Description
[1] "Allows to import functions and whole packages from 'Julia' in R. Imported 'Julia' functions can directly be called as R functions. Data structures can be translated between 'Julia' and R. More details can also be found in the corresponding article <doi:10.18637/jss.v101.i06>."

$Packages$JuliaConnectoR$License
[1] "MIT + file LICENCE"

$Packages$JuliaConnectoR$URL
[1] "https://github.com/stefan-m-lenz/JuliaConnectoR"

$Packages$JuliaConnectoR$BugReports
[1] "https://github.com/stefan-m-lenz/JuliaConnectoR/issues"

$Packages$JuliaConnectoR$SystemRequirements
[1] "Julia >= 1.0"

$Packages$JuliaConnectoR$Encoding
[1] "UTF-8"

$Packages$JuliaConnectoR$RoxygenNote
[1] "7.3.3"

$Packages$JuliaConnectoR$Suggests
$Packages$JuliaConnectoR$Suggests[[1]]
[1] "testthat (>= 2.1.0)"

$Packages$JuliaConnectoR$Suggests[[2]]
[1] "future"

$Packages$JuliaConnectoR$Suggests[[3]]
[1] "parallel"

$Packages$JuliaConnectoR$Suggests[[4]]
[1] "parallelly"


$Packages$JuliaConnectoR$NeedsCompilation
[1] "no"

$Packages$JuliaConnectoR$Author
[1] "Stefan Lenz [aut, cre] (ORCID: <https://orcid.org/0000-0001-9135-1743>), Harald Binder [aut, ths] (ORCID: <https://orcid.org/0000-0002-5666-8662>), Angelo D'Ambrosio [ctb] (ORCID: <https://orcid.org/0000-0002-2045-5155>), June Choe [ctb] (ORCID: <https://orcid.org/0000-0002-0701-921X>), Bjarke Hautop Kristensen [ctb] (ORCID: <https://orcid.org/0009-0007-3733-1769>)"

$Packages$JuliaConnectoR$Repository
[1] "CRAN"


$Packages$bdsmatrix
$Packages$bdsmatrix$Package
[1] "bdsmatrix"

$Packages$bdsmatrix$Version
[1] "1.3-7"

$Packages$bdsmatrix$Source
[1] "Repository"

$Packages$bdsmatrix$Title
[1] "Routines for Block Diagonal Symmetric Matrices"

$Packages$bdsmatrix$Maintainer
[1] "Terry Therneau <therneau.terry@mayo.edu>"

$Packages$bdsmatrix$Date
[1] "2024-03-01"

$Packages$bdsmatrix$Depends
$Packages$bdsmatrix$Depends[[1]]
[1] "methods"

$Packages$bdsmatrix$Depends[[2]]
[1] "R (>= 2.0.0)"


$Packages$bdsmatrix$LazyLoad
[1] "Yes"

$Packages$bdsmatrix$Author
[1] "Terry Therneau"

$Packages$bdsmatrix$Description
[1] "This is a special case of sparse matrices, used by coxme."

$Packages$bdsmatrix$License
[1] "LGPL-2"

$Packages$bdsmatrix$Collate
[1] "bdsmatrix.R gchol.R gchol.bdsmatrix.R as.matrix.bdsmatrix.R bdsBlock.R bdsI.R bdsmatrix.ibd.R bdsmatrix.reconcile.R diag.bdsmatrix.R listbdsmatrix.R multiply.bdsmatrix.R solve.bdsmatrix.R solve.gchol.R solve.gchol.bdsmatrix.R backsolve.R"

$Packages$bdsmatrix$NeedsCompilation
[1] "yes"

$Packages$bdsmatrix$Repository
[1] "CRAN"


$Packages$boot
$Packages$boot$Package
[1] "boot"

$Packages$boot$Version
[1] "1.3-32"

$Packages$boot$Source
[1] "Repository"

$Packages$boot$Priority
[1] "recommended"

$Packages$boot$Date
[1] "2025-08-29"

$Packages$boot$`Authors@R`
[1] "c(person(\"Angelo\", \"Canty\", role = \"aut\", email = \"cantya@mcmaster.ca\",  comment = \"author of original code for S\"), person(\"Brian\", \"Ripley\", role = c(\"aut\", \"trl\"), email = \"Brian.Ripley@R-project.org\", comment = \"conversion to R, maintainer 1999--2022, author of parallel support\"), person(\"Alessandra R.\", \"Brazzale\", role = c(\"ctb\", \"cre\"), email = \"brazzale@stat.unipd.it\", comment = \"minor bug fixes\"))"

$Packages$boot$Maintainer
[1] "Alessandra R. Brazzale <brazzale@stat.unipd.it>"

$Packages$boot$Note
[1] "Maintainers are not available to give advice on using a package they did not author."

$Packages$boot$Description
[1] "Functions and datasets for bootstrapping from the book \"Bootstrap Methods and Their Application\" by A. C. Davison and  D. V. Hinkley (1997, CUP), originally written by Angelo Canty for S."

$Packages$boot$Title
[1] "Bootstrap Functions"

$Packages$boot$Depends
$Packages$boot$Depends[[1]]
[1] "R (>= 3.0.0)"

$Packages$boot$Depends[[2]]
[1] "graphics"

$Packages$boot$Depends[[3]]
[1] "stats"


$Packages$boot$Suggests
$Packages$boot$Suggests[[1]]
[1] "MASS"

$Packages$boot$Suggests[[2]]
[1] "survival"


$Packages$boot$LazyData
[1] "yes"

$Packages$boot$ByteCompile
[1] "yes"

$Packages$boot$License
[1] "Unlimited"

$Packages$boot$NeedsCompilation
[1] "no"

$Packages$boot$Author
[1] "Angelo Canty [aut] (author of original code for S), Brian Ripley [aut, trl] (conversion to R, maintainer 1999--2022, author of parallel support), Alessandra R. Brazzale [ctb, cre] (minor bug fixes)"

$Packages$boot$Repository
[1] "CRAN"


$Packages$maxLik
$Packages$maxLik$Package
[1] "maxLik"

$Packages$maxLik$Version
[1] "1.5-2.2"

$Packages$maxLik$Source
[1] "Repository"

$Packages$maxLik$Title
[1] "Maximum Likelihood Estimation and Related Tools"

$Packages$maxLik$`Authors@R`
[1] "c(person(\"Ott\", \"Toomet\", role=c(\"aut\", \"cre\"), email=\"otoomet@gmail.com\"), person(\"Arne\", \"Henningsen\", role=c(\"aut\"), email=\"arne.henningsen@gmail.com\"), person(\"Spencer\", \"Graves\", role=c(\"ctb\")), person(\"Yves\", \"Croissant\", role=c(\"ctb\")), person(\"David\", \"Hugh-Jones\", role=c(\"ctb\")), person(\"Luca\", \"Scrucca\", role=c(\"ctb\")) )"

$Packages$maxLik$Depends
$Packages$maxLik$Depends[[1]]
[1] "R (>= 2.4.0)"

$Packages$maxLik$Depends[[2]]
[1] "miscTools (>= 0.6-8)"

$Packages$maxLik$Depends[[3]]
[1] "methods"


$Packages$maxLik$Imports
$Packages$maxLik$Imports[[1]]
[1] "sandwich"

$Packages$maxLik$Imports[[2]]
[1] "generics"


$Packages$maxLik$Suggests
$Packages$maxLik$Suggests[[1]]
[1] "MASS"

$Packages$maxLik$Suggests[[2]]
[1] "clue"

$Packages$maxLik$Suggests[[3]]
[1] "dlm"

$Packages$maxLik$Suggests[[4]]
[1] "plot3D"

$Packages$maxLik$Suggests[[5]]
[1] "tibble"

$Packages$maxLik$Suggests[[6]]
[1] "tinytest"


$Packages$maxLik$Description
[1] "Functions for Maximum Likelihood (ML) estimation, non-linear optimization, and related tools.  It includes a unified way to call different optimizers, and classes and methods to handle the results from the Maximum Likelihood viewpoint.  It also includes a number of convenience tools for testing and developing your own models."

$Packages$maxLik$License
[1] "GPL (>= 2)"

$Packages$maxLik$ByteCompile
[1] "yes"

$Packages$maxLik$NeedsCompilation
[1] "no"

$Packages$maxLik$Author
[1] "Ott Toomet [aut, cre], Arne Henningsen [aut], Spencer Graves [ctb], Yves Croissant [ctb], David Hugh-Jones [ctb], Luca Scrucca [ctb]"

$Packages$maxLik$Maintainer
[1] "Ott Toomet <otoomet@gmail.com>"

$Packages$maxLik$Repository
[1] "CRAN"


$Packages$rpart
$Packages$rpart$Package
[1] "rpart"

$Packages$rpart$Version
[1] "4.1.27"

$Packages$rpart$Source
[1] "Repository"

$Packages$rpart$Priority
[1] "recommended"

$Packages$rpart$Date
[1] "2026-03-26"

$Packages$rpart$`Authors@R`
[1] "c(person(\"Terry\", \"Therneau\", role = \"aut\", email = \"therneau@mayo.edu\"), person(\"Beth\", \"Atkinson\", role = c(\"aut\", \"cre\"), email = \"atkinson@mayo.edu\"), person(\"Brian\", \"Ripley\", role = \"trl\", email = \"Brian.Ripley@R-project.org\", comment = \"producer of the initial R port, maintainer 1999-2017\"))"

$Packages$rpart$Description
[1] "Recursive partitioning for classification,  regression and survival trees.  An implementation of most of the  functionality of the 1984 book by Breiman, Friedman, Olshen and Stone."

$Packages$rpart$Title
[1] "Recursive Partitioning and Regression Trees"

$Packages$rpart$Depends
$Packages$rpart$Depends[[1]]
[1] "R (>= 2.15.0)"

$Packages$rpart$Depends[[2]]
[1] "graphics"

$Packages$rpart$Depends[[3]]
[1] "stats"

$Packages$rpart$Depends[[4]]
[1] "grDevices"


$Packages$rpart$Suggests
$Packages$rpart$Suggests[[1]]
[1] "survival"


$Packages$rpart$License
[1] "GPL-2 | GPL-3"

$Packages$rpart$LazyData
[1] "yes"

$Packages$rpart$ByteCompile
[1] "yes"

$Packages$rpart$NeedsCompilation
[1] "yes"

$Packages$rpart$Author
[1] "Terry Therneau [aut], Beth Atkinson [aut, cre], Brian Ripley [trl] (producer of the initial R port, maintainer 1999-2017)"

$Packages$rpart$Maintainer
[1] "Beth Atkinson <atkinson@mayo.edu>"

$Packages$rpart$Repository
[1] "CRAN"

$Packages$rpart$URL
[1] "https://github.com/bethatkinson/rpart, https://cran.r-project.org/package=rpart"

$Packages$rpart$BugReports
[1] "https://github.com/bethatkinson/rpart/issues"


$Packages$sitmo
$Packages$sitmo$Package
[1] "sitmo"

$Packages$sitmo$Version
[1] "2.0.2"

$Packages$sitmo$Source
[1] "Repository"

$Packages$sitmo$Title
[1] "Parallel Pseudo Random Number Generator (PPRNG) 'sitmo' Header Files"

$Packages$sitmo$`Authors@R`
[1] "c(person(\"James\", \"Balamuta\", email = \"balamut2@illinois.edu\", role = c(\"aut\", \"cre\", \"cph\"), comment = c(ORCID = \"0000-0003-2826-8458\")), person(\"Thijs\",\"van den Berg\", email = \"thijs@sitmo.com\", role = c(\"aut\", \"cph\")), person(\"Ralf\", \"Stubner\", email = \"ralf.stubner@daqana.com\", role = c(\"ctb\")))"

$Packages$sitmo$Description
[1] "Provided within are two high quality and fast PPRNGs that may be used in an 'OpenMP' parallel environment. In addition, there is a generator for one dimensional low-discrepancy sequence. The objective of this library to consolidate the distribution of the 'sitmo' (C++98 & C++11), 'threefry' and 'vandercorput' (C++11-only) engines on CRAN by enabling others to link to the header files inside of 'sitmo' instead of including a copy of each engine within their individual package. Lastly, the package contains example implementations using the 'sitmo' package and three accompanying vignette that provide additional information."

$Packages$sitmo$Depends
$Packages$sitmo$Depends[[1]]
[1] "R (>= 3.2.0)"


$Packages$sitmo$URL
[1] "https://github.com/coatless/sitmo, http://thecoatlessprofessor.com/projects/sitmo/, https://github.com/stdfin/random/"

$Packages$sitmo$BugReports
[1] "https://github.com/coatless/sitmo/issues"

$Packages$sitmo$License
[1] "MIT + file LICENSE"

$Packages$sitmo$LinkingTo
$Packages$sitmo$LinkingTo[[1]]
[1] "Rcpp"


$Packages$sitmo$Imports
$Packages$sitmo$Imports[[1]]
[1] "Rcpp (>= 0.12.13)"


$Packages$sitmo$RoxygenNote
[1] "7.1.1"

$Packages$sitmo$Suggests
$Packages$sitmo$Suggests[[1]]
[1] "knitr"

$Packages$sitmo$Suggests[[2]]
[1] "rmarkdown"

$Packages$sitmo$Suggests[[3]]
[1] "ggplot2"


$Packages$sitmo$VignetteBuilder
[1] "knitr"

$Packages$sitmo$Encoding
[1] "UTF-8"

$Packages$sitmo$NeedsCompilation
[1] "yes"

$Packages$sitmo$Author
[1] "James Balamuta [aut, cre, cph] (<https://orcid.org/0000-0003-2826-8458>), Thijs van den Berg [aut, cph], Ralf Stubner [ctb]"

$Packages$sitmo$Maintainer
[1] "James Balamuta <balamut2@illinois.edu>"

$Packages$sitmo$Repository
[1] "CRAN"


$Packages$vctrs
$Packages$vctrs$Package
[1] "vctrs"

$Packages$vctrs$Version
[1] "0.7.3"

$Packages$vctrs$Source
[1] "Repository"

$Packages$vctrs$Title
[1] "Vector Helpers"

$Packages$vctrs$`Authors@R`
[1] "c( person(\"Hadley\", \"Wickham\", , \"hadley@posit.co\", role = \"aut\"), person(\"Lionel\", \"Henry\", , \"lionel@posit.co\", role = \"aut\"), person(\"Davis\", \"Vaughan\", , \"davis@posit.co\", role = c(\"aut\", \"cre\")), person(\"data.table team\", role = \"cph\", comment = \"Radix sort based on data.table's forder() and their contribution to R's order()\"), person(\"Posit Software, PBC\", role = c(\"cph\", \"fnd\")) )"

$Packages$vctrs$Description
[1] "Defines new notions of prototype and size that are used to provide tools for consistent and well-founded type-coercion and size-recycling, and are in turn connected to ideas of type- and size-stability useful for analysing function interfaces."

$Packages$vctrs$License
[1] "MIT + file LICENSE"

$Packages$vctrs$URL
[1] "https://vctrs.r-lib.org/, https://github.com/r-lib/vctrs"

$Packages$vctrs$BugReports
[1] "https://github.com/r-lib/vctrs/issues"

$Packages$vctrs$Depends
$Packages$vctrs$Depends[[1]]
[1] "R (>= 4.0.0)"


$Packages$vctrs$Imports
$Packages$vctrs$Imports[[1]]
[1] "cli (>= 3.4.0)"

$Packages$vctrs$Imports[[2]]
[1] "glue"

$Packages$vctrs$Imports[[3]]
[1] "lifecycle (>= 1.0.3)"

$Packages$vctrs$Imports[[4]]
[1] "rlang (>= 1.1.7)"


$Packages$vctrs$Suggests
$Packages$vctrs$Suggests[[1]]
[1] "bit64"

$Packages$vctrs$Suggests[[2]]
[1] "covr"

$Packages$vctrs$Suggests[[3]]
[1] "crayon"

$Packages$vctrs$Suggests[[4]]
[1] "dplyr (>= 0.8.5)"

$Packages$vctrs$Suggests[[5]]
[1] "generics"

$Packages$vctrs$Suggests[[6]]
[1] "knitr"

$Packages$vctrs$Suggests[[7]]
[1] "pillar (>= 1.4.4)"

$Packages$vctrs$Suggests[[8]]
[1] "pkgdown (>= 2.0.1)"

$Packages$vctrs$Suggests[[9]]
[1] "rmarkdown"

$Packages$vctrs$Suggests[[10]]
[1] "testthat (>= 3.0.0)"

$Packages$vctrs$Suggests[[11]]
[1] "tibble (>= 3.1.3)"

$Packages$vctrs$Suggests[[12]]
[1] "waldo (>= 0.2.0)"

$Packages$vctrs$Suggests[[13]]
[1] "withr"

$Packages$vctrs$Suggests[[14]]
[1] "xml2"

$Packages$vctrs$Suggests[[15]]
[1] "zeallot"


$Packages$vctrs$VignetteBuilder
[1] "knitr"

$Packages$vctrs$`Config/build/compilation-database`
[1] "true"

$Packages$vctrs$`Config/Needs/website`
[1] "tidyverse/tidytemplate"

$Packages$vctrs$`Config/testthat/edition`
[1] "3"

$Packages$vctrs$`Config/testthat/parallel`
[1] "true"

$Packages$vctrs$Encoding
[1] "UTF-8"

$Packages$vctrs$KeepSource
[1] "true"

$Packages$vctrs$Language
[1] "en-GB"

$Packages$vctrs$RoxygenNote
[1] "7.3.3"

$Packages$vctrs$NeedsCompilation
[1] "yes"

$Packages$vctrs$Author
[1] "Hadley Wickham [aut], Lionel Henry [aut], Davis Vaughan [aut, cre], data.table team [cph] (Radix sort based on data.table's forder() and their contribution to R's order()), Posit Software, PBC [cph, fnd]"

$Packages$vctrs$Maintainer
[1] "Davis Vaughan <davis@posit.co>"

$Packages$vctrs$Repository
[1] "CRAN"


$Packages$R6
$Packages$R6$Package
[1] "R6"

$Packages$R6$Version
[1] "2.6.1"

$Packages$R6$Source
[1] "Repository"

$Packages$R6$Title
[1] "Encapsulated Classes with Reference Semantics"

$Packages$R6$`Authors@R`
[1] "c( person(\"Winston\", \"Chang\", , \"winston@posit.co\", role = c(\"aut\", \"cre\")), person(\"Posit Software, PBC\", role = c(\"cph\", \"fnd\")) )"

$Packages$R6$Description
[1] "Creates classes with reference semantics, similar to R's built-in reference classes. Compared to reference classes, R6 classes are simpler and lighter-weight, and they are not built on S4 classes so they do not require the methods package. These classes allow public and private members, and they support inheritance, even when the classes are defined in different packages."

$Packages$R6$License
[1] "MIT + file LICENSE"

$Packages$R6$URL
[1] "https://r6.r-lib.org, https://github.com/r-lib/R6"

$Packages$R6$BugReports
[1] "https://github.com/r-lib/R6/issues"

$Packages$R6$Depends
$Packages$R6$Depends[[1]]
[1] "R (>= 3.6)"


$Packages$R6$Suggests
$Packages$R6$Suggests[[1]]
[1] "lobstr"

$Packages$R6$Suggests[[2]]
[1] "testthat (>= 3.0.0)"


$Packages$R6$`Config/Needs/website`
[1] "tidyverse/tidytemplate, ggplot2, microbenchmark, scales"

$Packages$R6$`Config/testthat/edition`
[1] "3"

$Packages$R6$Encoding
[1] "UTF-8"

$Packages$R6$RoxygenNote
[1] "7.3.2"

$Packages$R6$NeedsCompilation
[1] "no"

$Packages$R6$Author
[1] "Winston Chang [aut, cre], Posit Software, PBC [cph, fnd]"

$Packages$R6$Maintainer
[1] "Winston Chang <winston@posit.co>"

$Packages$R6$Repository
[1] "CRAN"


$Packages$clubSandwich
$Packages$clubSandwich$Package
[1] "clubSandwich"

$Packages$clubSandwich$Version
[1] "0.7.0"

$Packages$clubSandwich$Source
[1] "Repository"

$Packages$clubSandwich$Title
[1] "Cluster-Robust (Sandwich) Variance Estimators with Small-Sample Corrections"

$Packages$clubSandwich$`Authors@R`
[1] "c( person(c(\"James\",\"E.\"), \"Pustejovsky\", email = \"jepusto@gmail.com\", role = c(\"aut\", \"cre\"), comment = c(ORCID = \"0000-0003-0591-9465\")), person(\"Hazim\", \"Izani\", email = \"hazimizani@gmail.com\", role = \"ctb\"), person(\"Samuel\", \"Pekofsky\", email = \"sampekofsky@gmail.com\", role = \"ctb\"), person(\"Jingru\", \"Zhang\", email = \"jz26372022@hotmail.com\", role = \"ctb\") )"

$Packages$clubSandwich$Description
[1] "Provides several cluster-robust variance estimators (i.e., sandwich estimators) for ordinary and weighted least squares linear regression models, including the bias-reduced linearization estimator introduced by Bell and McCaffrey (2002)  <https://www150.statcan.gc.ca/n1/pub/12-001-x/2002002/article/9058-eng.pdf> and  developed further by Pustejovsky and Tipton (2017)  <DOI:10.1080/07350015.2016.1247004>. The package includes functions for estimating the variance- covariance matrix and for testing single- and multiple- contrast hypotheses based on Wald test statistics. Tests of single regression coefficients use Satterthwaite or saddle-point corrections. Tests of multiple- contrast hypotheses use an approximation to Hotelling's T-squared distribution. Methods are provided for a variety of fitted models, including lm() and mlm objects; glm(); geeglm() (from package 'geepack'); lm_robust(), lm_lin(), and  iv_robust() (from package 'estimatr'); ivreg() (from package 'AER'); ivreg()  (from package 'ivreg' when estimated by ordinary least squares); plm() (from  package 'plm'); gls() and lme() (from 'nlme'); lmer() (from `lme4`); robu() (from  'robumeta'); rma.uni() and rma.mv() (from 'metafor'); and mmrm() (from 'mmrm')."

$Packages$clubSandwich$URL
[1] "http://jepusto.github.io/clubSandwich/"

$Packages$clubSandwich$BugReports
[1] "https://github.com/jepusto/clubSandwich/issues"

$Packages$clubSandwich$Depends
$Packages$clubSandwich$Depends[[1]]
[1] "R (>= 3.0.0)"


$Packages$clubSandwich$License
[1] "GPL-3"

$Packages$clubSandwich$VignetteBuilder
[1] "knitr"

$Packages$clubSandwich$LazyData
[1] "true"

$Packages$clubSandwich$Imports
$Packages$clubSandwich$Imports[[1]]
[1] "stats"

$Packages$clubSandwich$Imports[[2]]
[1] "sandwich"

$Packages$clubSandwich$Imports[[3]]
[1] "lifecycle"


$Packages$clubSandwich$Suggests
$Packages$clubSandwich$Suggests[[1]]
[1] "Formula"

$Packages$clubSandwich$Suggests[[2]]
[1] "knitr"

$Packages$clubSandwich$Suggests[[3]]
[1] "testthat"

$Packages$clubSandwich$Suggests[[4]]
[1] "rmarkdown"

$Packages$clubSandwich$Suggests[[5]]
[1] "covr"

$Packages$clubSandwich$Suggests[[6]]
[1] "AER"

$Packages$clubSandwich$Suggests[[7]]
[1] "carData"

$Packages$clubSandwich$Suggests[[8]]
[1] "estimatr"

$Packages$clubSandwich$Suggests[[9]]
[1] "fixest"

$Packages$clubSandwich$Suggests[[10]]
[1] "geepack"

$Packages$clubSandwich$Suggests[[11]]
[1] "ivreg"

$Packages$clubSandwich$Suggests[[12]]
[1] "Matrix"

$Packages$clubSandwich$Suggests[[13]]
[1] "lme4"

$Packages$clubSandwich$Suggests[[14]]
[1] "metafor"

$Packages$clubSandwich$Suggests[[15]]
[1] "metadat"

$Packages$clubSandwich$Suggests[[16]]
[1] "mlmRev"

$Packages$clubSandwich$Suggests[[17]]
[1] "mmrm"

$Packages$clubSandwich$Suggests[[18]]
[1] "nlme"

$Packages$clubSandwich$Suggests[[19]]
[1] "plm (>= 1.6-4)"

$Packages$clubSandwich$Suggests[[20]]
[1] "robumeta"

$Packages$clubSandwich$Suggests[[21]]
[1] "zoo"


$Packages$clubSandwich$RoxygenNote
[1] "7.3.3"

$Packages$clubSandwich$Encoding
[1] "UTF-8"

$Packages$clubSandwich$Language
[1] "en-US"

$Packages$clubSandwich$NeedsCompilation
[1] "no"

$Packages$clubSandwich$Author
[1] "James E. Pustejovsky [aut, cre] (ORCID: <https://orcid.org/0000-0003-0591-9465>), Hazim Izani [ctb], Samuel Pekofsky [ctb], Jingru Zhang [ctb]"

$Packages$clubSandwich$Maintainer
[1] "James E. Pustejovsky <jepusto@gmail.com>"

$Packages$clubSandwich$Repository
[1] "CRAN"


$Packages$zoo
$Packages$zoo$Package
[1] "zoo"

$Packages$zoo$Version
[1] "1.9-1"

$Packages$zoo$Source
[1] "Repository"

$Packages$zoo$Date
[1] "2026-09-18"

$Packages$zoo$Title
[1] "S3 Infrastructure for Regular and Irregular Time Series (Z's Ordered Observations)"

$Packages$zoo$`Authors@R`
[1] "c(person(given = \"Achim\", family = \"Zeileis\", role = c(\"aut\", \"cre\"), email = \"Achim.Zeileis@R-project.org\", comment = c(ORCID = \"0000-0003-0918-3766\")), person(given = \"Gabor\", family = \"Grothendieck\", role = \"aut\", email = \"ggrothendieck@gmail.com\"), person(given = c(\"Jeffrey\", \"A.\"), family = \"Ryan\", role = \"aut\", email = \"jeff.a.ryan@gmail.com\"), person(given = c(\"Joshua\", \"M.\"), family = \"Ulrich\", role = \"ctb\", email = \"josh.m.ulrich@gmail.com\"), person(given = \"Felix\", family = \"Andrews\", role = \"ctb\", email = \"felix@nfrac.org\"))"

$Packages$zoo$Description
[1] "An S3 class with methods for working with regular and irregular time series. The class stores data as numeric vectors/matrices (or factors) along with a time index of arbitrary class (including numeric, Date, POSIXct, chron, yearmon, yearqtr, etc.). Functions and methods are consistent with the ts class and base R and also extend standard generics. Tools include: Data import/export, coercion, visualization (with base R, 'ggplot2', 'lattice', 'tinyplot'), alignment and merging, aggregation, lags and subsets, rolling analytics, and time-based interpolation/filling. The design is introduced in Zeileis and Grothendieck (2005) <doi:10.18637/jss.v014.i06>."

$Packages$zoo$Depends
$Packages$zoo$Depends[[1]]
[1] "R (>= 3.1.0)"

$Packages$zoo$Depends[[2]]
[1] "stats"


$Packages$zoo$Suggests
$Packages$zoo$Suggests[[1]]
[1] "AER"

$Packages$zoo$Suggests[[2]]
[1] "coda"

$Packages$zoo$Suggests[[3]]
[1] "chron"

$Packages$zoo$Suggests[[4]]
[1] "ggplot2 (>= 3.5.0)"

$Packages$zoo$Suggests[[5]]
[1] "knitr"

$Packages$zoo$Suggests[[6]]
[1] "mondate"

$Packages$zoo$Suggests[[7]]
[1] "scales"

$Packages$zoo$Suggests[[8]]
[1] "stinepack"

$Packages$zoo$Suggests[[9]]
[1] "strucchange"

$Packages$zoo$Suggests[[10]]
[1] "timeDate"

$Packages$zoo$Suggests[[11]]
[1] "timeSeries (>= 4021.104)"

$Packages$zoo$Suggests[[12]]
[1] "tinyplot"

$Packages$zoo$Suggests[[13]]
[1] "tis"

$Packages$zoo$Suggests[[14]]
[1] "tseries"

$Packages$zoo$Suggests[[15]]
[1] "xts"


$Packages$zoo$Imports
$Packages$zoo$Imports[[1]]
[1] "utils"

$Packages$zoo$Imports[[2]]
[1] "graphics"

$Packages$zoo$Imports[[3]]
[1] "grDevices"

$Packages$zoo$Imports[[4]]
[1] "lattice (>= 0.20-27)"


$Packages$zoo$License
[1] "GPL-2 | GPL-3"

$Packages$zoo$VignetteBuilder
[1] "knitr"

$Packages$zoo$URL
[1] "https://zeileis.codeberg.page/zoo/"

$Packages$zoo$BugReports
[1] "https://codeberg.org/zeileis/zoo/issues"

$Packages$zoo$NeedsCompilation
[1] "yes"

$Packages$zoo$Author
[1] "Achim Zeileis [aut, cre] (ORCID: <https://orcid.org/0000-0003-0918-3766>), Gabor Grothendieck [aut], Jeffrey A. Ryan [aut], Joshua M. Ulrich [ctb], Felix Andrews [ctb]"

$Packages$zoo$Maintainer
[1] "Achim Zeileis <Achim.Zeileis@R-project.org>"

$Packages$zoo$Repository
[1] "CRAN"


$Packages$lifecycle
$Packages$lifecycle$Package
[1] "lifecycle"

$Packages$lifecycle$Version
[1] "1.0.5"

$Packages$lifecycle$Source
[1] "Repository"

$Packages$lifecycle$Title
[1] "Manage the Life Cycle of your Package Functions"

$Packages$lifecycle$`Authors@R`
[1] "c( person(\"Lionel\", \"Henry\", , \"lionel@posit.co\", role = c(\"aut\", \"cre\")), person(\"Hadley\", \"Wickham\", , \"hadley@posit.co\", role = \"aut\", comment = c(ORCID = \"0000-0003-4757-117X\")), person(\"Posit Software, PBC\", role = c(\"cph\", \"fnd\")) )"

$Packages$lifecycle$Description
[1] "Manage the life cycle of your exported functions with shared conventions, documentation badges, and user-friendly deprecation warnings."

$Packages$lifecycle$License
[1] "MIT + file LICENSE"

$Packages$lifecycle$URL
[1] "https://lifecycle.r-lib.org/, https://github.com/r-lib/lifecycle"

$Packages$lifecycle$BugReports
[1] "https://github.com/r-lib/lifecycle/issues"

$Packages$lifecycle$Depends
$Packages$lifecycle$Depends[[1]]
[1] "R (>= 3.6)"


$Packages$lifecycle$Imports
$Packages$lifecycle$Imports[[1]]
[1] "cli (>= 3.4.0)"

$Packages$lifecycle$Imports[[2]]
[1] "rlang (>= 1.1.0)"


$Packages$lifecycle$Suggests
$Packages$lifecycle$Suggests[[1]]
[1] "covr"

$Packages$lifecycle$Suggests[[2]]
[1] "knitr"

$Packages$lifecycle$Suggests[[3]]
[1] "lintr (>= 3.1.0)"

$Packages$lifecycle$Suggests[[4]]
[1] "rmarkdown"

$Packages$lifecycle$Suggests[[5]]
[1] "testthat (>= 3.0.1)"

$Packages$lifecycle$Suggests[[6]]
[1] "tibble"

$Packages$lifecycle$Suggests[[7]]
[1] "tidyverse"

$Packages$lifecycle$Suggests[[8]]
[1] "tools"

$Packages$lifecycle$Suggests[[9]]
[1] "vctrs"

$Packages$lifecycle$Suggests[[10]]
[1] "withr"

$Packages$lifecycle$Suggests[[11]]
[1] "xml2"


$Packages$lifecycle$VignetteBuilder
[1] "knitr"

$Packages$lifecycle$`Config/Needs/website`
[1] "tidyverse/tidytemplate, usethis"

$Packages$lifecycle$`Config/testthat/edition`
[1] "3"

$Packages$lifecycle$Encoding
[1] "UTF-8"

$Packages$lifecycle$RoxygenNote
[1] "7.3.3"

$Packages$lifecycle$NeedsCompilation
[1] "no"

$Packages$lifecycle$Author
[1] "Lionel Henry [aut, cre], Hadley Wickham [aut] (ORCID: <https://orcid.org/0000-0003-4757-117X>), Posit Software, PBC [cph, fnd]"

$Packages$lifecycle$Maintainer
[1] "Lionel Henry <lionel@posit.co>"

$Packages$lifecycle$Repository
[1] "CRAN"


$Packages$MASS
$Packages$MASS$Package
[1] "MASS"

$Packages$MASS$Version
[1] "7.3-65"

$Packages$MASS$Source
[1] "Repository"

$Packages$MASS$Priority
[1] "recommended"

$Packages$MASS$Date
[1] "2025-02-19"

$Packages$MASS$Revision
[1] "$Rev: 3681 $"

$Packages$MASS$Depends
$Packages$MASS$Depends[[1]]
[1] "R (>= 4.4.0)"

$Packages$MASS$Depends[[2]]
[1] "grDevices"

$Packages$MASS$Depends[[3]]
[1] "graphics"

$Packages$MASS$Depends[[4]]
[1] "stats"

$Packages$MASS$Depends[[5]]
[1] "utils"


$Packages$MASS$Imports
$Packages$MASS$Imports[[1]]
[1] "methods"


$Packages$MASS$Suggests
$Packages$MASS$Suggests[[1]]
[1] "lattice"

$Packages$MASS$Suggests[[2]]
[1] "nlme"

$Packages$MASS$Suggests[[3]]
[1] "nnet"

$Packages$MASS$Suggests[[4]]
[1] "survival"


$Packages$MASS$`Authors@R`
[1] "c(person(\"Brian\", \"Ripley\", role = c(\"aut\", \"cre\", \"cph\"), email = \"Brian.Ripley@R-project.org\"), person(\"Bill\", \"Venables\", role = c(\"aut\", \"cph\")), person(c(\"Douglas\", \"M.\"), \"Bates\", role = \"ctb\"), person(\"Kurt\", \"Hornik\", role = \"trl\", comment = \"partial port ca 1998\"), person(\"Albrecht\", \"Gebhardt\", role = \"trl\", comment = \"partial port ca 1998\"), person(\"David\", \"Firth\", role = \"ctb\", comment = \"support functions for polr\"))"

$Packages$MASS$Description
[1] "Functions and datasets to support Venables and Ripley, \"Modern Applied Statistics with S\" (4th edition, 2002)."

$Packages$MASS$Title
[1] "Support Functions and Datasets for Venables and Ripley's MASS"

$Packages$MASS$LazyData
[1] "yes"

$Packages$MASS$ByteCompile
[1] "yes"

$Packages$MASS$License
[1] "GPL-2 | GPL-3"

$Packages$MASS$URL
[1] "http://www.stats.ox.ac.uk/pub/MASS4/"

$Packages$MASS$Contact
[1] "<MASS@stats.ox.ac.uk>"

$Packages$MASS$NeedsCompilation
[1] "yes"

$Packages$MASS$Author
[1] "Brian Ripley [aut, cre, cph], Bill Venables [aut, cph], Douglas M. Bates [ctb], Kurt Hornik [trl] (partial port ca 1998), Albrecht Gebhardt [trl] (partial port ca 1998), David Firth [ctb] (support functions for polr)"

$Packages$MASS$Maintainer
[1] "Brian Ripley <Brian.Ripley@R-project.org>"

$Packages$MASS$Repository
[1] "CRAN"


$Packages$foreign
$Packages$foreign$Package
[1] "foreign"

$Packages$foreign$Version
[1] "0.8-91"

$Packages$foreign$Source
[1] "Repository"

$Packages$foreign$Priority
[1] "recommended"

$Packages$foreign$Date
[1] "2026-01-29"

$Packages$foreign$Title
[1] "Read Data Stored by 'Minitab', 'S', 'SAS', 'SPSS', 'Stata', 'Systat', 'Weka', 'dBase', ..."

$Packages$foreign$Depends
$Packages$foreign$Depends[[1]]
[1] "R (>= 4.0.0)"


$Packages$foreign$Imports
$Packages$foreign$Imports[[1]]
[1] "methods"

$Packages$foreign$Imports[[2]]
[1] "utils"

$Packages$foreign$Imports[[3]]
[1] "stats"


$Packages$foreign$`Authors@R`
[1] "c( person(\"R Core Team\", email = \"R-core@R-project.org\", role = c(\"aut\", \"cph\", \"cre\"), comment = c(ROR = \"02zz1nj61\")), person(\"Roger\", \"Bivand\", role = c(\"ctb\", \"cph\")), person(c(\"Vincent\", \"J.\"), \"Carey\", role = c(\"ctb\", \"cph\")), person(\"Saikat\", \"DebRoy\", role = c(\"ctb\", \"cph\")), person(\"Stephen\", \"Eglen\", role = c(\"ctb\", \"cph\")), person(\"Rajarshi\", \"Guha\", role = c(\"ctb\", \"cph\")), person(\"Swetlana\", \"Herbrandt\", role = \"ctb\"), person(\"Nicholas\", \"Lewin-Koh\", role = c(\"ctb\", \"cph\")), person(\"Mark\", \"Myatt\", role = c(\"ctb\", \"cph\")), person(\"Michael\", \"Nelson\", role = \"ctb\"), person(\"Ben\", \"Pfaff\", role = \"ctb\"), person(\"Brian\", \"Quistorff\", role = \"ctb\"), person(\"Frank\", \"Warmerdam\", role = c(\"ctb\", \"cph\")), person(\"Stephen\", \"Weigand\", role = c(\"ctb\", \"cph\")), person(\"Free Software Foundation, Inc.\", role = \"cph\"))"

$Packages$foreign$Contact
[1] "see 'MailingList'"

$Packages$foreign$Copyright
[1] "see file COPYRIGHTS"

$Packages$foreign$Description
[1] "Reading and writing data stored by some versions of 'Epi Info', 'Minitab', 'S', 'SAS', 'SPSS', 'Stata', 'Systat', 'Weka', and for reading and writing some 'dBase' files."

$Packages$foreign$ByteCompile
[1] "yes"

$Packages$foreign$Biarch
[1] "yes"

$Packages$foreign$License
[1] "GPL (>= 2)"

$Packages$foreign$BugReports
[1] "https://bugs.r-project.org"

$Packages$foreign$MailingList
[1] "R-help@r-project.org"

$Packages$foreign$URL
[1] "https://svn.r-project.org/R-packages/trunk/foreign/"

$Packages$foreign$NeedsCompilation
[1] "yes"

$Packages$foreign$Author
[1] "R Core Team [aut, cph, cre] (ROR: <https://ror.org/02zz1nj61>), Roger Bivand [ctb, cph], Vincent J. Carey [ctb, cph], Saikat DebRoy [ctb, cph], Stephen Eglen [ctb, cph], Rajarshi Guha [ctb, cph], Swetlana Herbrandt [ctb], Nicholas Lewin-Koh [ctb, cph], Mark Myatt [ctb, cph], Michael Nelson [ctb], Ben Pfaff [ctb], Brian Quistorff [ctb], Frank Warmerdam [ctb, cph], Stephen Weigand [ctb, cph], Free Software Foundation, Inc. [cph]"

$Packages$foreign$Maintainer
[1] "R Core Team <R-core@R-project.org>"

$Packages$foreign$Repository
[1] "CRAN"


$Packages$cluster
$Packages$cluster$Package
[1] "cluster"

$Packages$cluster$Version
[1] "2.1.8.2"

$Packages$cluster$Source
[1] "Repository"

$Packages$cluster$VersionNote
[1] "Last CRAN: 2.1.8.1 on 2025-03-11; 2.1.8 on 2024-12-10; 2.1.7 on 2024-12-06; 2.1.6 on 2023-11-30;"

$Packages$cluster$Date
[1] "2026-02-03"

$Packages$cluster$Priority
[1] "recommended"

$Packages$cluster$Title
[1] "\"Finding Groups in Data\": Cluster Analysis Extended Rousseeuw et al."

$Packages$cluster$Description
[1] "Methods for Cluster analysis.  Much extended the original from Peter Rousseeuw, Anja Struyf and Mia Hubert, based on Kaufman and Rousseeuw (1990) \"Finding Groups in Data\"."

$Packages$cluster$Maintainer
[1] "Martin Maechler <maechler@stat.math.ethz.ch>"

$Packages$cluster$`Authors@R`
[1] "c(person(\"Martin\",\"Maechler\", role = c(\"aut\",\"cre\"), email=\"maechler@stat.math.ethz.ch\", comment = c(ORCID = \"0000-0002-8685-9910\")) ,person(\"Peter\", \"Rousseeuw\", role=\"aut\", email=\"peter.rousseeuw@kuleuven.be\", comment = c(\"Fortran original\", ORCID = \"0000-0002-3807-5353\")) ,person(\"Anja\", \"Struyf\", role=\"aut\", comment= \"S original\") ,person(\"Mia\", \"Hubert\", role=\"aut\", email= \"Mia.Hubert@uia.ua.ac.be\", comment = c(\"S original\", ORCID = \"0000-0001-6398-4850\")) ,person(\"Kurt\", \"Hornik\", role=c(\"trl\", \"ctb\"), email=\"Kurt.Hornik@R-project.org\", comment=c(\"port to R; maintenance(1999-2000)\", ORCID=\"0000-0003-4198-9911\")) ,person(\"Matthias\", \"Studer\", role=\"ctb\") ,person(\"Pierre\", \"Roudier\", role=\"ctb\") ,person(\"Juan\",   \"Gonzalez\", role=\"ctb\") ,person(\"Kamil\",  \"Kozlowski\", role=\"ctb\") ,person(\"Erich\",  \"Schubert\", role=\"ctb\", comment = c(\"fastpam options for pam()\", ORCID = \"0000-0001-9143-4880\")) ,person(\"Keefe\",  \"Murphy\", role=\"ctb\", comment = \"volume.ellipsoid({d >= 3})\") #not yet ,person(\"Fischer-Rasmussen\", \"Kasper\", role = \"ctb\", comment = \"Gower distance for CLARA\") )"

$Packages$cluster$Depends
$Packages$cluster$Depends[[1]]
[1] "R (>= 3.5.0)"


$Packages$cluster$Imports
$Packages$cluster$Imports[[1]]
[1] "graphics"

$Packages$cluster$Imports[[2]]
[1] "grDevices"

$Packages$cluster$Imports[[3]]
[1] "stats"

$Packages$cluster$Imports[[4]]
[1] "utils"


$Packages$cluster$Suggests
$Packages$cluster$Suggests[[1]]
[1] "MASS"

$Packages$cluster$Suggests[[2]]
[1] "Matrix"


$Packages$cluster$SuggestsNote
[1] "MASS: two examples using cov.rob() and mvrnorm(); Matrix tools for testing"

$Packages$cluster$Enhances
$Packages$cluster$Enhances[[1]]
[1] "mvoutlier"

$Packages$cluster$Enhances[[2]]
[1] "fpc"

$Packages$cluster$Enhances[[3]]
[1] "ellipse"

$Packages$cluster$Enhances[[4]]
[1] "sfsmisc"


$Packages$cluster$EnhancesNote
[1] "xref-ed in man/*.Rd"

$Packages$cluster$LazyLoad
[1] "yes"

$Packages$cluster$LazyData
[1] "yes"

$Packages$cluster$ByteCompile
[1] "yes"

$Packages$cluster$BuildResaveData
[1] "no"

$Packages$cluster$License
[1] "GPL (>= 2)"

$Packages$cluster$URL
[1] "https://svn.r-project.org/R-packages/trunk/cluster/"

$Packages$cluster$NeedsCompilation
[1] "yes"

$Packages$cluster$Author
[1] "Martin Maechler [aut, cre] (ORCID: <https://orcid.org/0000-0002-8685-9910>), Peter Rousseeuw [aut] (Fortran original, ORCID: <https://orcid.org/0000-0002-3807-5353>), Anja Struyf [aut] (S original), Mia Hubert [aut] (S original, ORCID: <https://orcid.org/0000-0001-6398-4850>), Kurt Hornik [trl, ctb] (port to R; maintenance(1999-2000), ORCID: <https://orcid.org/0000-0003-4198-9911>), Matthias Studer [ctb], Pierre Roudier [ctb], Juan Gonzalez [ctb], Kamil Kozlowski [ctb], Erich Schubert [ctb] (fastpam options for pam(), ORCID: <https://orcid.org/0000-0001-9143-4880>), Keefe Murphy [ctb] (volume.ellipsoid({d >= 3}))"

$Packages$cluster$Repository
[1] "CRAN"


$Packages$pkgconfig
$Packages$pkgconfig$Package
[1] "pkgconfig"

$Packages$pkgconfig$Version
[1] "2.0.3"

$Packages$pkgconfig$Source
[1] "Repository"

$Packages$pkgconfig$Title
[1] "Private Configuration for 'R' Packages"

$Packages$pkgconfig$Author
[1] "Gábor Csárdi"

$Packages$pkgconfig$Maintainer
[1] "Gábor Csárdi <csardi.gabor@gmail.com>"

$Packages$pkgconfig$Description
[1] "Set configuration options on a per-package basis. Options set by a given package only apply to that package, other packages are unaffected."

$Packages$pkgconfig$License
[1] "MIT + file LICENSE"

$Packages$pkgconfig$LazyData
[1] "true"

$Packages$pkgconfig$Imports
$Packages$pkgconfig$Imports[[1]]
[1] "utils"


$Packages$pkgconfig$Suggests
$Packages$pkgconfig$Suggests[[1]]
[1] "covr"

$Packages$pkgconfig$Suggests[[2]]
[1] "testthat"

$Packages$pkgconfig$Suggests[[3]]
[1] "disposables (>= 1.0.3)"


$Packages$pkgconfig$URL
[1] "https://github.com/r-lib/pkgconfig#readme"

$Packages$pkgconfig$BugReports
[1] "https://github.com/r-lib/pkgconfig/issues"

$Packages$pkgconfig$Encoding
[1] "UTF-8"

$Packages$pkgconfig$NeedsCompilation
[1] "no"

$Packages$pkgconfig$Repository
[1] "CRAN"


$Packages$pillar
$Packages$pillar$Package
[1] "pillar"

$Packages$pillar$Version
[1] "1.11.1"

$Packages$pillar$Source
[1] "Repository"

$Packages$pillar$Title
[1] "Coloured Formatting for Columns"

$Packages$pillar$`Authors@R`
[1] "c(person(given = \"Kirill\", family = \"M\\u00fcller\", role = c(\"aut\", \"cre\"), email = \"kirill@cynkra.com\", comment = c(ORCID = \"0000-0002-1416-3412\")), person(given = \"Hadley\", family = \"Wickham\", role = \"aut\"), person(given = \"RStudio\", role = \"cph\"))"

$Packages$pillar$Description
[1] "Provides 'pillar' and 'colonnade' generics designed for formatting columns of data using the full range of colours provided by modern terminals."

$Packages$pillar$License
[1] "MIT + file LICENSE"

$Packages$pillar$URL
[1] "https://pillar.r-lib.org/, https://github.com/r-lib/pillar"

$Packages$pillar$BugReports
[1] "https://github.com/r-lib/pillar/issues"

$Packages$pillar$Imports
$Packages$pillar$Imports[[1]]
[1] "cli (>= 2.3.0)"

$Packages$pillar$Imports[[2]]
[1] "glue"

$Packages$pillar$Imports[[3]]
[1] "lifecycle"

$Packages$pillar$Imports[[4]]
[1] "rlang (>= 1.0.2)"

$Packages$pillar$Imports[[5]]
[1] "utf8 (>= 1.1.0)"

$Packages$pillar$Imports[[6]]
[1] "utils"

$Packages$pillar$Imports[[7]]
[1] "vctrs (>= 0.5.0)"


$Packages$pillar$Suggests
$Packages$pillar$Suggests[[1]]
[1] "bit64"

$Packages$pillar$Suggests[[2]]
[1] "DBI"

$Packages$pillar$Suggests[[3]]
[1] "debugme"

$Packages$pillar$Suggests[[4]]
[1] "DiagrammeR"

$Packages$pillar$Suggests[[5]]
[1] "dplyr"

$Packages$pillar$Suggests[[6]]
[1] "formattable"

$Packages$pillar$Suggests[[7]]
[1] "ggplot2"

$Packages$pillar$Suggests[[8]]
[1] "knitr"

$Packages$pillar$Suggests[[9]]
[1] "lubridate"

$Packages$pillar$Suggests[[10]]
[1] "nanotime"

$Packages$pillar$Suggests[[11]]
[1] "nycflights13"

$Packages$pillar$Suggests[[12]]
[1] "palmerpenguins"

$Packages$pillar$Suggests[[13]]
[1] "rmarkdown"

$Packages$pillar$Suggests[[14]]
[1] "scales"

$Packages$pillar$Suggests[[15]]
[1] "stringi"

$Packages$pillar$Suggests[[16]]
[1] "survival"

$Packages$pillar$Suggests[[17]]
[1] "testthat (>= 3.1.1)"

$Packages$pillar$Suggests[[18]]
[1] "tibble"

$Packages$pillar$Suggests[[19]]
[1] "units (>= 0.7.2)"

$Packages$pillar$Suggests[[20]]
[1] "vdiffr"

$Packages$pillar$Suggests[[21]]
[1] "withr"


$Packages$pillar$VignetteBuilder
[1] "knitr"

$Packages$pillar$Encoding
[1] "UTF-8"

$Packages$pillar$RoxygenNote
[1] "7.3.3.9000"

$Packages$pillar$`Config/testthat/edition`
[1] "3"

$Packages$pillar$`Config/testthat/parallel`
[1] "true"

$Packages$pillar$`Config/testthat/start-first`
[1] "format_multi_fuzz, format_multi_fuzz_2, format_multi, ctl_colonnade, ctl_colonnade_1, ctl_colonnade_2"

$Packages$pillar$`Config/autostyle/scope`
[1] "line_breaks"

$Packages$pillar$`Config/autostyle/strict`
[1] "true"

$Packages$pillar$`Config/gha/extra-packages`
[1] "units=?ignore-before-r=4.3.0"

$Packages$pillar$`Config/Needs/website`
[1] "tidyverse/tidytemplate"

$Packages$pillar$NeedsCompilation
[1] "no"

$Packages$pillar$Author
[1] "Kirill Müller [aut, cre] (ORCID: <https://orcid.org/0000-0002-1416-3412>), Hadley Wickham [aut], RStudio [cph]"

$Packages$pillar$Maintainer
[1] "Kirill Müller <kirill@cynkra.com>"

$Packages$pillar$Repository
[1] "CRAN"


$Packages$glue
$Packages$glue$Package
[1] "glue"

$Packages$glue$Version
[1] "1.8.1"

$Packages$glue$Source
[1] "Repository"

$Packages$glue$Title
[1] "Interpreted String Literals"

$Packages$glue$`Authors@R`
[1] "c( person(\"Jim\", \"Hester\", role = \"aut\", comment = c(ORCID = \"0000-0002-2739-7082\")), person(\"Jennifer\", \"Bryan\", , \"jenny@posit.co\", role = c(\"aut\", \"cre\"), comment = c(ORCID = \"0000-0002-6983-2759\")), person(\"Posit Software, PBC\", role = c(\"cph\", \"fnd\"), comment = c(ROR = \"03wc8by49\")) )"

$Packages$glue$Description
[1] "An implementation of interpreted string literals, inspired by Python's Literal String Interpolation <https://www.python.org/dev/peps/pep-0498/> and Docstrings <https://www.python.org/dev/peps/pep-0257/> and Julia's Triple-Quoted String Literals <https://docs.julialang.org/en/v1.3/manual/strings/#Triple-Quoted-String-Literals-1>."

$Packages$glue$License
[1] "MIT + file LICENSE"

$Packages$glue$URL
[1] "https://glue.tidyverse.org/, https://github.com/tidyverse/glue"

$Packages$glue$BugReports
[1] "https://github.com/tidyverse/glue/issues"

$Packages$glue$Depends
$Packages$glue$Depends[[1]]
[1] "R (>= 4.1)"


$Packages$glue$Imports
$Packages$glue$Imports[[1]]
[1] "methods"


$Packages$glue$Suggests
$Packages$glue$Suggests[[1]]
[1] "crayon"

$Packages$glue$Suggests[[2]]
[1] "DBI (>= 1.2.0)"

$Packages$glue$Suggests[[3]]
[1] "dplyr"

$Packages$glue$Suggests[[4]]
[1] "knitr"

$Packages$glue$Suggests[[5]]
[1] "rlang"

$Packages$glue$Suggests[[6]]
[1] "rmarkdown"

$Packages$glue$Suggests[[7]]
[1] "RSQLite"

$Packages$glue$Suggests[[8]]
[1] "testthat (>= 3.2.0)"

$Packages$glue$Suggests[[9]]
[1] "vctrs (>= 0.3.0)"

$Packages$glue$Suggests[[10]]
[1] "waldo (>= 0.5.3)"

$Packages$glue$Suggests[[11]]
[1] "withr"


$Packages$glue$VignetteBuilder
[1] "knitr"

$Packages$glue$ByteCompile
[1] "true"

$Packages$glue$`Config/Needs/website`
[1] "bench, forcats, ggbeeswarm, ggplot2, R.utils, rprintf, tidyr, tidyverse/tidytemplate"

$Packages$glue$`Config/testthat/edition`
[1] "3"

$Packages$glue$`Config/usethis/last-upkeep`
[1] "2026-04-16"

$Packages$glue$Encoding
[1] "UTF-8"

$Packages$glue$RoxygenNote
[1] "7.3.3"

$Packages$glue$NeedsCompilation
[1] "yes"

$Packages$glue$Author
[1] "Jim Hester [aut] (ORCID: <https://orcid.org/0000-0002-2739-7082>), Jennifer Bryan [aut, cre] (ORCID: <https://orcid.org/0000-0002-6983-2759>), Posit Software, PBC [cph, fnd] (ROR: <https://ror.org/03wc8by49>)"

$Packages$glue$Maintainer
[1] "Jennifer Bryan <jenny@posit.co>"

$Packages$glue$Repository
[1] "CRAN"


$Packages$Rcpp
$Packages$Rcpp$Package
[1] "Rcpp"

$Packages$Rcpp$Version
[1] "1.1.2"

$Packages$Rcpp$Source
[1] "Repository"

$Packages$Rcpp$Title
[1] "Seamless R and C++ Integration"

$Packages$Rcpp$Date
[1] "2026-07-01"

$Packages$Rcpp$`Authors@R`
[1] "c(person(\"Dirk\", \"Eddelbuettel\", role = c(\"aut\", \"cre\"), email = \"edd@debian.org\", comment = c(ORCID = \"0000-0001-6419-907X\")), person(\"Romain\", \"Francois\", role = \"aut\", comment = c(ORCID = \"0000-0002-2444-4226\")), person(\"JJ\", \"Allaire\", role = \"aut\", comment = c(ORCID = \"0000-0003-0174-9868\")), person(\"Kevin\", \"Ushey\", role = \"aut\", comment = c(ORCID = \"0000-0003-2880-7407\")), person(\"Qiang\", \"Kou\", role = \"aut\", comment = c(ORCID = \"0000-0001-6786-5453\")), person(\"Nathan\", \"Russell\", role = \"aut\"), person(\"Iñaki\", \"Ucar\", role = \"aut\", comment = c(ORCID = \"0000-0001-6403-5550\")), person(\"Doug\", \"Bates\", role = \"aut\", comment = c(ORCID = \"0000-0001-8316-9503\")), person(\"John\", \"Chambers\", role = \"aut\"))"

$Packages$Rcpp$Description
[1] "The 'Rcpp' package provides R functions as well as C++ classes which offer a seamless integration of R and C++. Many R data types and objects can be mapped back and forth to C++ equivalents which facilitates both writing of new code as well as easier integration of third-party libraries. Documentation about 'Rcpp' is provided by several vignettes included in this package, via the 'Rcpp Gallery' site at <https://gallery.rcpp.org>, the paper by Eddelbuettel and Francois (2011, <doi:10.18637/jss.v040.i08>), the book by Eddelbuettel (2013, <doi:10.1007/978-1-4614-6868-4>) and the paper by Eddelbuettel and Balamuta (2018, <doi:10.1080/00031305.2017.1375990>); see 'citation(\"Rcpp\")' for details."

$Packages$Rcpp$Depends
$Packages$Rcpp$Depends[[1]]
[1] "R (>= 3.5.0)"


$Packages$Rcpp$Imports
$Packages$Rcpp$Imports[[1]]
[1] "methods"

$Packages$Rcpp$Imports[[2]]
[1] "utils"


$Packages$Rcpp$Suggests
$Packages$Rcpp$Suggests[[1]]
[1] "tinytest"

$Packages$Rcpp$Suggests[[2]]
[1] "inline"

$Packages$Rcpp$Suggests[[3]]
[1] "rbenchmark"

$Packages$Rcpp$Suggests[[4]]
[1] "pkgKitten (>= 0.1.2)"


$Packages$Rcpp$URL
[1] "https://www.rcpp.org, https://dirk.eddelbuettel.com/code/rcpp.html, https://github.com/RcppCore/Rcpp"

$Packages$Rcpp$License
[1] "GPL (>= 2)"

$Packages$Rcpp$BugReports
[1] "https://github.com/RcppCore/Rcpp/issues"

$Packages$Rcpp$RoxygenNote
[1] "6.1.1"

$Packages$Rcpp$Encoding
[1] "UTF-8"

$Packages$Rcpp$VignetteBuilder
[1] "Rcpp"

$Packages$Rcpp$NeedsCompilation
[1] "yes"

$Packages$Rcpp$Author
[1] "Dirk Eddelbuettel [aut, cre] (ORCID: <https://orcid.org/0000-0001-6419-907X>), Romain Francois [aut] (ORCID: <https://orcid.org/0000-0002-2444-4226>), JJ Allaire [aut] (ORCID: <https://orcid.org/0000-0003-0174-9868>), Kevin Ushey [aut] (ORCID: <https://orcid.org/0000-0003-2880-7407>), Qiang Kou [aut] (ORCID: <https://orcid.org/0000-0001-6786-5453>), Nathan Russell [aut], Iñaki Ucar [aut] (ORCID: <https://orcid.org/0000-0001-6403-5550>), Doug Bates [aut] (ORCID: <https://orcid.org/0000-0001-8316-9503>), John Chambers [aut]"

$Packages$Rcpp$Maintainer
[1] "Dirk Eddelbuettel <edd@debian.org>"

$Packages$Rcpp$Repository
[1] "CRAN"


$Packages$summclust
$Packages$summclust$Package
[1] "summclust"

$Packages$summclust$Version
[1] "0.7.0"

$Packages$summclust$Source
[1] "Repository"

$Packages$summclust$Title
[1] "Module to Compute Influence and Leverage Statistics for Regression Models with Clustered Errors"

$Packages$summclust$`Authors@R`
[1] "c( person(given = \"Alexander\", family = \"Fischer\", role = c(\"aut\", \"cre\"), email = \"alexander-fischer1801@t-online.de\") )"

$Packages$summclust$Description
[1] "Module to compute cluster specific information for regression models with clustered errors, including leverage and influence statistics. Models of type 'lm' and 'fixest'(from the 'stats' and 'fixest' packages) are supported. 'summclust' implements similar features as the user-written 'summclust.ado' Stata module (MacKinnon, Nielsen & Webb, 2022; <arXiv:2205.03288v1>)."

$Packages$summclust$License
[1] "MIT + file LICENSE"

$Packages$summclust$Encoding
[1] "UTF-8"

$Packages$summclust$Roxygen
[1] "list(markdown = TRUE)"

$Packages$summclust$RoxygenNote
[1] "7.2.1"

$Packages$summclust$Imports
$Packages$summclust$Imports[[1]]
[1] "utils"

$Packages$summclust$Imports[[2]]
[1] "dreamerr"

$Packages$summclust$Imports[[3]]
[1] "MASS"

$Packages$summclust$Imports[[4]]
[1] "collapse"

$Packages$summclust$Imports[[5]]
[1] "generics"

$Packages$summclust$Imports[[6]]
[1] "cli"

$Packages$summclust$Imports[[7]]
[1] "rlang"


$Packages$summclust$Suggests
$Packages$summclust$Suggests[[1]]
[1] "ggplot2"

$Packages$summclust$Suggests[[2]]
[1] "latex2exp"

$Packages$summclust$Suggests[[3]]
[1] "fabricatr"

$Packages$summclust$Suggests[[4]]
[1] "fixest"

$Packages$summclust$Suggests[[5]]
[1] "haven"

$Packages$summclust$Suggests[[6]]
[1] "sandwich"

$Packages$summclust$Suggests[[7]]
[1] "lmtest"

$Packages$summclust$Suggests[[8]]
[1] "testthat (>= 3.0.0)"

$Packages$summclust$Suggests[[9]]
[1] "knitr"

$Packages$summclust$Suggests[[10]]
[1] "rmarkdown"

$Packages$summclust$Suggests[[11]]
[1] "covr"


$Packages$summclust$`Config/testthat/edition`
[1] "3"

$Packages$summclust$URL
[1] "https://s3alfisc.github.io/summclust/"

$Packages$summclust$BugReports
[1] "https://github.com/s3alfisc/summclust/issues"

$Packages$summclust$VignetteBuilder
[1] "knitr"

$Packages$summclust$Repository
[1] "https://s3alfisc.r-universe.dev"

$Packages$summclust$NeedsCompilation
[1] "no"

$Packages$summclust$Author
[1] "Alexander Fischer [aut, cre]"

$Packages$summclust$Maintainer
[1] "Alexander Fischer <alexander-fischer1801@t-online.de>"

$Packages$summclust$RemoteType
[1] "repository"

$Packages$summclust$RemoteUrl
[1] "https://github.com/s3alfisc/summclust"

$Packages$summclust$RemoteRef
[1] "HEAD"

$Packages$summclust$RemoteSha
[1] "2d25c68eb046028b680fdc8c9827820f7e791827"


$Packages$collapse
$Packages$collapse$Package
[1] "collapse"

$Packages$collapse$Version
[1] "2.1.8"

$Packages$collapse$Source
[1] "Repository"

$Packages$collapse$Title
[1] "Advanced and Fast Data Transformation"

$Packages$collapse$Date
[1] "2026-08-29"

$Packages$collapse$`Authors@R`
[1] "c( person(\"Sebastian\", \"Krantz\", role = c(\"aut\", \"cre\"),  email = \"sebastian.krantz@graduateinstitute.ch\",  comment = c(ORCID = \"0000-0001-6212-5229\")), person(\"Matt\", \"Dowle\", role = \"ctb\"), person(\"Arun\", \"Srinivasan\", role = \"ctb\"), person(\"Morgan\", \"Jacob\", role = \"ctb\"), person(\"Dirk\", \"Eddelbuettel\", role = \"ctb\"), person(\"Laurent\", \"Berge\", role = \"ctb\"), person(\"Kevin\", \"Tappe\", role = \"ctb\"), person(\"Alina\", \"Cherkas\", role = \"ctb\"), person(\"Ivan\", \"Krylov\", role = \"ctb\"), person(\"R Core Team and contributors worldwide\", role = \"ctb\"), person(\"Martyn\", \"Plummer\", role = \"cph\"), person(\"1999-2016 The R Core Team\", role = \"cph\") )"

$Packages$collapse$Description
[1] "A large C/C++-based package for advanced data transformation and  statistical computing in R that is extremely fast, class-agnostic, robust, and  programmer friendly. Core functionality includes a rich set of S3 generic grouped  and weighted statistical functions for vectors, matrices and data frames, which  provide efficient low-level vectorizations, OpenMP multithreading, and skip missing  values by default. These are integrated with fast grouping and ordering algorithms  (also callable from C), and efficient data manipulation functions. The package also  provides a flexible and rigorous approach to time series and panel data in R, fast  functions for data transformation and common statistical procedures, detailed  (grouped, weighted) summary statistics, powerful tools to work with nested data,  fast data object conversions, functions for memory efficient R programming, and  helpers to effectively deal with variable labels, attributes, and missing data. It  seamlessly supports base R objects/classes as well as 'units', 'integer64', 'xts'/ 'zoo', 'tibble', 'grouped_df', 'data.table', 'sf', and 'pseries'/'pdata.frame'.  For a concise overview of the package see Krantz (2026) <doi:10.18637/jss.v116.i01>."

$Packages$collapse$URL
[1] "https://fastverse.org/collapse/, https://github.com/fastverse/collapse"

$Packages$collapse$BugReports
[1] "https://github.com/fastverse/collapse/issues"

$Packages$collapse$License
[1] "GPL (>= 2) | file LICENSE"

$Packages$collapse$Encoding
[1] "UTF-8"

$Packages$collapse$LazyData
[1] "true"

$Packages$collapse$Depends
$Packages$collapse$Depends[[1]]
[1] "R (>= 4.1.0)"


$Packages$collapse$Imports
$Packages$collapse$Imports[[1]]
[1] "Rcpp (>= 1.0.1)"


$Packages$collapse$LinkingTo
$Packages$collapse$LinkingTo[[1]]
[1] "Rcpp"


$Packages$collapse$Suggests
$Packages$collapse$Suggests[[1]]
[1] "fastverse"

$Packages$collapse$Suggests[[2]]
[1] "data.table"

$Packages$collapse$Suggests[[3]]
[1] "magrittr"

$Packages$collapse$Suggests[[4]]
[1] "kit"

$Packages$collapse$Suggests[[5]]
[1] "xts"

$Packages$collapse$Suggests[[6]]
[1] "zoo"

$Packages$collapse$Suggests[[7]]
[1] "plm"

$Packages$collapse$Suggests[[8]]
[1] "fixest"

$Packages$collapse$Suggests[[9]]
[1] "vars"

$Packages$collapse$Suggests[[10]]
[1] "RcppArmadillo"

$Packages$collapse$Suggests[[11]]
[1] "RcppEigen"

$Packages$collapse$Suggests[[12]]
[1] "tibble"

$Packages$collapse$Suggests[[13]]
[1] "dplyr"

$Packages$collapse$Suggests[[14]]
[1] "ggplot2"

$Packages$collapse$Suggests[[15]]
[1] "scales"

$Packages$collapse$Suggests[[16]]
[1] "microbenchmark"

$Packages$collapse$Suggests[[17]]
[1] "testthat"

$Packages$collapse$Suggests[[18]]
[1] "covr"

$Packages$collapse$Suggests[[19]]
[1] "knitr"

$Packages$collapse$Suggests[[20]]
[1] "rmarkdown"

$Packages$collapse$Suggests[[21]]
[1] "withr"

$Packages$collapse$Suggests[[22]]
[1] "bit64"


$Packages$collapse$VignetteBuilder
[1] "knitr"

$Packages$collapse$NeedsCompilation
[1] "yes"

$Packages$collapse$Author
[1] "Sebastian Krantz [aut, cre] (ORCID: <https://orcid.org/0000-0001-6212-5229>), Matt Dowle [ctb], Arun Srinivasan [ctb], Morgan Jacob [ctb], Dirk Eddelbuettel [ctb], Laurent Berge [ctb], Kevin Tappe [ctb], Alina Cherkas [ctb], Ivan Krylov [ctb], R Core Team and contributors worldwide [ctb], Martyn Plummer [cph], 1999-2016 The R Core Team [cph]"

$Packages$collapse$Maintainer
[1] "Sebastian Krantz <sebastian.krantz@graduateinstitute.ch>"

$Packages$collapse$Repository
[1] "CRAN"


$Packages$tibble
$Packages$tibble$Package
[1] "tibble"

$Packages$tibble$Version
[1] "3.3.1"

$Packages$tibble$Source
[1] "Repository"

$Packages$tibble$Title
[1] "Simple Data Frames"

$Packages$tibble$`Authors@R`
[1] "c( person(\"Kirill\", \"Müller\", , \"kirill@cynkra.com\", role = c(\"aut\", \"cre\"), comment = c(ORCID = \"0000-0002-1416-3412\")), person(\"Hadley\", \"Wickham\", , \"hadley@rstudio.com\", role = \"aut\"), person(\"Romain\", \"Francois\", , \"romain@r-enthusiasts.com\", role = \"ctb\"), person(\"Jennifer\", \"Bryan\", , \"jenny@rstudio.com\", role = \"ctb\"), person(\"Posit Software, PBC\", role = c(\"cph\", \"fnd\"), comment = c(ROR = \"03wc8by49\")) )"

$Packages$tibble$Description
[1] "Provides a 'tbl_df' class (the 'tibble') with stricter checking and better formatting than the traditional data frame."

$Packages$tibble$License
[1] "MIT + file LICENSE"

$Packages$tibble$URL
[1] "https://tibble.tidyverse.org/, https://github.com/tidyverse/tibble"

$Packages$tibble$BugReports
[1] "https://github.com/tidyverse/tibble/issues"

$Packages$tibble$Depends
$Packages$tibble$Depends[[1]]
[1] "R (>= 3.4.0)"


$Packages$tibble$Imports
$Packages$tibble$Imports[[1]]
[1] "cli"

$Packages$tibble$Imports[[2]]
[1] "lifecycle (>= 1.0.0)"

$Packages$tibble$Imports[[3]]
[1] "magrittr"

$Packages$tibble$Imports[[4]]
[1] "methods"

$Packages$tibble$Imports[[5]]
[1] "pillar (>= 1.8.1)"

$Packages$tibble$Imports[[6]]
[1] "pkgconfig"

$Packages$tibble$Imports[[7]]
[1] "rlang (>= 1.0.2)"

$Packages$tibble$Imports[[8]]
[1] "utils"

$Packages$tibble$Imports[[9]]
[1] "vctrs (>= 0.5.0)"


$Packages$tibble$Suggests
$Packages$tibble$Suggests[[1]]
[1] "bench"

$Packages$tibble$Suggests[[2]]
[1] "bit64"

$Packages$tibble$Suggests[[3]]
[1] "blob"

$Packages$tibble$Suggests[[4]]
[1] "brio"

$Packages$tibble$Suggests[[5]]
[1] "callr"

$Packages$tibble$Suggests[[6]]
[1] "DiagrammeR"

$Packages$tibble$Suggests[[7]]
[1] "dplyr"

$Packages$tibble$Suggests[[8]]
[1] "evaluate"

$Packages$tibble$Suggests[[9]]
[1] "formattable"

$Packages$tibble$Suggests[[10]]
[1] "ggplot2"

$Packages$tibble$Suggests[[11]]
[1] "here"

$Packages$tibble$Suggests[[12]]
[1] "hms"

$Packages$tibble$Suggests[[13]]
[1] "htmltools"

$Packages$tibble$Suggests[[14]]
[1] "knitr"

$Packages$tibble$Suggests[[15]]
[1] "lubridate"

$Packages$tibble$Suggests[[16]]
[1] "nycflights13"

$Packages$tibble$Suggests[[17]]
[1] "pkgload"

$Packages$tibble$Suggests[[18]]
[1] "purrr"

$Packages$tibble$Suggests[[19]]
[1] "rmarkdown"

$Packages$tibble$Suggests[[20]]
[1] "stringi"

$Packages$tibble$Suggests[[21]]
[1] "testthat (>= 3.0.2)"

$Packages$tibble$Suggests[[22]]
[1] "tidyr"

$Packages$tibble$Suggests[[23]]
[1] "withr"


$Packages$tibble$VignetteBuilder
[1] "knitr"

$Packages$tibble$`Config/autostyle/rmd`
[1] "false"

$Packages$tibble$`Config/autostyle/scope`
[1] "line_breaks"

$Packages$tibble$`Config/autostyle/strict`
[1] "true"

$Packages$tibble$`Config/Needs/website`
[1] "tidyverse/tidytemplate"

$Packages$tibble$`Config/testthat/edition`
[1] "3"

$Packages$tibble$`Config/testthat/parallel`
[1] "true"

$Packages$tibble$`Config/testthat/start-first`
[1] "vignette-formats, as_tibble, add, invariants"

$Packages$tibble$`Config/usethis/last-upkeep`
[1] "2025-06-07"

$Packages$tibble$Encoding
[1] "UTF-8"

$Packages$tibble$RoxygenNote
[1] "7.3.3.9000"

$Packages$tibble$NeedsCompilation
[1] "yes"

$Packages$tibble$Author
[1] "Kirill Müller [aut, cre] (ORCID: <https://orcid.org/0000-0002-1416-3412>), Hadley Wickham [aut], Romain Francois [ctb], Jennifer Bryan [ctb], Posit Software, PBC [cph, fnd] (ROR: <https://ror.org/03wc8by49>)"

$Packages$tibble$Maintainer
[1] "Kirill Müller <kirill@cynkra.com>"

$Packages$tibble$Repository
[1] "CRAN"


$Packages$lmtest
$Packages$lmtest$Package
[1] "lmtest"

$Packages$lmtest$Version
[1] "0.9-40"

$Packages$lmtest$Source
[1] "Repository"

$Packages$lmtest$Title
[1] "Testing Linear Regression Models"

$Packages$lmtest$Date
[1] "2022-03-21"

$Packages$lmtest$`Authors@R`
[1] "c(person(given = \"Torsten\", family = \"Hothorn\", role = \"aut\", email = \"Torsten.Hothorn@R-project.org\", comment = c(ORCID = \"0000-0001-8301-0471\")), person(given = \"Achim\", family = \"Zeileis\", role = c(\"aut\", \"cre\"), email = \"Achim.Zeileis@R-project.org\", comment = c(ORCID = \"0000-0003-0918-3766\")), person(given = c(\"Richard\", \"W.\"), family = \"Farebrother\", role = \"aut\", comment = \"pan.f\"), person(given = \"Clint\", family = \"Cummins\", role = \"aut\", comment = \"pan.f\"), person(given = \"Giovanni\", family = \"Millo\", role = \"ctb\"), person(given = \"David\", family = \"Mitchell\", role = \"ctb\"))"

$Packages$lmtest$Description
[1] "A collection of tests, data sets, and examples for diagnostic checking in linear regression models. Furthermore, some generic tools for inference in parametric models are provided."

$Packages$lmtest$LazyData
[1] "yes"

$Packages$lmtest$Depends
$Packages$lmtest$Depends[[1]]
[1] "R (>= 3.0.0)"

$Packages$lmtest$Depends[[2]]
[1] "stats"

$Packages$lmtest$Depends[[3]]
[1] "zoo"


$Packages$lmtest$Suggests
$Packages$lmtest$Suggests[[1]]
[1] "car"

$Packages$lmtest$Suggests[[2]]
[1] "strucchange"

$Packages$lmtest$Suggests[[3]]
[1] "sandwich"

$Packages$lmtest$Suggests[[4]]
[1] "dynlm"

$Packages$lmtest$Suggests[[5]]
[1] "stats4"

$Packages$lmtest$Suggests[[6]]
[1] "survival"

$Packages$lmtest$Suggests[[7]]
[1] "AER"


$Packages$lmtest$Imports
$Packages$lmtest$Imports[[1]]
[1] "graphics"


$Packages$lmtest$License
[1] "GPL-2 | GPL-3"

$Packages$lmtest$NeedsCompilation
[1] "yes"

$Packages$lmtest$Author
[1] "Torsten Hothorn [aut] (<https://orcid.org/0000-0001-8301-0471>), Achim Zeileis [aut, cre] (<https://orcid.org/0000-0003-0918-3766>), Richard W. Farebrother [aut] (pan.f), Clint Cummins [aut] (pan.f), Giovanni Millo [ctb], David Mitchell [ctb]"

$Packages$lmtest$Maintainer
[1] "Achim Zeileis <Achim.Zeileis@R-project.org>"

$Packages$lmtest$Repository
[1] "CRAN"


$Packages$spatial
$Packages$spatial$Package
[1] "spatial"

$Packages$spatial$Version
[1] "7.3-18"

$Packages$spatial$Source
[1] "Repository"

$Packages$spatial$Priority
[1] "recommended"

$Packages$spatial$Date
[1] "2025-01-01"

$Packages$spatial$Depends
$Packages$spatial$Depends[[1]]
[1] "R (>= 3.0.0)"

$Packages$spatial$Depends[[2]]
[1] "graphics"

$Packages$spatial$Depends[[3]]
[1] "stats"

$Packages$spatial$Depends[[4]]
[1] "utils"


$Packages$spatial$Suggests
$Packages$spatial$Suggests[[1]]
[1] "MASS"


$Packages$spatial$`Authors@R`
[1] "c(person(\"Brian\", \"Ripley\", role = c(\"aut\", \"cre\", \"cph\"), email = \"Brian.Ripley@R-project.org\"), person(\"Roger\", \"Bivand\", role = \"ctb\"), person(\"William\", \"Venables\", role = \"cph\"))"

$Packages$spatial$Description
[1] "Functions for kriging and point pattern analysis."

$Packages$spatial$Title
[1] "Functions for Kriging and Point Pattern Analysis"

$Packages$spatial$LazyLoad
[1] "yes"

$Packages$spatial$ByteCompile
[1] "yes"

$Packages$spatial$License
[1] "GPL-2 | GPL-3"

$Packages$spatial$URL
[1] "http://www.stats.ox.ac.uk/pub/MASS4/"

$Packages$spatial$NeedsCompilation
[1] "yes"

$Packages$spatial$Author
[1] "Brian Ripley [aut, cre, cph], Roger Bivand [ctb], William Venables [cph]"

$Packages$spatial$Maintainer
[1] "Brian Ripley <Brian.Ripley@R-project.org>"

$Packages$spatial$Repository
[1] "CRAN"


$Packages$nlme
$Packages$nlme$Package
[1] "nlme"

$Packages$nlme$Version
[1] "3.1-169"

$Packages$nlme$Source
[1] "Repository"

$Packages$nlme$Date
[1] "2026-03-27"

$Packages$nlme$Priority
[1] "recommended"

$Packages$nlme$Title
[1] "Linear and Nonlinear Mixed Effects Models"

$Packages$nlme$`Authors@R`
[1] "c(person(\"José\", \"Pinheiro\", role = \"aut\", comment = \"S version\"), person(\"Douglas\", \"Bates\", role = \"aut\", comment = \"up to 2007\"), person(\"Saikat\", \"DebRoy\", role = \"ctb\", comment = \"up to 2002\"), person(\"Deepayan\", \"Sarkar\", role = \"ctb\", comment = \"up to 2005\"), person(\"EISPACK authors\", role = \"ctb\", comment = \"src/rs.f\"), person(\"Siem\", \"Heisterkamp\", role = \"ctb\", comment = \"Author fixed sigma\"), person(\"Bert\", \"Van Willigen\",role = \"ctb\", comment = \"Programmer fixed sigma\"), person(\"Johannes\", \"Ranke\", role = \"ctb\", comment = \"varConstProp()\"), person(\"R Core Team\", email = \"R-core@R-project.org\", role = c(\"aut\", \"cre\"), comment = c(ROR = \"02zz1nj61\")))"

$Packages$nlme$Contact
[1] "see 'MailingList'"

$Packages$nlme$Description
[1] "Fit and compare Gaussian linear and nonlinear mixed-effects models."

$Packages$nlme$Depends
$Packages$nlme$Depends[[1]]
[1] "R (>= 3.6.0)"


$Packages$nlme$Imports
$Packages$nlme$Imports[[1]]
[1] "graphics"

$Packages$nlme$Imports[[2]]
[1] "stats"

$Packages$nlme$Imports[[3]]
[1] "utils"

$Packages$nlme$Imports[[4]]
[1] "lattice"


$Packages$nlme$Suggests
$Packages$nlme$Suggests[[1]]
[1] "MASS"

$Packages$nlme$Suggests[[2]]
[1] "SASmixed"


$Packages$nlme$LazyData
[1] "yes"

$Packages$nlme$Encoding
[1] "UTF-8"

$Packages$nlme$License
[1] "GPL (>= 2)"

$Packages$nlme$BugReports
[1] "https://bugs.r-project.org"

$Packages$nlme$MailingList
[1] "R-help@r-project.org"

$Packages$nlme$URL
[1] "https://svn.r-project.org/R-packages/trunk/nlme/"

$Packages$nlme$NeedsCompilation
[1] "yes"

$Packages$nlme$Author
[1] "José Pinheiro [aut] (S version), Douglas Bates [aut] (up to 2007), Saikat DebRoy [ctb] (up to 2002), Deepayan Sarkar [ctb] (up to 2005), EISPACK authors [ctb] (src/rs.f), Siem Heisterkamp [ctb] (Author fixed sigma), Bert Van Willigen [ctb] (Programmer fixed sigma), Johannes Ranke [ctb] (varConstProp()), R Core Team [aut, cre] (ROR: <https://ror.org/02zz1nj61>)"

$Packages$nlme$Maintainer
[1] "R Core Team <R-core@R-project.org>"

$Packages$nlme$Repository
[1] "CRAN"


$Packages$BH
$Packages$BH$Package
[1] "BH"

$Packages$BH$Version
[1] "1.90.0-1"

$Packages$BH$Source
[1] "Repository"

$Packages$BH$Type
[1] "Package"

$Packages$BH$Title
[1] "Boost C++ Header Files"

$Packages$BH$Date
[1] "2025-12-13"

$Packages$BH$`Authors@R`
[1] "c(person(\"Dirk\", \"Eddelbuettel\", role = c(\"aut\", \"cre\"), email = \"edd@debian.org\", comment = c(ORCID = \"0000-0001-6419-907X\")), person(\"John W.\", \"Emerson\", role = \"aut\"),  person(\"Michael J.\", \"Kane\", role = \"aut\",  comment = c(ORCID = \"0000-0003-1899-6662\")))"

$Packages$BH$Description
[1] "Boost provides free peer-reviewed portable C++ source  libraries.  A large part of Boost is provided as C++ template code which is resolved entirely at compile-time without linking.  This  package aims to provide the most useful subset of Boost libraries  for template use among CRAN packages. By placing these libraries in  this package, we offer a more efficient distribution system for CRAN  as replication of this code in the sources of other packages is  avoided. As of release 1.84.0-0, the following Boost libraries are included: 'accumulators' 'algorithm' 'align' 'any' 'atomic' 'beast' 'bimap' 'bind' 'circular_buffer' 'compute' 'concept' 'config' 'container' 'date_time' 'detail' 'dynamic_bitset' 'exception' 'flyweight' 'foreach' 'functional' 'fusion' 'geometry' 'graph' 'heap' 'icl' 'integer' 'interprocess' 'intrusive' 'io' 'iostreams' 'iterator' 'lambda2' 'math' 'move' 'mp11' 'mpl' 'multiprecision' 'numeric' 'pending' 'phoenix' 'polygon' 'preprocessor' 'process' 'propery_tree' 'qvm' 'random' 'range' 'scope_exit' 'smart_ptr' 'sort' 'spirit' 'tuple' 'type_traits' 'typeof' 'unordered' 'url' 'utility' 'uuid'."

$Packages$BH$License
[1] "BSL-1.0"

$Packages$BH$URL
[1] "https://github.com/eddelbuettel/bh, https://dirk.eddelbuettel.com/code/bh.html"

$Packages$BH$BugReports
[1] "https://github.com/eddelbuettel/bh/issues"

$Packages$BH$NeedsCompilation
[1] "no"

$Packages$BH$Author
[1] "Dirk Eddelbuettel [aut, cre] (ORCID: <https://orcid.org/0000-0001-6419-907X>), John W. Emerson [aut], Michael J. Kane [aut] (ORCID: <https://orcid.org/0000-0003-1899-6662>)"

$Packages$BH$Maintainer
[1] "Dirk Eddelbuettel <edd@debian.org>"

$Packages$BH$Repository
[1] "CRAN"


$Packages$prettyunits
$Packages$prettyunits$Package
[1] "prettyunits"

$Packages$prettyunits$Version
[1] "1.2.0"

$Packages$prettyunits$Source
[1] "Repository"

$Packages$prettyunits$Title
[1] "Pretty, Human Readable Formatting of Quantities"

$Packages$prettyunits$`Authors@R`
[1] "c( person(\"Gabor\", \"Csardi\", email=\"csardi.gabor@gmail.com\", role=c(\"aut\", \"cre\")), person(\"Bill\", \"Denney\", email=\"wdenney@humanpredictions.com\", role=c(\"ctb\"), comment=c(ORCID=\"0000-0002-5759-428X\")), person(\"Christophe\", \"Regouby\", email=\"christophe.regouby@free.fr\", role=c(\"ctb\")) )"

$Packages$prettyunits$Description
[1] "Pretty, human readable formatting of quantities. Time intervals: '1337000' -> '15d 11h 23m 20s'. Vague time intervals: '2674000' -> 'about a month ago'. Bytes: '1337' -> '1.34 kB'. Rounding: '99' with 3 significant digits -> '99.0' p-values: '0.00001' -> '<0.0001'. Colors: '#FF0000' -> 'red'. Quantities: '1239437' -> '1.24 M'."

$Packages$prettyunits$License
[1] "MIT + file LICENSE"

$Packages$prettyunits$URL
[1] "https://github.com/r-lib/prettyunits"

$Packages$prettyunits$BugReports
[1] "https://github.com/r-lib/prettyunits/issues"

$Packages$prettyunits$Depends
$Packages$prettyunits$Depends[[1]]
[1] "R(>= 2.10)"


$Packages$prettyunits$Suggests
$Packages$prettyunits$Suggests[[1]]
[1] "codetools"

$Packages$prettyunits$Suggests[[2]]
[1] "covr"

$Packages$prettyunits$Suggests[[3]]
[1] "testthat"


$Packages$prettyunits$RoxygenNote
[1] "7.2.3"

$Packages$prettyunits$Encoding
[1] "UTF-8"

$Packages$prettyunits$NeedsCompilation
[1] "no"

$Packages$prettyunits$Author
[1] "Gabor Csardi [aut, cre], Bill Denney [ctb] (<https://orcid.org/0000-0002-5759-428X>), Christophe Regouby [ctb]"

$Packages$prettyunits$Maintainer
[1] "Gabor Csardi <csardi.gabor@gmail.com>"

$Packages$prettyunits$Repository
[1] "CRAN"


$Packages$readxl
$Packages$readxl$Package
[1] "readxl"

$Packages$readxl$Version
[1] "1.5.0.1"

$Packages$readxl$Source
[1] "Repository"

$Packages$readxl$Title
[1] "Read Excel Files"

$Packages$readxl$`Authors@R`
[1] "c( person(\"Hadley\", \"Wickham\", , \"hadley@posit.co\", role = \"aut\", comment = c(ORCID = \"0000-0003-4757-117X\")), person(\"Jennifer\", \"Bryan\", , \"jenny@posit.co\", role = c(\"aut\", \"cre\"), comment = c(ORCID = \"0000-0002-6983-2759\")), person(\"Posit, PBC\", role = c(\"cph\", \"fnd\"), comment = \"Copyright holder of all R code and all C/C++ code without explicit copyright attribution\"), person(\"Marcin\", \"Kalicinski\", role = c(\"ctb\", \"cph\"), comment = \"Author of included RapidXML code\"), person(\"Komarov Valery\", role = c(\"ctb\", \"cph\"), comment = \"Author of included libxls code\"), person(\"Christophe Leitienne\", role = c(\"ctb\", \"cph\"), comment = \"Author of included libxls code\"), person(\"Bob Colbert\", role = c(\"ctb\", \"cph\"), comment = \"Author of included libxls code\"), person(\"David Hoerl\", role = c(\"ctb\", \"cph\"), comment = \"Author of included libxls code\"), person(\"Evan Miller\", role = c(\"ctb\", \"cph\"), comment = \"Author of included libxls code\") )"

$Packages$readxl$Description
[1] "Import excel files into R. Supports '.xls' via the embedded 'libxls' C library <https://github.com/libxls/libxls> and '.xlsx' via the embedded 'RapidXML' C++ library <https://rapidxml.sourceforge.net/>.  Works on Windows, Mac and Linux without external dependencies."

$Packages$readxl$License
[1] "MIT + file LICENSE"

$Packages$readxl$URL
[1] "https://readxl.tidyverse.org, https://github.com/tidyverse/readxl"

$Packages$readxl$BugReports
[1] "https://github.com/tidyverse/readxl/issues"

$Packages$readxl$Depends
$Packages$readxl$Depends[[1]]
[1] "R (>= 4.1)"


$Packages$readxl$Imports
$Packages$readxl$Imports[[1]]
[1] "cellranger"

$Packages$readxl$Imports[[2]]
[1] "tibble (>= 2.0.1)"

$Packages$readxl$Imports[[3]]
[1] "utils"


$Packages$readxl$Suggests
$Packages$readxl$Suggests[[1]]
[1] "covr"

$Packages$readxl$Suggests[[2]]
[1] "knitr"

$Packages$readxl$Suggests[[3]]
[1] "rmarkdown"

$Packages$readxl$Suggests[[4]]
[1] "testthat (>= 3.1.6)"

$Packages$readxl$Suggests[[5]]
[1] "withr"


$Packages$readxl$LinkingTo
$Packages$readxl$LinkingTo[[1]]
[1] "cpp11 (>= 0.5.5)"

$Packages$readxl$LinkingTo[[2]]
[1] "progress"


$Packages$readxl$VignetteBuilder
[1] "knitr"

$Packages$readxl$`Config/build/compilation-database`
[1] "true"

$Packages$readxl$`Config/Needs/website`
[1] "tidyverse/tidytemplate, tidyverse"

$Packages$readxl$`Config/roxygen2/version`
[1] "8.0.0"

$Packages$readxl$`Config/testthat/edition`
[1] "3"

$Packages$readxl$Encoding
[1] "UTF-8"

$Packages$readxl$Note
[1] "libxls v1.6.3 c199d13"

$Packages$readxl$NeedsCompilation
[1] "yes"

$Packages$readxl$Author
[1] "Hadley Wickham [aut] (ORCID: <https://orcid.org/0000-0003-4757-117X>), Jennifer Bryan [aut, cre] (ORCID: <https://orcid.org/0000-0002-6983-2759>), Posit, PBC [cph, fnd] (Copyright holder of all R code and all C/C++ code without explicit copyright attribution), Marcin Kalicinski [ctb, cph] (Author of included RapidXML code), Komarov Valery [ctb, cph] (Author of included libxls code), Christophe Leitienne [ctb, cph] (Author of included libxls code), Bob Colbert [ctb, cph] (Author of included libxls code), David Hoerl [ctb, cph] (Author of included libxls code), Evan Miller [ctb, cph] (Author of included libxls code)"

$Packages$readxl$Maintainer
[1] "Jennifer Bryan <jenny@posit.co>"

$Packages$readxl$Repository
[1] "CRAN"



attr(,"class")
[1] "renv_lockfile"

$lockfile
$R
$R$Version
[1] "4.6.1"

$R$Repositories
$R$Repositories$CRAN
[1] "https://cloud.r-project.org"



$Packages
$Packages$BH
$Packages$BH$Package
[1] "BH"

$Packages$BH$Version
[1] "1.90.0-1"

$Packages$BH$Source
[1] "Repository"

$Packages$BH$Type
[1] "Package"

$Packages$BH$Title
[1] "Boost C++ Header Files"

$Packages$BH$Date
[1] "2025-12-13"

$Packages$BH$`Authors@R`
[1] "c(person(\"Dirk\", \"Eddelbuettel\", role = c(\"aut\", \"cre\"), email = \"edd@debian.org\", comment = c(ORCID = \"0000-0001-6419-907X\")), person(\"John W.\", \"Emerson\", role = \"aut\"),  person(\"Michael J.\", \"Kane\", role = \"aut\",  comment = c(ORCID = \"0000-0003-1899-6662\")))"

$Packages$BH$Description
[1] "Boost provides free peer-reviewed portable C++ source  libraries.  A large part of Boost is provided as C++ template code which is resolved entirely at compile-time without linking.  This  package aims to provide the most useful subset of Boost libraries  for template use among CRAN packages. By placing these libraries in  this package, we offer a more efficient distribution system for CRAN  as replication of this code in the sources of other packages is  avoided. As of release 1.84.0-0, the following Boost libraries are included: 'accumulators' 'algorithm' 'align' 'any' 'atomic' 'beast' 'bimap' 'bind' 'circular_buffer' 'compute' 'concept' 'config' 'container' 'date_time' 'detail' 'dynamic_bitset' 'exception' 'flyweight' 'foreach' 'functional' 'fusion' 'geometry' 'graph' 'heap' 'icl' 'integer' 'interprocess' 'intrusive' 'io' 'iostreams' 'iterator' 'lambda2' 'math' 'move' 'mp11' 'mpl' 'multiprecision' 'numeric' 'pending' 'phoenix' 'polygon' 'preprocessor' 'process' 'propery_tree' 'qvm' 'random' 'range' 'scope_exit' 'smart_ptr' 'sort' 'spirit' 'tuple' 'type_traits' 'typeof' 'unordered' 'url' 'utility' 'uuid'."

$Packages$BH$License
[1] "BSL-1.0"

$Packages$BH$URL
[1] "https://github.com/eddelbuettel/bh, https://dirk.eddelbuettel.com/code/bh.html"

$Packages$BH$BugReports
[1] "https://github.com/eddelbuettel/bh/issues"

$Packages$BH$NeedsCompilation
[1] "no"

$Packages$BH$Author
[1] "Dirk Eddelbuettel [aut, cre] (ORCID: <https://orcid.org/0000-0001-6419-907X>), John W. Emerson [aut], Michael J. Kane [aut] (ORCID: <https://orcid.org/0000-0003-1899-6662>)"

$Packages$BH$Maintainer
[1] "Dirk Eddelbuettel <edd@debian.org>"

$Packages$BH$Repository
[1] "CRAN"


$Packages$Formula
$Packages$Formula$Package
[1] "Formula"

$Packages$Formula$Version
[1] "1.2-6"

$Packages$Formula$Source
[1] "Repository"

$Packages$Formula$Date
[1] "2026-08-01"

$Packages$Formula$Title
[1] "Extended Model Formulas"

$Packages$Formula$Description
[1] "Infrastructure for extended formulas with multiple parts on the right-hand side and/or multiple responses on the left-hand side (see <doi:10.18637/jss.v034.i01>)."

$Packages$Formula$`Authors@R`
[1] "c(person(given = \"Achim\", family = \"Zeileis\", role = c(\"aut\", \"cre\"), email = \"Achim.Zeileis@R-project.org\", comment = c(ORCID = \"0000-0003-0918-3766\")), person(given = \"Yves\", family = \"Croissant\", role = \"aut\", email = \"Yves.Croissant@univ-reunion.fr\", comment = c(ORCID = \"0000-0002-4857-7736\")))"

$Packages$Formula$Depends
$Packages$Formula$Depends[[1]]
[1] "R (>= 2.0.0)"

$Packages$Formula$Depends[[2]]
[1] "stats"


$Packages$Formula$Suggests
$Packages$Formula$Suggests[[1]]
[1] "knitr"

$Packages$Formula$Suggests[[2]]
[1] "rmarkdown"


$Packages$Formula$License
[1] "GPL-2 | GPL-3"

$Packages$Formula$VignetteBuilder
[1] "knitr"

$Packages$Formula$URL
[1] "https://zeileis.codeberg.page/Formula/"

$Packages$Formula$BugReports
[1] "https://codeberg.org/zeileis/Formula/issues"

$Packages$Formula$NeedsCompilation
[1] "no"

$Packages$Formula$Author
[1] "Achim Zeileis [aut, cre] (ORCID: <https://orcid.org/0000-0003-0918-3766>), Yves Croissant [aut] (ORCID: <https://orcid.org/0000-0002-4857-7736>)"

$Packages$Formula$Maintainer
[1] "Achim Zeileis <Achim.Zeileis@R-project.org>"

$Packages$Formula$Repository
[1] "CRAN"


$Packages$JuliaConnectoR
$Packages$JuliaConnectoR$Package
[1] "JuliaConnectoR"

$Packages$JuliaConnectoR$Version
[1] "1.1.6"

$Packages$JuliaConnectoR$Source
[1] "Repository"

$Packages$JuliaConnectoR$Type
[1] "Package"

$Packages$JuliaConnectoR$Title
[1] "A Functionally Oriented Interface for Integrating 'Julia' with R"

$Packages$JuliaConnectoR$Maintainer
[1] "Stefan Lenz <stefan-m-lenz@web.de>"

$Packages$JuliaConnectoR$`Authors@R`
[1] "c(person(\"Stefan\", \"Lenz\", role = c(\"aut\", \"cre\"), email = \"stefan-m-lenz@web.de\", comment = c(ORCID = \"0000-0001-9135-1743\")), person(\"Harald\", \"Binder\", role = c(\"aut\", \"ths\"), comment = c(ORCID = \"0000-0002-5666-8662\")), person(\"Angelo\", \"D\\'Ambrosio\", comment = c(ORCID = \"0000-0002-2045-5155\"), role = \"ctb\"), person(\"June\", \"Choe\", comment = c(ORCID = \"0000-0002-0701-921X\"), role = \"ctb\"), person(\"Bjarke Hautop\", \"Kristensen\", comment = c(ORCID = \"0009-0007-3733-1769\"), role = \"ctb\"))"

$Packages$JuliaConnectoR$Description
[1] "Allows to import functions and whole packages from 'Julia' in R. Imported 'Julia' functions can directly be called as R functions. Data structures can be translated between 'Julia' and R. More details can also be found in the corresponding article <doi:10.18637/jss.v101.i06>."

$Packages$JuliaConnectoR$License
[1] "MIT + file LICENCE"

$Packages$JuliaConnectoR$URL
[1] "https://github.com/stefan-m-lenz/JuliaConnectoR"

$Packages$JuliaConnectoR$BugReports
[1] "https://github.com/stefan-m-lenz/JuliaConnectoR/issues"

$Packages$JuliaConnectoR$SystemRequirements
[1] "Julia >= 1.0"

$Packages$JuliaConnectoR$Encoding
[1] "UTF-8"

$Packages$JuliaConnectoR$RoxygenNote
[1] "7.3.3"

$Packages$JuliaConnectoR$Suggests
$Packages$JuliaConnectoR$Suggests[[1]]
[1] "testthat (>= 2.1.0)"

$Packages$JuliaConnectoR$Suggests[[2]]
[1] "future"

$Packages$JuliaConnectoR$Suggests[[3]]
[1] "parallel"

$Packages$JuliaConnectoR$Suggests[[4]]
[1] "parallelly"


$Packages$JuliaConnectoR$NeedsCompilation
[1] "no"

$Packages$JuliaConnectoR$Author
[1] "Stefan Lenz [aut, cre] (ORCID: <https://orcid.org/0000-0001-9135-1743>), Harald Binder [aut, ths] (ORCID: <https://orcid.org/0000-0002-5666-8662>), Angelo D'Ambrosio [ctb] (ORCID: <https://orcid.org/0000-0002-2045-5155>), June Choe [ctb] (ORCID: <https://orcid.org/0000-0002-0701-921X>), Bjarke Hautop Kristensen [ctb] (ORCID: <https://orcid.org/0009-0007-3733-1769>)"

$Packages$JuliaConnectoR$Repository
[1] "CRAN"


$Packages$KernSmooth
$Packages$KernSmooth$Package
[1] "KernSmooth"

$Packages$KernSmooth$Version
[1] "2.23-26"

$Packages$KernSmooth$Source
[1] "Repository"

$Packages$KernSmooth$Priority
[1] "recommended"

$Packages$KernSmooth$Date
[1] "2024-12-10"

$Packages$KernSmooth$Title
[1] "Functions for Kernel Smoothing Supporting Wand & Jones (1995)"

$Packages$KernSmooth$`Authors@R`
[1] "c(person(\"Matt\", \"Wand\", role = \"aut\", email = \"Matt.Wand@uts.edu.au\"), person(\"Cleve\", \"Moler\", role = \"ctb\", comment = \"LINPACK routines in src/d*\"), person(\"Brian\", \"Ripley\", role = c(\"trl\", \"cre\", \"ctb\"), email = \"Brian.Ripley@R-project.org\", comment = \"R port and updates\"))"

$Packages$KernSmooth$Note
[1] "Maintainers are not available to give advice on using a package they did not author."

$Packages$KernSmooth$Depends
$Packages$KernSmooth$Depends[[1]]
[1] "R (>= 2.5.0)"

$Packages$KernSmooth$Depends[[2]]
[1] "stats"


$Packages$KernSmooth$Suggests
$Packages$KernSmooth$Suggests[[1]]
[1] "MASS"

$Packages$KernSmooth$Suggests[[2]]
[1] "carData"


$Packages$KernSmooth$Description
[1] "Functions for kernel smoothing (and density estimation) corresponding to the book:  Wand, M.P. and Jones, M.C. (1995) \"Kernel Smoothing\"."

$Packages$KernSmooth$License
[1] "Unlimited"

$Packages$KernSmooth$ByteCompile
[1] "yes"

$Packages$KernSmooth$NeedsCompilation
[1] "yes"

$Packages$KernSmooth$Author
[1] "Matt Wand [aut], Cleve Moler [ctb] (LINPACK routines in src/d*), Brian Ripley [trl, cre, ctb] (R port and updates)"

$Packages$KernSmooth$Maintainer
[1] "Brian Ripley <Brian.Ripley@R-project.org>"

$Packages$KernSmooth$Repository
[1] "CRAN"


$Packages$MASS
$Packages$MASS$Package
[1] "MASS"

$Packages$MASS$Version
[1] "7.3-65"

$Packages$MASS$Source
[1] "Repository"

$Packages$MASS$Priority
[1] "recommended"

$Packages$MASS$Date
[1] "2025-02-19"

$Packages$MASS$Revision
[1] "$Rev: 3681 $"

$Packages$MASS$Depends
$Packages$MASS$Depends[[1]]
[1] "R (>= 4.4.0)"

$Packages$MASS$Depends[[2]]
[1] "grDevices"

$Packages$MASS$Depends[[3]]
[1] "graphics"

$Packages$MASS$Depends[[4]]
[1] "stats"

$Packages$MASS$Depends[[5]]
[1] "utils"


$Packages$MASS$Imports
$Packages$MASS$Imports[[1]]
[1] "methods"


$Packages$MASS$Suggests
$Packages$MASS$Suggests[[1]]
[1] "lattice"

$Packages$MASS$Suggests[[2]]
[1] "nlme"

$Packages$MASS$Suggests[[3]]
[1] "nnet"

$Packages$MASS$Suggests[[4]]
[1] "survival"


$Packages$MASS$`Authors@R`
[1] "c(person(\"Brian\", \"Ripley\", role = c(\"aut\", \"cre\", \"cph\"), email = \"Brian.Ripley@R-project.org\"), person(\"Bill\", \"Venables\", role = c(\"aut\", \"cph\")), person(c(\"Douglas\", \"M.\"), \"Bates\", role = \"ctb\"), person(\"Kurt\", \"Hornik\", role = \"trl\", comment = \"partial port ca 1998\"), person(\"Albrecht\", \"Gebhardt\", role = \"trl\", comment = \"partial port ca 1998\"), person(\"David\", \"Firth\", role = \"ctb\", comment = \"support functions for polr\"))"

$Packages$MASS$Description
[1] "Functions and datasets to support Venables and Ripley, \"Modern Applied Statistics with S\" (4th edition, 2002)."

$Packages$MASS$Title
[1] "Support Functions and Datasets for Venables and Ripley's MASS"

$Packages$MASS$LazyData
[1] "yes"

$Packages$MASS$ByteCompile
[1] "yes"

$Packages$MASS$License
[1] "GPL-2 | GPL-3"

$Packages$MASS$URL
[1] "http://www.stats.ox.ac.uk/pub/MASS4/"

$Packages$MASS$Contact
[1] "<MASS@stats.ox.ac.uk>"

$Packages$MASS$NeedsCompilation
[1] "yes"

$Packages$MASS$Author
[1] "Brian Ripley [aut, cre, cph], Bill Venables [aut, cph], Douglas M. Bates [ctb], Kurt Hornik [trl] (partial port ca 1998), Albrecht Gebhardt [trl] (partial port ca 1998), David Firth [ctb] (support functions for polr)"

$Packages$MASS$Maintainer
[1] "Brian Ripley <Brian.Ripley@R-project.org>"

$Packages$MASS$Repository
[1] "CRAN"


$Packages$Matrix
$Packages$Matrix$Package
[1] "Matrix"

$Packages$Matrix$Version
[1] "1.7-5"

$Packages$Matrix$Source
[1] "Repository"

$Packages$Matrix$VersionNote
[1] "do also bump src/version.h, inst/include/Matrix/version.h"

$Packages$Matrix$Date
[1] "2026-03-20"

$Packages$Matrix$Priority
[1] "recommended"

$Packages$Matrix$Title
[1] "Sparse and Dense Matrix Classes and Methods"

$Packages$Matrix$Description
[1] "A rich hierarchy of sparse and dense matrix classes, including general, symmetric, triangular, and diagonal matrices with numeric, logical, or pattern entries.  Efficient methods for operating on such matrices, often wrapping the 'BLAS', 'LAPACK', and 'SuiteSparse' libraries."

$Packages$Matrix$License
[1] "GPL (>= 2) | file LICENCE"

$Packages$Matrix$URL
[1] "https://Matrix.R-forge.R-project.org"

$Packages$Matrix$BugReports
[1] "https://R-forge.R-project.org/tracker/?atid=294&group_id=61"

$Packages$Matrix$Contact
[1] "Matrix-authors@R-project.org"

$Packages$Matrix$`Authors@R`
[1] "c(person(\"Douglas\", \"Bates\", role = \"aut\", comment = c(ORCID = \"0000-0001-8316-9503\")), person(\"Martin\", \"Maechler\", role = c(\"aut\", \"cre\"), email = \"mmaechler+Matrix@gmail.com\", comment = c(ORCID = \"0000-0002-8685-9910\")), person(\"Mikael\", \"Jagan\", role = \"aut\", comment = c(ORCID = \"0000-0002-3542-2938\")), person(\"Timothy A.\", \"Davis\", role = \"ctb\", comment = c(ORCID = \"0000-0001-7614-6899\", \"SuiteSparse libraries\", \"collaborators listed in dir(system.file(\\\"doc\\\", \\\"SuiteSparse\\\", package=\\\"Matrix\\\"), pattern=\\\"License\\\", full.names=TRUE, recursive=TRUE)\")), person(\"George\", \"Karypis\", role = \"ctb\", comment = c(ORCID = \"0000-0003-2753-1437\", \"METIS library\", \"Copyright: Regents of the University of Minnesota\")), person(\"Jason\", \"Riedy\", role = \"ctb\", comment = c(ORCID = \"0000-0002-4345-4200\", \"GNU Octave's condest() and onenormest()\", \"Copyright: Regents of the University of California\")), person(\"Jens\", \"Oehlschlägel\", role = \"ctb\", comment = \"initial nearPD()\"), person(\"R Core Team\", role = \"ctb\", comment = c(ROR = \"02zz1nj61\", \"base R's matrix implementation\")))"

$Packages$Matrix$Depends
$Packages$Matrix$Depends[[1]]
[1] "R (>= 4.4)"

$Packages$Matrix$Depends[[2]]
[1] "methods"


$Packages$Matrix$Imports
$Packages$Matrix$Imports[[1]]
[1] "grDevices"

$Packages$Matrix$Imports[[2]]
[1] "graphics"

$Packages$Matrix$Imports[[3]]
[1] "grid"

$Packages$Matrix$Imports[[4]]
[1] "lattice"

$Packages$Matrix$Imports[[5]]
[1] "stats"

$Packages$Matrix$Imports[[6]]
[1] "utils"


$Packages$Matrix$Suggests
$Packages$Matrix$Suggests[[1]]
[1] "MASS"

$Packages$Matrix$Suggests[[2]]
[1] "datasets"

$Packages$Matrix$Suggests[[3]]
[1] "sfsmisc"

$Packages$Matrix$Suggests[[4]]
[1] "tools"


$Packages$Matrix$Enhances
$Packages$Matrix$Enhances[[1]]
[1] "SparseM"

$Packages$Matrix$Enhances[[2]]
[1] "graph"


$Packages$Matrix$LazyData
[1] "no"

$Packages$Matrix$LazyDataNote
[1] "not possible, since we use data/*.R and our S4 classes"

$Packages$Matrix$BuildResaveData
[1] "no"

$Packages$Matrix$Encoding
[1] "UTF-8"

$Packages$Matrix$NeedsCompilation
[1] "yes"

$Packages$Matrix$Author
[1] "Douglas Bates [aut] (ORCID: <https://orcid.org/0000-0001-8316-9503>), Martin Maechler [aut, cre] (ORCID: <https://orcid.org/0000-0002-8685-9910>), Mikael Jagan [aut] (ORCID: <https://orcid.org/0000-0002-3542-2938>), Timothy A. Davis [ctb] (ORCID: <https://orcid.org/0000-0001-7614-6899>, SuiteSparse libraries, collaborators listed in dir(system.file(\"doc\", \"SuiteSparse\", package=\"Matrix\"), pattern=\"License\", full.names=TRUE, recursive=TRUE)), George Karypis [ctb] (ORCID: <https://orcid.org/0000-0003-2753-1437>, METIS library, Copyright: Regents of the University of Minnesota), Jason Riedy [ctb] (ORCID: <https://orcid.org/0000-0002-4345-4200>, GNU Octave's condest() and onenormest(), Copyright: Regents of the University of California), Jens Oehlschlägel [ctb] (initial nearPD()), R Core Team [ctb] (ROR: <https://ror.org/02zz1nj61>, base R's matrix implementation)"

$Packages$Matrix$Maintainer
[1] "Martin Maechler <mmaechler+Matrix@gmail.com>"

$Packages$Matrix$Repository
[1] "CRAN"


$Packages$R6
$Packages$R6$Package
[1] "R6"

$Packages$R6$Version
[1] "2.6.1"

$Packages$R6$Source
[1] "Repository"

$Packages$R6$Title
[1] "Encapsulated Classes with Reference Semantics"

$Packages$R6$`Authors@R`
[1] "c( person(\"Winston\", \"Chang\", , \"winston@posit.co\", role = c(\"aut\", \"cre\")), person(\"Posit Software, PBC\", role = c(\"cph\", \"fnd\")) )"

$Packages$R6$Description
[1] "Creates classes with reference semantics, similar to R's built-in reference classes. Compared to reference classes, R6 classes are simpler and lighter-weight, and they are not built on S4 classes so they do not require the methods package. These classes allow public and private members, and they support inheritance, even when the classes are defined in different packages."

$Packages$R6$License
[1] "MIT + file LICENSE"

$Packages$R6$URL
[1] "https://r6.r-lib.org, https://github.com/r-lib/R6"

$Packages$R6$BugReports
[1] "https://github.com/r-lib/R6/issues"

$Packages$R6$Depends
$Packages$R6$Depends[[1]]
[1] "R (>= 3.6)"


$Packages$R6$Suggests
$Packages$R6$Suggests[[1]]
[1] "lobstr"

$Packages$R6$Suggests[[2]]
[1] "testthat (>= 3.0.0)"


$Packages$R6$`Config/Needs/website`
[1] "tidyverse/tidytemplate, ggplot2, microbenchmark, scales"

$Packages$R6$`Config/testthat/edition`
[1] "3"

$Packages$R6$Encoding
[1] "UTF-8"

$Packages$R6$RoxygenNote
[1] "7.3.2"

$Packages$R6$NeedsCompilation
[1] "no"

$Packages$R6$Author
[1] "Winston Chang [aut, cre], Posit Software, PBC [cph, fnd]"

$Packages$R6$Maintainer
[1] "Winston Chang <winston@posit.co>"

$Packages$R6$Repository
[1] "CRAN"


$Packages$Rcpp
$Packages$Rcpp$Package
[1] "Rcpp"

$Packages$Rcpp$Version
[1] "1.1.2"

$Packages$Rcpp$Source
[1] "Repository"

$Packages$Rcpp$Title
[1] "Seamless R and C++ Integration"

$Packages$Rcpp$Date
[1] "2026-07-01"

$Packages$Rcpp$`Authors@R`
[1] "c(person(\"Dirk\", \"Eddelbuettel\", role = c(\"aut\", \"cre\"), email = \"edd@debian.org\", comment = c(ORCID = \"0000-0001-6419-907X\")), person(\"Romain\", \"Francois\", role = \"aut\", comment = c(ORCID = \"0000-0002-2444-4226\")), person(\"JJ\", \"Allaire\", role = \"aut\", comment = c(ORCID = \"0000-0003-0174-9868\")), person(\"Kevin\", \"Ushey\", role = \"aut\", comment = c(ORCID = \"0000-0003-2880-7407\")), person(\"Qiang\", \"Kou\", role = \"aut\", comment = c(ORCID = \"0000-0001-6786-5453\")), person(\"Nathan\", \"Russell\", role = \"aut\"), person(\"Iñaki\", \"Ucar\", role = \"aut\", comment = c(ORCID = \"0000-0001-6403-5550\")), person(\"Doug\", \"Bates\", role = \"aut\", comment = c(ORCID = \"0000-0001-8316-9503\")), person(\"John\", \"Chambers\", role = \"aut\"))"

$Packages$Rcpp$Description
[1] "The 'Rcpp' package provides R functions as well as C++ classes which offer a seamless integration of R and C++. Many R data types and objects can be mapped back and forth to C++ equivalents which facilitates both writing of new code as well as easier integration of third-party libraries. Documentation about 'Rcpp' is provided by several vignettes included in this package, via the 'Rcpp Gallery' site at <https://gallery.rcpp.org>, the paper by Eddelbuettel and Francois (2011, <doi:10.18637/jss.v040.i08>), the book by Eddelbuettel (2013, <doi:10.1007/978-1-4614-6868-4>) and the paper by Eddelbuettel and Balamuta (2018, <doi:10.1080/00031305.2017.1375990>); see 'citation(\"Rcpp\")' for details."

$Packages$Rcpp$Depends
$Packages$Rcpp$Depends[[1]]
[1] "R (>= 3.5.0)"


$Packages$Rcpp$Imports
$Packages$Rcpp$Imports[[1]]
[1] "methods"

$Packages$Rcpp$Imports[[2]]
[1] "utils"


$Packages$Rcpp$Suggests
$Packages$Rcpp$Suggests[[1]]
[1] "tinytest"

$Packages$Rcpp$Suggests[[2]]
[1] "inline"

$Packages$Rcpp$Suggests[[3]]
[1] "rbenchmark"

$Packages$Rcpp$Suggests[[4]]
[1] "pkgKitten (>= 0.1.2)"


$Packages$Rcpp$URL
[1] "https://www.rcpp.org, https://dirk.eddelbuettel.com/code/rcpp.html, https://github.com/RcppCore/Rcpp"

$Packages$Rcpp$License
[1] "GPL (>= 2)"

$Packages$Rcpp$BugReports
[1] "https://github.com/RcppCore/Rcpp/issues"

$Packages$Rcpp$RoxygenNote
[1] "6.1.1"

$Packages$Rcpp$Encoding
[1] "UTF-8"

$Packages$Rcpp$VignetteBuilder
[1] "Rcpp"

$Packages$Rcpp$NeedsCompilation
[1] "yes"

$Packages$Rcpp$Author
[1] "Dirk Eddelbuettel [aut, cre] (ORCID: <https://orcid.org/0000-0001-6419-907X>), Romain Francois [aut] (ORCID: <https://orcid.org/0000-0002-2444-4226>), JJ Allaire [aut] (ORCID: <https://orcid.org/0000-0003-0174-9868>), Kevin Ushey [aut] (ORCID: <https://orcid.org/0000-0003-2880-7407>), Qiang Kou [aut] (ORCID: <https://orcid.org/0000-0001-6786-5453>), Nathan Russell [aut], Iñaki Ucar [aut] (ORCID: <https://orcid.org/0000-0001-6403-5550>), Doug Bates [aut] (ORCID: <https://orcid.org/0000-0001-8316-9503>), John Chambers [aut]"

$Packages$Rcpp$Maintainer
[1] "Dirk Eddelbuettel <edd@debian.org>"

$Packages$Rcpp$Repository
[1] "CRAN"


$Packages$RcppArmadillo
$Packages$RcppArmadillo$Package
[1] "RcppArmadillo"

$Packages$RcppArmadillo$Version
[1] "15.6.0-1"

$Packages$RcppArmadillo$Source
[1] "Repository"

$Packages$RcppArmadillo$Type
[1] "Package"

$Packages$RcppArmadillo$Title
[1] "'Rcpp' Integration for the 'Armadillo' Templated Linear Algebra Library"

$Packages$RcppArmadillo$Date
[1] "2026-09-07"

$Packages$RcppArmadillo$`Authors@R`
[1] "c(person(\"Dirk\", \"Eddelbuettel\", role = c(\"aut\", \"cre\"), email = \"edd@debian.org\", comment = c(ORCID = \"0000-0001-6419-907X\")), person(\"Romain\", \"Francois\", role = \"aut\", comment = c(ORCID = \"0000-0002-2444-4226\")), person(\"Doug\", \"Bates\", role = \"aut\", comment = c(ORCID = \"0000-0001-8316-9503\")), person(\"Binxiang\", \"Ni\", role = \"aut\"), person(\"Conrad\", \"Sanderson\", role = \"aut\", comment = c(ORCID = \"0000-0002-0049-4501\")))"

$Packages$RcppArmadillo$Description
[1] "'Armadillo' is a templated C++ linear algebra library aiming towards a good balance between speed and ease of use. It provides high-level syntax and functionality deliberately similar to Matlab. It is useful for algorithm development directly in C++, or quick conversion of research code into production environments. It provides efficient classes for vectors, matrices and cubes where dense and sparse matrices are supported. Integer, floating point and complex numbers are supported. A sophisticated expression evaluator (based on template meta-programming) automatically combines several operations to increase speed and efficiency. Dynamic evaluation automatically chooses optimal code paths based on detected matrix structures. Matrix decompositions are provided through integration with LAPACK, or one of its high performance drop-in replacements (such as 'MKL' or 'OpenBLAS'). It can automatically use 'OpenMP' multi-threading (parallelisation) to speed up computationally expensive operations. . The 'RcppArmadillo' package includes the header files from the 'Armadillo' library; users do not need to install 'Armadillo' itself in order to use 'RcppArmadillo'. Starting from release 15.0.0, the minimum compilation standard is C++14. . Since release 7.800.0, 'Armadillo' is licensed under Apache License 2; previous releases were under licensed as MPL 2.0 from version 3.800.0 onwards and LGPL-3 prior to that; 'RcppArmadillo' (the 'Rcpp' bindings/bridge to Armadillo) is licensed under the GNU GPL version 2 or later, as is the rest of 'Rcpp'."

$Packages$RcppArmadillo$License
[1] "GPL (>= 2)"

$Packages$RcppArmadillo$LazyLoad
[1] "yes"

$Packages$RcppArmadillo$Depends
$Packages$RcppArmadillo$Depends[[1]]
[1] "R (>= 3.3.0)"


$Packages$RcppArmadillo$LinkingTo
$Packages$RcppArmadillo$LinkingTo[[1]]
[1] "Rcpp"


$Packages$RcppArmadillo$Imports
$Packages$RcppArmadillo$Imports[[1]]
[1] "Rcpp (>= 1.1.1)"

$Packages$RcppArmadillo$Imports[[2]]
[1] "stats"

$Packages$RcppArmadillo$Imports[[3]]
[1] "utils"

$Packages$RcppArmadillo$Imports[[4]]
[1] "methods"


$Packages$RcppArmadillo$Suggests
$Packages$RcppArmadillo$Suggests[[1]]
[1] "tinytest"

$Packages$RcppArmadillo$Suggests[[2]]
[1] "Matrix (>= 1.3.0)"

$Packages$RcppArmadillo$Suggests[[3]]
[1] "pkgKitten"

$Packages$RcppArmadillo$Suggests[[4]]
[1] "reticulate"

$Packages$RcppArmadillo$Suggests[[5]]
[1] "slam"


$Packages$RcppArmadillo$URL
[1] "https://github.com/RcppCore/RcppArmadillo, https://dirk.eddelbuettel.com/code/rcpp.armadillo.html"

$Packages$RcppArmadillo$BugReports
[1] "https://github.com/RcppCore/RcppArmadillo/issues"

$Packages$RcppArmadillo$RoxygenNote
[1] "6.0.1"

$Packages$RcppArmadillo$Encoding
[1] "UTF-8"

$Packages$RcppArmadillo$VignetteBuilder
[1] "Rcpp"

$Packages$RcppArmadillo$NeedsCompilation
[1] "yes"

$Packages$RcppArmadillo$Author
[1] "Dirk Eddelbuettel [aut, cre] (ORCID: <https://orcid.org/0000-0001-6419-907X>), Romain Francois [aut] (ORCID: <https://orcid.org/0000-0002-2444-4226>), Doug Bates [aut] (ORCID: <https://orcid.org/0000-0001-8316-9503>), Binxiang Ni [aut], Conrad Sanderson [aut] (ORCID: <https://orcid.org/0000-0002-0049-4501>)"

$Packages$RcppArmadillo$Maintainer
[1] "Dirk Eddelbuettel <edd@debian.org>"

$Packages$RcppArmadillo$Repository
[1] "CRAN"


$Packages$RcppEigen
$Packages$RcppEigen$Package
[1] "RcppEigen"

$Packages$RcppEigen$Version
[1] "0.3.4.0.2"

$Packages$RcppEigen$Source
[1] "Repository"

$Packages$RcppEigen$Type
[1] "Package"

$Packages$RcppEigen$Title
[1] "'Rcpp' Integration for the 'Eigen' Templated Linear Algebra Library"

$Packages$RcppEigen$Date
[1] "2024-08-23"

$Packages$RcppEigen$`Authors@R`
[1] "c(person(\"Doug\", \"Bates\", role = \"aut\", comment = c(ORCID = \"0000-0001-8316-9503\")), person(\"Dirk\", \"Eddelbuettel\", role = c(\"aut\", \"cre\"), email = \"edd@debian.org\", comment = c(ORCID = \"0000-0001-6419-907X\")), person(\"Romain\", \"Francois\", role = \"aut\", comment = c(ORCID = \"0000-0002-2444-4226\")), person(\"Yixuan\", \"Qiu\", role = \"aut\", comment = c(ORCID = \"0000-0003-0109-6692\")), person(\"Authors of\", \"Eigen\", role = \"cph\", comment = \"Authorship and copyright in included Eigen library as detailed in inst/COPYRIGHTS\"))"

$Packages$RcppEigen$Copyright
[1] "See the file COPYRIGHTS for various Eigen copyright details"

$Packages$RcppEigen$Description
[1] "R and 'Eigen' integration using 'Rcpp'. 'Eigen' is a C++ template library for linear algebra: matrices, vectors, numerical solvers and related algorithms.  It supports dense and sparse matrices on integer, floating point and complex numbers, decompositions of such matrices, and solutions of linear systems. Its performance on many algorithms is comparable with some of the best implementations based on 'Lapack' and level-3 'BLAS'. The 'RcppEigen' package includes the header files from the 'Eigen' C++ template library. Thus users do not need to install 'Eigen' itself in order to use 'RcppEigen'. Since version 3.1.1, 'Eigen' is licensed under the Mozilla Public License (version 2); earlier version were licensed under the GNU LGPL version 3 or later. 'RcppEigen' (the 'Rcpp' bindings/bridge to 'Eigen') is licensed under the GNU GPL version 2 or later, as is the rest of 'Rcpp'."

$Packages$RcppEigen$License
[1] "GPL (>= 2) | file LICENSE"

$Packages$RcppEigen$LazyLoad
[1] "yes"

$Packages$RcppEigen$Depends
$Packages$RcppEigen$Depends[[1]]
[1] "R (>= 3.6.0)"


$Packages$RcppEigen$LinkingTo
$Packages$RcppEigen$LinkingTo[[1]]
[1] "Rcpp"


$Packages$RcppEigen$Imports
$Packages$RcppEigen$Imports[[1]]
[1] "Rcpp (>= 0.11.0)"

$Packages$RcppEigen$Imports[[2]]
[1] "stats"

$Packages$RcppEigen$Imports[[3]]
[1] "utils"


$Packages$RcppEigen$Suggests
$Packages$RcppEigen$Suggests[[1]]
[1] "Matrix"

$Packages$RcppEigen$Suggests[[2]]
[1] "inline"

$Packages$RcppEigen$Suggests[[3]]
[1] "tinytest"

$Packages$RcppEigen$Suggests[[4]]
[1] "pkgKitten"

$Packages$RcppEigen$Suggests[[5]]
[1] "microbenchmark"


$Packages$RcppEigen$URL
[1] "https://github.com/RcppCore/RcppEigen, https://dirk.eddelbuettel.com/code/rcpp.eigen.html"

$Packages$RcppEigen$BugReports
[1] "https://github.com/RcppCore/RcppEigen/issues"

$Packages$RcppEigen$NeedsCompilation
[1] "yes"

$Packages$RcppEigen$Author
[1] "Doug Bates [aut] (<https://orcid.org/0000-0001-8316-9503>), Dirk Eddelbuettel [aut, cre] (<https://orcid.org/0000-0001-6419-907X>), Romain Francois [aut] (<https://orcid.org/0000-0002-2444-4226>), Yixuan Qiu [aut] (<https://orcid.org/0000-0003-0109-6692>), Authors of Eigen [cph] (Authorship and copyright in included Eigen library as detailed in inst/COPYRIGHTS)"

$Packages$RcppEigen$Maintainer
[1] "Dirk Eddelbuettel <edd@debian.org>"

$Packages$RcppEigen$Repository
[1] "CRAN"


$Packages$Rdpack
$Packages$Rdpack$Package
[1] "Rdpack"

$Packages$Rdpack$Version
[1] "2.6.6"

$Packages$Rdpack$Source
[1] "Repository"

$Packages$Rdpack$Type
[1] "Package"

$Packages$Rdpack$Title
[1] "Update and Manipulate Rd Documentation Objects"

$Packages$Rdpack$`Authors@R`
[1] "c( person(given = c(\"Georgi\", \"N.\"), family = \"Boshnakov\",  role = c(\"aut\", \"cre\"),  email = \"georgi.boshnakov@manchester.ac.uk\", comment = c(ORCID = \"0000-0003-2839-346X\")), person(given = \"Duncan\",  family = \"Murdoch\",  role = \"ctb\", email = \"murdoch.duncan@gmail.com\") )"

$Packages$Rdpack$Description
[1] "Functions for manipulation of R documentation objects, including functions reprompt() and ereprompt() for updating 'Rd' documentation for functions, methods and classes; 'Rd' macros for citations and import of references from 'bibtex' files for use in 'Rd' files and 'roxygen2' comments; 'Rd' macros for evaluating and inserting snippets of 'R' code and the results of its evaluation or creating graphics on the fly; and many functions for manipulation of references and Rd files."

$Packages$Rdpack$URL
[1] "https://geobosh.github.io/Rdpack/ (doc), https://CRAN.R-project.org/package=Rdpack"

$Packages$Rdpack$BugReports
[1] "https://github.com/GeoBosh/Rdpack/issues"

$Packages$Rdpack$Depends
$Packages$Rdpack$Depends[[1]]
[1] "R (>= 2.15.0)"

$Packages$Rdpack$Depends[[2]]
[1] "methods"


$Packages$Rdpack$Imports
$Packages$Rdpack$Imports[[1]]
[1] "tools"

$Packages$Rdpack$Imports[[2]]
[1] "utils"

$Packages$Rdpack$Imports[[3]]
[1] "rbibutils (> 2.4)"


$Packages$Rdpack$Suggests
$Packages$Rdpack$Suggests[[1]]
[1] "grDevices"

$Packages$Rdpack$Suggests[[2]]
[1] "testthat"

$Packages$Rdpack$Suggests[[3]]
[1] "rstudioapi"

$Packages$Rdpack$Suggests[[4]]
[1] "rprojroot"

$Packages$Rdpack$Suggests[[5]]
[1] "gbRd"


$Packages$Rdpack$License
[1] "GPL (>= 2)"

$Packages$Rdpack$LazyLoad
[1] "yes"

$Packages$Rdpack$Encoding
[1] "UTF-8"

$Packages$Rdpack$RoxygenNote
[1] "7.1.1"

$Packages$Rdpack$NeedsCompilation
[1] "no"

$Packages$Rdpack$Author
[1] "Georgi N. Boshnakov [aut, cre] (ORCID: <https://orcid.org/0000-0003-2839-346X>), Duncan Murdoch [ctb]"

$Packages$Rdpack$Maintainer
[1] "Georgi N. Boshnakov <georgi.boshnakov@manchester.ac.uk>"

$Packages$Rdpack$Repository
[1] "CRAN"


$Packages$bdsmatrix
$Packages$bdsmatrix$Package
[1] "bdsmatrix"

$Packages$bdsmatrix$Version
[1] "1.3-7"

$Packages$bdsmatrix$Source
[1] "Repository"

$Packages$bdsmatrix$Title
[1] "Routines for Block Diagonal Symmetric Matrices"

$Packages$bdsmatrix$Maintainer
[1] "Terry Therneau <therneau.terry@mayo.edu>"

$Packages$bdsmatrix$Date
[1] "2024-03-01"

$Packages$bdsmatrix$Depends
$Packages$bdsmatrix$Depends[[1]]
[1] "methods"

$Packages$bdsmatrix$Depends[[2]]
[1] "R (>= 2.0.0)"


$Packages$bdsmatrix$LazyLoad
[1] "Yes"

$Packages$bdsmatrix$Author
[1] "Terry Therneau"

$Packages$bdsmatrix$Description
[1] "This is a special case of sparse matrices, used by coxme."

$Packages$bdsmatrix$License
[1] "LGPL-2"

$Packages$bdsmatrix$Collate
[1] "bdsmatrix.R gchol.R gchol.bdsmatrix.R as.matrix.bdsmatrix.R bdsBlock.R bdsI.R bdsmatrix.ibd.R bdsmatrix.reconcile.R diag.bdsmatrix.R listbdsmatrix.R multiply.bdsmatrix.R solve.bdsmatrix.R solve.gchol.R solve.gchol.bdsmatrix.R backsolve.R"

$Packages$bdsmatrix$NeedsCompilation
[1] "yes"

$Packages$bdsmatrix$Repository
[1] "CRAN"


$Packages$boot
$Packages$boot$Package
[1] "boot"

$Packages$boot$Version
[1] "1.3-32"

$Packages$boot$Source
[1] "Repository"

$Packages$boot$Priority
[1] "recommended"

$Packages$boot$Date
[1] "2025-08-29"

$Packages$boot$`Authors@R`
[1] "c(person(\"Angelo\", \"Canty\", role = \"aut\", email = \"cantya@mcmaster.ca\",  comment = \"author of original code for S\"), person(\"Brian\", \"Ripley\", role = c(\"aut\", \"trl\"), email = \"Brian.Ripley@R-project.org\", comment = \"conversion to R, maintainer 1999--2022, author of parallel support\"), person(\"Alessandra R.\", \"Brazzale\", role = c(\"ctb\", \"cre\"), email = \"brazzale@stat.unipd.it\", comment = \"minor bug fixes\"))"

$Packages$boot$Maintainer
[1] "Alessandra R. Brazzale <brazzale@stat.unipd.it>"

$Packages$boot$Note
[1] "Maintainers are not available to give advice on using a package they did not author."

$Packages$boot$Description
[1] "Functions and datasets for bootstrapping from the book \"Bootstrap Methods and Their Application\" by A. C. Davison and  D. V. Hinkley (1997, CUP), originally written by Angelo Canty for S."

$Packages$boot$Title
[1] "Bootstrap Functions"

$Packages$boot$Depends
$Packages$boot$Depends[[1]]
[1] "R (>= 3.0.0)"

$Packages$boot$Depends[[2]]
[1] "graphics"

$Packages$boot$Depends[[3]]
[1] "stats"


$Packages$boot$Suggests
$Packages$boot$Suggests[[1]]
[1] "MASS"

$Packages$boot$Suggests[[2]]
[1] "survival"


$Packages$boot$LazyData
[1] "yes"

$Packages$boot$ByteCompile
[1] "yes"

$Packages$boot$License
[1] "Unlimited"

$Packages$boot$NeedsCompilation
[1] "no"

$Packages$boot$Author
[1] "Angelo Canty [aut] (author of original code for S), Brian Ripley [aut, trl] (conversion to R, maintainer 1999--2022, author of parallel support), Alessandra R. Brazzale [ctb, cre] (minor bug fixes)"

$Packages$boot$Repository
[1] "CRAN"


$Packages$cellranger
$Packages$cellranger$Package
[1] "cellranger"

$Packages$cellranger$Version
[1] "1.1.0"

$Packages$cellranger$Source
[1] "Repository"

$Packages$cellranger$Title
[1] "Translate Spreadsheet Cell Ranges to Rows and Columns"

$Packages$cellranger$`Authors@R`
[1] "c( person(\"Jennifer\", \"Bryan\", , \"jenny@stat.ubc.ca\", c(\"cre\", \"aut\")), person(\"Hadley\", \"Wickham\", , \"hadley@rstudio.com\", \"ctb\") )"

$Packages$cellranger$Description
[1] "Helper functions to work with spreadsheets and the \"A1:D10\" style of cell range specification."

$Packages$cellranger$Depends
$Packages$cellranger$Depends[[1]]
[1] "R (>= 3.0.0)"


$Packages$cellranger$License
[1] "MIT + file LICENSE"

$Packages$cellranger$LazyData
[1] "true"

$Packages$cellranger$URL
[1] "https://github.com/rsheets/cellranger"

$Packages$cellranger$BugReports
[1] "https://github.com/rsheets/cellranger/issues"

$Packages$cellranger$Suggests
$Packages$cellranger$Suggests[[1]]
[1] "covr"

$Packages$cellranger$Suggests[[2]]
[1] "testthat (>= 1.0.0)"

$Packages$cellranger$Suggests[[3]]
[1] "knitr"

$Packages$cellranger$Suggests[[4]]
[1] "rmarkdown"


$Packages$cellranger$RoxygenNote
[1] "5.0.1.9000"

$Packages$cellranger$VignetteBuilder
[1] "knitr"

$Packages$cellranger$Imports
$Packages$cellranger$Imports[[1]]
[1] "rematch"

$Packages$cellranger$Imports[[2]]
[1] "tibble"


$Packages$cellranger$NeedsCompilation
[1] "no"

$Packages$cellranger$Author
[1] "Jennifer Bryan [cre, aut], Hadley Wickham [ctb]"

$Packages$cellranger$Maintainer
[1] "Jennifer Bryan <jenny@stat.ubc.ca>"

$Packages$cellranger$Repository
[1] "CRAN"


$Packages$class
$Packages$class$Package
[1] "class"

$Packages$class$Version
[1] "7.3-23"

$Packages$class$Source
[1] "Repository"

$Packages$class$Priority
[1] "recommended"

$Packages$class$Date
[1] "2025-01-01"

$Packages$class$Depends
$Packages$class$Depends[[1]]
[1] "R (>= 3.0.0)"

$Packages$class$Depends[[2]]
[1] "stats"

$Packages$class$Depends[[3]]
[1] "utils"


$Packages$class$Imports
$Packages$class$Imports[[1]]
[1] "MASS"


$Packages$class$`Authors@R`
[1] "c(person(\"Brian\", \"Ripley\", role = c(\"aut\", \"cre\", \"cph\"), email = \"Brian.Ripley@R-project.org\"), person(\"William\", \"Venables\", role = \"cph\"))"

$Packages$class$Description
[1] "Various functions for classification, including k-nearest neighbour, Learning Vector Quantization and Self-Organizing Maps."

$Packages$class$Title
[1] "Functions for Classification"

$Packages$class$ByteCompile
[1] "yes"

$Packages$class$License
[1] "GPL-2 | GPL-3"

$Packages$class$URL
[1] "http://www.stats.ox.ac.uk/pub/MASS4/"

$Packages$class$NeedsCompilation
[1] "yes"

$Packages$class$Author
[1] "Brian Ripley [aut, cre, cph], William Venables [cph]"

$Packages$class$Maintainer
[1] "Brian Ripley <Brian.Ripley@R-project.org>"

$Packages$class$Repository
[1] "CRAN"


$Packages$cli
$Packages$cli$Package
[1] "cli"

$Packages$cli$Version
[1] "3.6.6"

$Packages$cli$Source
[1] "Repository"

$Packages$cli$Title
[1] "Helpers for Developing Command Line Interfaces"

$Packages$cli$`Authors@R`
[1] "c( person(\"Gábor\", \"Csárdi\", , \"gabor@posit.co\", role = c(\"aut\", \"cre\")), person(\"Hadley\", \"Wickham\", role = \"ctb\"), person(\"Kirill\", \"Müller\", role = \"ctb\"), person(\"Salim\", \"Brüggemann\", , \"salim-b@pm.me\", role = \"ctb\", comment = c(ORCID = \"0000-0002-5329-5987\")), person(\"Posit Software, PBC\", role = c(\"cph\", \"fnd\"), comment = c(ROR = \"03wc8by49\")) )"

$Packages$cli$Description
[1] "A suite of tools to build attractive command line interfaces ('CLIs'), from semantic elements: headings, lists, alerts, paragraphs, etc. Supports custom themes via a 'CSS'-like language. It also contains a number of lower level 'CLI' elements: rules, boxes, trees, and 'Unicode' symbols with 'ASCII' alternatives. It support ANSI colors and text styles as well."

$Packages$cli$License
[1] "MIT + file LICENSE"

$Packages$cli$URL
[1] "https://cli.r-lib.org, https://github.com/r-lib/cli"

$Packages$cli$BugReports
[1] "https://github.com/r-lib/cli/issues"

$Packages$cli$Depends
$Packages$cli$Depends[[1]]
[1] "R (>= 3.4)"


$Packages$cli$Imports
$Packages$cli$Imports[[1]]
[1] "utils"


$Packages$cli$Suggests
$Packages$cli$Suggests[[1]]
[1] "callr"

$Packages$cli$Suggests[[2]]
[1] "covr"

$Packages$cli$Suggests[[3]]
[1] "crayon"

$Packages$cli$Suggests[[4]]
[1] "digest"

$Packages$cli$Suggests[[5]]
[1] "glue (>= 1.6.0)"

$Packages$cli$Suggests[[6]]
[1] "grDevices"

$Packages$cli$Suggests[[7]]
[1] "htmltools"

$Packages$cli$Suggests[[8]]
[1] "htmlwidgets"

$Packages$cli$Suggests[[9]]
[1] "knitr"

$Packages$cli$Suggests[[10]]
[1] "methods"

$Packages$cli$Suggests[[11]]
[1] "processx"

$Packages$cli$Suggests[[12]]
[1] "ps (>= 1.3.4.9000)"

$Packages$cli$Suggests[[13]]
[1] "rlang (>= 1.0.2.9003)"

$Packages$cli$Suggests[[14]]
[1] "rmarkdown"

$Packages$cli$Suggests[[15]]
[1] "rprojroot"

$Packages$cli$Suggests[[16]]
[1] "rstudioapi"

$Packages$cli$Suggests[[17]]
[1] "testthat (>= 3.2.0)"

$Packages$cli$Suggests[[18]]
[1] "tibble"

$Packages$cli$Suggests[[19]]
[1] "whoami"

$Packages$cli$Suggests[[20]]
[1] "withr"


$Packages$cli$`Config/Needs/website`
[1] "r-lib/asciicast, bench, brio, cpp11, decor, desc, fansi, prettyunits, sessioninfo, tidyverse/tidytemplate, usethis, vctrs"

$Packages$cli$`Config/testthat/edition`
[1] "3"

$Packages$cli$`Config/usethis/last-upkeep`
[1] "2025-04-25"

$Packages$cli$Encoding
[1] "UTF-8"

$Packages$cli$RoxygenNote
[1] "7.3.2.9000"

$Packages$cli$NeedsCompilation
[1] "yes"

$Packages$cli$Author
[1] "Gábor Csárdi [aut, cre], Hadley Wickham [ctb], Kirill Müller [ctb], Salim Brüggemann [ctb] (ORCID: <https://orcid.org/0000-0002-5329-5987>), Posit Software, PBC [cph, fnd] (ROR: <https://ror.org/03wc8by49>)"

$Packages$cli$Maintainer
[1] "Gábor Csárdi <gabor@posit.co>"

$Packages$cli$Repository
[1] "CRAN"


$Packages$clubSandwich
$Packages$clubSandwich$Package
[1] "clubSandwich"

$Packages$clubSandwich$Version
[1] "0.7.0"

$Packages$clubSandwich$Source
[1] "Repository"

$Packages$clubSandwich$Title
[1] "Cluster-Robust (Sandwich) Variance Estimators with Small-Sample Corrections"

$Packages$clubSandwich$`Authors@R`
[1] "c( person(c(\"James\",\"E.\"), \"Pustejovsky\", email = \"jepusto@gmail.com\", role = c(\"aut\", \"cre\"), comment = c(ORCID = \"0000-0003-0591-9465\")), person(\"Hazim\", \"Izani\", email = \"hazimizani@gmail.com\", role = \"ctb\"), person(\"Samuel\", \"Pekofsky\", email = \"sampekofsky@gmail.com\", role = \"ctb\"), person(\"Jingru\", \"Zhang\", email = \"jz26372022@hotmail.com\", role = \"ctb\") )"

$Packages$clubSandwich$Description
[1] "Provides several cluster-robust variance estimators (i.e., sandwich estimators) for ordinary and weighted least squares linear regression models, including the bias-reduced linearization estimator introduced by Bell and McCaffrey (2002)  <https://www150.statcan.gc.ca/n1/pub/12-001-x/2002002/article/9058-eng.pdf> and  developed further by Pustejovsky and Tipton (2017)  <DOI:10.1080/07350015.2016.1247004>. The package includes functions for estimating the variance- covariance matrix and for testing single- and multiple- contrast hypotheses based on Wald test statistics. Tests of single regression coefficients use Satterthwaite or saddle-point corrections. Tests of multiple- contrast hypotheses use an approximation to Hotelling's T-squared distribution. Methods are provided for a variety of fitted models, including lm() and mlm objects; glm(); geeglm() (from package 'geepack'); lm_robust(), lm_lin(), and  iv_robust() (from package 'estimatr'); ivreg() (from package 'AER'); ivreg()  (from package 'ivreg' when estimated by ordinary least squares); plm() (from  package 'plm'); gls() and lme() (from 'nlme'); lmer() (from `lme4`); robu() (from  'robumeta'); rma.uni() and rma.mv() (from 'metafor'); and mmrm() (from 'mmrm')."

$Packages$clubSandwich$URL
[1] "http://jepusto.github.io/clubSandwich/"

$Packages$clubSandwich$BugReports
[1] "https://github.com/jepusto/clubSandwich/issues"

$Packages$clubSandwich$Depends
$Packages$clubSandwich$Depends[[1]]
[1] "R (>= 3.0.0)"


$Packages$clubSandwich$License
[1] "GPL-3"

$Packages$clubSandwich$VignetteBuilder
[1] "knitr"

$Packages$clubSandwich$LazyData
[1] "true"

$Packages$clubSandwich$Imports
$Packages$clubSandwich$Imports[[1]]
[1] "stats"

$Packages$clubSandwich$Imports[[2]]
[1] "sandwich"

$Packages$clubSandwich$Imports[[3]]
[1] "lifecycle"


$Packages$clubSandwich$Suggests
$Packages$clubSandwich$Suggests[[1]]
[1] "Formula"

$Packages$clubSandwich$Suggests[[2]]
[1] "knitr"

$Packages$clubSandwich$Suggests[[3]]
[1] "testthat"

$Packages$clubSandwich$Suggests[[4]]
[1] "rmarkdown"

$Packages$clubSandwich$Suggests[[5]]
[1] "covr"

$Packages$clubSandwich$Suggests[[6]]
[1] "AER"

$Packages$clubSandwich$Suggests[[7]]
[1] "carData"

$Packages$clubSandwich$Suggests[[8]]
[1] "estimatr"

$Packages$clubSandwich$Suggests[[9]]
[1] "fixest"

$Packages$clubSandwich$Suggests[[10]]
[1] "geepack"

$Packages$clubSandwich$Suggests[[11]]
[1] "ivreg"

$Packages$clubSandwich$Suggests[[12]]
[1] "Matrix"

$Packages$clubSandwich$Suggests[[13]]
[1] "lme4"

$Packages$clubSandwich$Suggests[[14]]
[1] "metafor"

$Packages$clubSandwich$Suggests[[15]]
[1] "metadat"

$Packages$clubSandwich$Suggests[[16]]
[1] "mlmRev"

$Packages$clubSandwich$Suggests[[17]]
[1] "mmrm"

$Packages$clubSandwich$Suggests[[18]]
[1] "nlme"

$Packages$clubSandwich$Suggests[[19]]
[1] "plm (>= 1.6-4)"

$Packages$clubSandwich$Suggests[[20]]
[1] "robumeta"

$Packages$clubSandwich$Suggests[[21]]
[1] "zoo"


$Packages$clubSandwich$RoxygenNote
[1] "7.3.3"

$Packages$clubSandwich$Encoding
[1] "UTF-8"

$Packages$clubSandwich$Language
[1] "en-US"

$Packages$clubSandwich$NeedsCompilation
[1] "no"

$Packages$clubSandwich$Author
[1] "James E. Pustejovsky [aut, cre] (ORCID: <https://orcid.org/0000-0003-0591-9465>), Hazim Izani [ctb], Samuel Pekofsky [ctb], Jingru Zhang [ctb]"

$Packages$clubSandwich$Maintainer
[1] "James E. Pustejovsky <jepusto@gmail.com>"

$Packages$clubSandwich$Repository
[1] "CRAN"


$Packages$cluster
$Packages$cluster$Package
[1] "cluster"

$Packages$cluster$Version
[1] "2.1.8.2"

$Packages$cluster$Source
[1] "Repository"

$Packages$cluster$VersionNote
[1] "Last CRAN: 2.1.8.1 on 2025-03-11; 2.1.8 on 2024-12-10; 2.1.7 on 2024-12-06; 2.1.6 on 2023-11-30;"

$Packages$cluster$Date
[1] "2026-02-03"

$Packages$cluster$Priority
[1] "recommended"

$Packages$cluster$Title
[1] "\"Finding Groups in Data\": Cluster Analysis Extended Rousseeuw et al."

$Packages$cluster$Description
[1] "Methods for Cluster analysis.  Much extended the original from Peter Rousseeuw, Anja Struyf and Mia Hubert, based on Kaufman and Rousseeuw (1990) \"Finding Groups in Data\"."

$Packages$cluster$Maintainer
[1] "Martin Maechler <maechler@stat.math.ethz.ch>"

$Packages$cluster$`Authors@R`
[1] "c(person(\"Martin\",\"Maechler\", role = c(\"aut\",\"cre\"), email=\"maechler@stat.math.ethz.ch\", comment = c(ORCID = \"0000-0002-8685-9910\")) ,person(\"Peter\", \"Rousseeuw\", role=\"aut\", email=\"peter.rousseeuw@kuleuven.be\", comment = c(\"Fortran original\", ORCID = \"0000-0002-3807-5353\")) ,person(\"Anja\", \"Struyf\", role=\"aut\", comment= \"S original\") ,person(\"Mia\", \"Hubert\", role=\"aut\", email= \"Mia.Hubert@uia.ua.ac.be\", comment = c(\"S original\", ORCID = \"0000-0001-6398-4850\")) ,person(\"Kurt\", \"Hornik\", role=c(\"trl\", \"ctb\"), email=\"Kurt.Hornik@R-project.org\", comment=c(\"port to R; maintenance(1999-2000)\", ORCID=\"0000-0003-4198-9911\")) ,person(\"Matthias\", \"Studer\", role=\"ctb\") ,person(\"Pierre\", \"Roudier\", role=\"ctb\") ,person(\"Juan\",   \"Gonzalez\", role=\"ctb\") ,person(\"Kamil\",  \"Kozlowski\", role=\"ctb\") ,person(\"Erich\",  \"Schubert\", role=\"ctb\", comment = c(\"fastpam options for pam()\", ORCID = \"0000-0001-9143-4880\")) ,person(\"Keefe\",  \"Murphy\", role=\"ctb\", comment = \"volume.ellipsoid({d >= 3})\") #not yet ,person(\"Fischer-Rasmussen\", \"Kasper\", role = \"ctb\", comment = \"Gower distance for CLARA\") )"

$Packages$cluster$Depends
$Packages$cluster$Depends[[1]]
[1] "R (>= 3.5.0)"


$Packages$cluster$Imports
$Packages$cluster$Imports[[1]]
[1] "graphics"

$Packages$cluster$Imports[[2]]
[1] "grDevices"

$Packages$cluster$Imports[[3]]
[1] "stats"

$Packages$cluster$Imports[[4]]
[1] "utils"


$Packages$cluster$Suggests
$Packages$cluster$Suggests[[1]]
[1] "MASS"

$Packages$cluster$Suggests[[2]]
[1] "Matrix"


$Packages$cluster$SuggestsNote
[1] "MASS: two examples using cov.rob() and mvrnorm(); Matrix tools for testing"

$Packages$cluster$Enhances
$Packages$cluster$Enhances[[1]]
[1] "mvoutlier"

$Packages$cluster$Enhances[[2]]
[1] "fpc"

$Packages$cluster$Enhances[[3]]
[1] "ellipse"

$Packages$cluster$Enhances[[4]]
[1] "sfsmisc"


$Packages$cluster$EnhancesNote
[1] "xref-ed in man/*.Rd"

$Packages$cluster$LazyLoad
[1] "yes"

$Packages$cluster$LazyData
[1] "yes"

$Packages$cluster$ByteCompile
[1] "yes"

$Packages$cluster$BuildResaveData
[1] "no"

$Packages$cluster$License
[1] "GPL (>= 2)"

$Packages$cluster$URL
[1] "https://svn.r-project.org/R-packages/trunk/cluster/"

$Packages$cluster$NeedsCompilation
[1] "yes"

$Packages$cluster$Author
[1] "Martin Maechler [aut, cre] (ORCID: <https://orcid.org/0000-0002-8685-9910>), Peter Rousseeuw [aut] (Fortran original, ORCID: <https://orcid.org/0000-0002-3807-5353>), Anja Struyf [aut] (S original), Mia Hubert [aut] (S original, ORCID: <https://orcid.org/0000-0001-6398-4850>), Kurt Hornik [trl, ctb] (port to R; maintenance(1999-2000), ORCID: <https://orcid.org/0000-0003-4198-9911>), Matthias Studer [ctb], Pierre Roudier [ctb], Juan Gonzalez [ctb], Kamil Kozlowski [ctb], Erich Schubert [ctb] (fastpam options for pam(), ORCID: <https://orcid.org/0000-0001-9143-4880>), Keefe Murphy [ctb] (volume.ellipsoid({d >= 3}))"

$Packages$cluster$Repository
[1] "CRAN"


$Packages$codetools
$Packages$codetools$Package
[1] "codetools"

$Packages$codetools$Version
[1] "0.2-20"

$Packages$codetools$Source
[1] "Repository"

$Packages$codetools$Priority
[1] "recommended"

$Packages$codetools$Author
[1] "Luke Tierney <luke-tierney@uiowa.edu>"

$Packages$codetools$Description
[1] "Code analysis tools for R."

$Packages$codetools$Title
[1] "Code Analysis Tools for R"

$Packages$codetools$Depends
$Packages$codetools$Depends[[1]]
[1] "R (>= 2.1)"


$Packages$codetools$Maintainer
[1] "Luke Tierney <luke-tierney@uiowa.edu>"

$Packages$codetools$URL
[1] "https://gitlab.com/luke-tierney/codetools"

$Packages$codetools$License
[1] "GPL"

$Packages$codetools$NeedsCompilation
[1] "no"

$Packages$codetools$Repository
[1] "CRAN"


$Packages$collapse
$Packages$collapse$Package
[1] "collapse"

$Packages$collapse$Version
[1] "2.1.8"

$Packages$collapse$Source
[1] "Repository"

$Packages$collapse$Title
[1] "Advanced and Fast Data Transformation"

$Packages$collapse$Date
[1] "2026-08-29"

$Packages$collapse$`Authors@R`
[1] "c( person(\"Sebastian\", \"Krantz\", role = c(\"aut\", \"cre\"),  email = \"sebastian.krantz@graduateinstitute.ch\",  comment = c(ORCID = \"0000-0001-6212-5229\")), person(\"Matt\", \"Dowle\", role = \"ctb\"), person(\"Arun\", \"Srinivasan\", role = \"ctb\"), person(\"Morgan\", \"Jacob\", role = \"ctb\"), person(\"Dirk\", \"Eddelbuettel\", role = \"ctb\"), person(\"Laurent\", \"Berge\", role = \"ctb\"), person(\"Kevin\", \"Tappe\", role = \"ctb\"), person(\"Alina\", \"Cherkas\", role = \"ctb\"), person(\"Ivan\", \"Krylov\", role = \"ctb\"), person(\"R Core Team and contributors worldwide\", role = \"ctb\"), person(\"Martyn\", \"Plummer\", role = \"cph\"), person(\"1999-2016 The R Core Team\", role = \"cph\") )"

$Packages$collapse$Description
[1] "A large C/C++-based package for advanced data transformation and  statistical computing in R that is extremely fast, class-agnostic, robust, and  programmer friendly. Core functionality includes a rich set of S3 generic grouped  and weighted statistical functions for vectors, matrices and data frames, which  provide efficient low-level vectorizations, OpenMP multithreading, and skip missing  values by default. These are integrated with fast grouping and ordering algorithms  (also callable from C), and efficient data manipulation functions. The package also  provides a flexible and rigorous approach to time series and panel data in R, fast  functions for data transformation and common statistical procedures, detailed  (grouped, weighted) summary statistics, powerful tools to work with nested data,  fast data object conversions, functions for memory efficient R programming, and  helpers to effectively deal with variable labels, attributes, and missing data. It  seamlessly supports base R objects/classes as well as 'units', 'integer64', 'xts'/ 'zoo', 'tibble', 'grouped_df', 'data.table', 'sf', and 'pseries'/'pdata.frame'.  For a concise overview of the package see Krantz (2026) <doi:10.18637/jss.v116.i01>."

$Packages$collapse$URL
[1] "https://fastverse.org/collapse/, https://github.com/fastverse/collapse"

$Packages$collapse$BugReports
[1] "https://github.com/fastverse/collapse/issues"

$Packages$collapse$License
[1] "GPL (>= 2) | file LICENSE"

$Packages$collapse$Encoding
[1] "UTF-8"

$Packages$collapse$LazyData
[1] "true"

$Packages$collapse$Depends
$Packages$collapse$Depends[[1]]
[1] "R (>= 4.1.0)"


$Packages$collapse$Imports
$Packages$collapse$Imports[[1]]
[1] "Rcpp (>= 1.0.1)"


$Packages$collapse$LinkingTo
$Packages$collapse$LinkingTo[[1]]
[1] "Rcpp"


$Packages$collapse$Suggests
$Packages$collapse$Suggests[[1]]
[1] "fastverse"

$Packages$collapse$Suggests[[2]]
[1] "data.table"

$Packages$collapse$Suggests[[3]]
[1] "magrittr"

$Packages$collapse$Suggests[[4]]
[1] "kit"

$Packages$collapse$Suggests[[5]]
[1] "xts"

$Packages$collapse$Suggests[[6]]
[1] "zoo"

$Packages$collapse$Suggests[[7]]
[1] "plm"

$Packages$collapse$Suggests[[8]]
[1] "fixest"

$Packages$collapse$Suggests[[9]]
[1] "vars"

$Packages$collapse$Suggests[[10]]
[1] "RcppArmadillo"

$Packages$collapse$Suggests[[11]]
[1] "RcppEigen"

$Packages$collapse$Suggests[[12]]
[1] "tibble"

$Packages$collapse$Suggests[[13]]
[1] "dplyr"

$Packages$collapse$Suggests[[14]]
[1] "ggplot2"

$Packages$collapse$Suggests[[15]]
[1] "scales"

$Packages$collapse$Suggests[[16]]
[1] "microbenchmark"

$Packages$collapse$Suggests[[17]]
[1] "testthat"

$Packages$collapse$Suggests[[18]]
[1] "covr"

$Packages$collapse$Suggests[[19]]
[1] "knitr"

$Packages$collapse$Suggests[[20]]
[1] "rmarkdown"

$Packages$collapse$Suggests[[21]]
[1] "withr"

$Packages$collapse$Suggests[[22]]
[1] "bit64"


$Packages$collapse$VignetteBuilder
[1] "knitr"

$Packages$collapse$NeedsCompilation
[1] "yes"

$Packages$collapse$Author
[1] "Sebastian Krantz [aut, cre] (ORCID: <https://orcid.org/0000-0001-6212-5229>), Matt Dowle [ctb], Arun Srinivasan [ctb], Morgan Jacob [ctb], Dirk Eddelbuettel [ctb], Laurent Berge [ctb], Kevin Tappe [ctb], Alina Cherkas [ctb], Ivan Krylov [ctb], R Core Team and contributors worldwide [ctb], Martyn Plummer [cph], 1999-2016 The R Core Team [cph]"

$Packages$collapse$Maintainer
[1] "Sebastian Krantz <sebastian.krantz@graduateinstitute.ch>"

$Packages$collapse$Repository
[1] "CRAN"


$Packages$cpp11
$Packages$cpp11$Package
[1] "cpp11"

$Packages$cpp11$Version
[1] "0.5.5"

$Packages$cpp11$Source
[1] "Repository"

$Packages$cpp11$Title
[1] "A C++11 Interface for R's C Interface"

$Packages$cpp11$`Authors@R`
[1] "c( person(\"Davis\", \"Vaughan\", email = \"davis@posit.co\", role = c(\"aut\", \"cre\"), comment = c(ORCID = \"0000-0003-4777-038X\")), person(\"Jim\",\"Hester\", role = \"aut\", comment = c(ORCID = \"0000-0002-2739-7082\")), person(\"Romain\", \"François\", role = \"aut\", comment = c(ORCID = \"0000-0002-2444-4226\")), person(\"Benjamin\", \"Kietzman\", role = \"ctb\"), person(\"Posit Software, PBC\", role = c(\"cph\", \"fnd\")) )"

$Packages$cpp11$Description
[1] "Provides a header only, C++11 interface to R's C interface.  Compared to other approaches 'cpp11' strives to be safe against long jumps from the C API as well as C++ exceptions, conform to normal R function semantics and supports interaction with 'ALTREP' vectors."

$Packages$cpp11$License
[1] "MIT + file LICENSE"

$Packages$cpp11$URL
[1] "https://cpp11.r-lib.org, https://github.com/r-lib/cpp11"

$Packages$cpp11$BugReports
[1] "https://github.com/r-lib/cpp11/issues"

$Packages$cpp11$Depends
$Packages$cpp11$Depends[[1]]
[1] "R (>= 4.0.0)"


$Packages$cpp11$Suggests
$Packages$cpp11$Suggests[[1]]
[1] "bench"

$Packages$cpp11$Suggests[[2]]
[1] "brio"

$Packages$cpp11$Suggests[[3]]
[1] "callr"

$Packages$cpp11$Suggests[[4]]
[1] "cli"

$Packages$cpp11$Suggests[[5]]
[1] "covr"

$Packages$cpp11$Suggests[[6]]
[1] "decor"

$Packages$cpp11$Suggests[[7]]
[1] "desc"

$Packages$cpp11$Suggests[[8]]
[1] "ggplot2"

$Packages$cpp11$Suggests[[9]]
[1] "glue"

$Packages$cpp11$Suggests[[10]]
[1] "knitr"

$Packages$cpp11$Suggests[[11]]
[1] "lobstr"

$Packages$cpp11$Suggests[[12]]
[1] "mockery"

$Packages$cpp11$Suggests[[13]]
[1] "progress"

$Packages$cpp11$Suggests[[14]]
[1] "rmarkdown"

$Packages$cpp11$Suggests[[15]]
[1] "scales"

$Packages$cpp11$Suggests[[16]]
[1] "Rcpp"

$Packages$cpp11$Suggests[[17]]
[1] "testthat (>= 3.2.0)"

$Packages$cpp11$Suggests[[18]]
[1] "tibble"

$Packages$cpp11$Suggests[[19]]
[1] "utils"

$Packages$cpp11$Suggests[[20]]
[1] "vctrs"

$Packages$cpp11$Suggests[[21]]
[1] "withr"


$Packages$cpp11$VignetteBuilder
[1] "knitr"

$Packages$cpp11$`Config/Needs/website`
[1] "tidyverse/tidytemplate"

$Packages$cpp11$`Config/testthat/edition`
[1] "3"

$Packages$cpp11$`Config/Needs/cpp11/cpp_register`
[1] "brio, cli, decor, desc, glue, tibble, vctrs"

$Packages$cpp11$Encoding
[1] "UTF-8"

$Packages$cpp11$RoxygenNote
[1] "7.3.3"

$Packages$cpp11$NeedsCompilation
[1] "no"

$Packages$cpp11$Author
[1] "Davis Vaughan [aut, cre] (ORCID: <https://orcid.org/0000-0003-4777-038X>), Jim Hester [aut] (ORCID: <https://orcid.org/0000-0002-2739-7082>), Romain François [aut] (ORCID: <https://orcid.org/0000-0002-2444-4226>), Benjamin Kietzman [ctb], Posit Software, PBC [cph, fnd]"

$Packages$cpp11$Maintainer
[1] "Davis Vaughan <davis@posit.co>"

$Packages$cpp11$Repository
[1] "CRAN"


$Packages$crayon
$Packages$crayon$Package
[1] "crayon"

$Packages$crayon$Version
[1] "1.5.3"

$Packages$crayon$Source
[1] "Repository"

$Packages$crayon$Title
[1] "Colored Terminal Output"

$Packages$crayon$`Authors@R`
[1] "c( person(\"Gábor\", \"Csárdi\", , \"csardi.gabor@gmail.com\", role = c(\"aut\", \"cre\")), person(\"Brodie\", \"Gaslam\", , \"brodie.gaslam@yahoo.com\", role = \"ctb\"), person(\"Posit Software, PBC\", role = c(\"cph\", \"fnd\")) )"

$Packages$crayon$Description
[1] "The crayon package is now superseded. Please use the 'cli' package for new projects.  Colored terminal output on terminals that support 'ANSI' color and highlight codes. It also works in 'Emacs' 'ESS'. 'ANSI' color support is automatically detected. Colors and highlighting can be combined and nested. New styles can also be created easily.  This package was inspired by the 'chalk' 'JavaScript' project."

$Packages$crayon$License
[1] "MIT + file LICENSE"

$Packages$crayon$URL
[1] "https://r-lib.github.io/crayon/, https://github.com/r-lib/crayon"

$Packages$crayon$BugReports
[1] "https://github.com/r-lib/crayon/issues"

$Packages$crayon$Imports
$Packages$crayon$Imports[[1]]
[1] "grDevices"

$Packages$crayon$Imports[[2]]
[1] "methods"

$Packages$crayon$Imports[[3]]
[1] "utils"


$Packages$crayon$Suggests
$Packages$crayon$Suggests[[1]]
[1] "mockery"

$Packages$crayon$Suggests[[2]]
[1] "rstudioapi"

$Packages$crayon$Suggests[[3]]
[1] "testthat"

$Packages$crayon$Suggests[[4]]
[1] "withr"


$Packages$crayon$`Config/Needs/website`
[1] "tidyverse/tidytemplate"

$Packages$crayon$Encoding
[1] "UTF-8"

$Packages$crayon$RoxygenNote
[1] "7.3.1"

$Packages$crayon$Collate
[1] "'aaa-rstudio-detect.R' 'aaaa-rematch2.R' 'aab-num-ansi-colors.R' 'aac-num-ansi-colors.R' 'ansi-256.R' 'ansi-palette.R' 'combine.R' 'string.R' 'utils.R' 'crayon-package.R' 'disposable.R' 'enc-utils.R' 'has_ansi.R' 'has_color.R' 'link.R' 'styles.R' 'machinery.R' 'parts.R' 'print.R' 'style-var.R' 'show.R' 'string_operations.R'"

$Packages$crayon$NeedsCompilation
[1] "no"

$Packages$crayon$Author
[1] "Gábor Csárdi [aut, cre], Brodie Gaslam [ctb], Posit Software, PBC [cph, fnd]"

$Packages$crayon$Maintainer
[1] "Gábor Csárdi <csardi.gabor@gmail.com>"

$Packages$crayon$Repository
[1] "CRAN"


$Packages$digest
$Packages$digest$Package
[1] "digest"

$Packages$digest$Version
[1] "0.6.39"

$Packages$digest$Source
[1] "Repository"

$Packages$digest$`Authors@R`
[1] "c(person(\"Dirk\", \"Eddelbuettel\", role = c(\"aut\", \"cre\"), email = \"edd@debian.org\", comment = c(ORCID = \"0000-0001-6419-907X\")), person(\"Antoine\", \"Lucas\", role=\"ctb\", comment = c(ORCID = \"0000-0002-8059-9767\")), person(\"Jarek\", \"Tuszynski\", role=\"ctb\"), person(\"Henrik\", \"Bengtsson\", role=\"ctb\", comment = c(ORCID = \"0000-0002-7579-5165\")), person(\"Simon\", \"Urbanek\", role=\"ctb\", comment = c(ORCID = \"0000-0003-2297-1732\")), person(\"Mario\", \"Frasca\", role=\"ctb\"), person(\"Bryan\", \"Lewis\", role=\"ctb\"), person(\"Murray\", \"Stokely\", role=\"ctb\"), person(\"Hannes\", \"Muehleisen\", role=\"ctb\", comment = c(ORCID = \"0000-0001-8552-0029\")), person(\"Duncan\", \"Murdoch\", role=\"ctb\"), person(\"Jim\", \"Hester\", role=\"ctb\", comment = c(ORCID = \"0000-0002-2739-7082\")), person(\"Wush\", \"Wu\", role=\"ctb\", comment = c(ORCID = \"0000-0001-5180-0567\")), person(\"Qiang\", \"Kou\", role=\"ctb\", comment = c(ORCID = \"0000-0001-6786-5453\")), person(\"Thierry\", \"Onkelinx\", role=\"ctb\", comment = c(ORCID = \"0000-0001-8804-4216\")), person(\"Michel\", \"Lang\", role=\"ctb\", comment = c(ORCID = \"0000-0001-9754-0393\")), person(\"Viliam\", \"Simko\", role=\"ctb\"), person(\"Kurt\", \"Hornik\", role=\"ctb\", comment = c(ORCID = \"0000-0003-4198-9911\")), person(\"Radford\", \"Neal\", role=\"ctb\", comment = c(ORCID = \"0000-0002-2473-3407\")), person(\"Kendon\", \"Bell\", role=\"ctb\", comment = c(ORCID = \"0000-0002-9093-8312\")), person(\"Matthew\", \"de Queljoe\", role=\"ctb\"), person(\"Dmitry\", \"Selivanov\", role=\"ctb\", comment = c(ORCID = \"0000-0003-0492-6647\")), person(\"Ion\", \"Suruceanu\", role=\"ctb\", comment = c(ORCID = \"0009-0005-6446-4909\")), person(\"Bill\", \"Denney\", role=\"ctb\", comment = c(ORCID = \"0000-0002-5759-428X\")), person(\"Dirk\", \"Schumacher\", role=\"ctb\"), person(\"András\", \"Svraka\", role=\"ctb\", comment = c(ORCID = \"0009-0008-8480-1329\")), person(\"Sergey\", \"Fedorov\", role=\"ctb\", comment = c(ORCID = \"0000-0002-5970-7233\")), person(\"Will\", \"Landau\", role=\"ctb\", comment = c(ORCID = \"0000-0003-1878-3253\")), person(\"Floris\", \"Vanderhaeghe\", role=\"ctb\", comment = c(ORCID = \"0000-0002-6378-6229\")), person(\"Kevin\", \"Tappe\", role=\"ctb\"), person(\"Harris\", \"McGehee\", role=\"ctb\"), person(\"Tim\", \"Mastny\", role=\"ctb\"), person(\"Aaron\", \"Peikert\", role=\"ctb\", comment = c(ORCID = \"0000-0001-7813-818X\")), person(\"Mark\", \"van der Loo\", role=\"ctb\", comment = c(ORCID = \"0000-0002-9807-4686\")), person(\"Chris\", \"Muir\", role=\"ctb\", comment = c(ORCID = \"0000-0003-2555-3878\")), person(\"Moritz\", \"Beller\", role=\"ctb\", comment = c(ORCID = \"0000-0003-4852-0526\")), person(\"Sebastian\", \"Campbell\", role=\"ctb\", comment = c(ORCID = \"0009-0000-5948-4503\")), person(\"Winston\", \"Chang\", role=\"ctb\", comment = c(ORCID = \"0000-0002-1576-2126\")), person(\"Dean\", \"Attali\", role=\"ctb\", comment = c(ORCID = \"0000-0002-5645-3493\")), person(\"Michael\", \"Chirico\", role=\"ctb\", comment = c(ORCID = \"0000-0003-0787-087X\")), person(\"Kevin\", \"Ushey\", role=\"ctb\", comment = c(ORCID = \"0000-0003-2880-7407\")), person(\"Carl\", \"Pearson\", role=\"ctb\", comment = c(ORCID = \"0000-0003-0701-7860\")))"

$Packages$digest$Date
[1] "2025-11-19"

$Packages$digest$Title
[1] "Create Compact Hash Digests of R Objects"

$Packages$digest$Description
[1] "Implementation of a function 'digest()' for the creation of hash digests of arbitrary R objects (using the 'md5', 'sha-1', 'sha-256', 'crc32', 'xxhash', 'murmurhash', 'spookyhash', 'blake3', 'crc32c', 'xxh3_64', and 'xxh3_128' algorithms) permitting easy comparison of R language objects, as well as functions such as 'hmac()' to create hash-based message authentication code. Please note that this package is not meant to be deployed for cryptographic purposes for which more comprehensive (and widely tested) libraries such as 'OpenSSL' should be used."

$Packages$digest$URL
[1] "https://github.com/eddelbuettel/digest, https://eddelbuettel.github.io/digest/, https://dirk.eddelbuettel.com/code/digest.html"

$Packages$digest$BugReports
[1] "https://github.com/eddelbuettel/digest/issues"

$Packages$digest$Depends
$Packages$digest$Depends[[1]]
[1] "R (>= 3.3.0)"


$Packages$digest$Imports
$Packages$digest$Imports[[1]]
[1] "utils"


$Packages$digest$License
[1] "GPL (>= 2)"

$Packages$digest$Suggests
$Packages$digest$Suggests[[1]]
[1] "tinytest"

$Packages$digest$Suggests[[2]]
[1] "simplermarkdown"

$Packages$digest$Suggests[[3]]
[1] "rbenchmark"


$Packages$digest$VignetteBuilder
[1] "simplermarkdown"

$Packages$digest$Encoding
[1] "UTF-8"

$Packages$digest$NeedsCompilation
[1] "yes"

$Packages$digest$Author
[1] "Dirk Eddelbuettel [aut, cre] (ORCID: <https://orcid.org/0000-0001-6419-907X>), Antoine Lucas [ctb] (ORCID: <https://orcid.org/0000-0002-8059-9767>), Jarek Tuszynski [ctb], Henrik Bengtsson [ctb] (ORCID: <https://orcid.org/0000-0002-7579-5165>), Simon Urbanek [ctb] (ORCID: <https://orcid.org/0000-0003-2297-1732>), Mario Frasca [ctb], Bryan Lewis [ctb], Murray Stokely [ctb], Hannes Muehleisen [ctb] (ORCID: <https://orcid.org/0000-0001-8552-0029>), Duncan Murdoch [ctb], Jim Hester [ctb] (ORCID: <https://orcid.org/0000-0002-2739-7082>), Wush Wu [ctb] (ORCID: <https://orcid.org/0000-0001-5180-0567>), Qiang Kou [ctb] (ORCID: <https://orcid.org/0000-0001-6786-5453>), Thierry Onkelinx [ctb] (ORCID: <https://orcid.org/0000-0001-8804-4216>), Michel Lang [ctb] (ORCID: <https://orcid.org/0000-0001-9754-0393>), Viliam Simko [ctb], Kurt Hornik [ctb] (ORCID: <https://orcid.org/0000-0003-4198-9911>), Radford Neal [ctb] (ORCID: <https://orcid.org/0000-0002-2473-3407>), Kendon Bell [ctb] (ORCID: <https://orcid.org/0000-0002-9093-8312>), Matthew de Queljoe [ctb], Dmitry Selivanov [ctb] (ORCID: <https://orcid.org/0000-0003-0492-6647>), Ion Suruceanu [ctb] (ORCID: <https://orcid.org/0009-0005-6446-4909>), Bill Denney [ctb] (ORCID: <https://orcid.org/0000-0002-5759-428X>), Dirk Schumacher [ctb], András Svraka [ctb] (ORCID: <https://orcid.org/0009-0008-8480-1329>), Sergey Fedorov [ctb] (ORCID: <https://orcid.org/0000-0002-5970-7233>), Will Landau [ctb] (ORCID: <https://orcid.org/0000-0003-1878-3253>), Floris Vanderhaeghe [ctb] (ORCID: <https://orcid.org/0000-0002-6378-6229>), Kevin Tappe [ctb], Harris McGehee [ctb], Tim Mastny [ctb], Aaron Peikert [ctb] (ORCID: <https://orcid.org/0000-0001-7813-818X>), Mark van der Loo [ctb] (ORCID: <https://orcid.org/0000-0002-9807-4686>), Chris Muir [ctb] (ORCID: <https://orcid.org/0000-0003-2555-3878>), Moritz Beller [ctb] (ORCID: <https://orcid.org/0000-0003-4852-0526>), Sebastian Campbell [ctb] (ORCID: <https://orcid.org/0009-0000-5948-4503>), Winston Chang [ctb] (ORCID: <https://orcid.org/0000-0002-1576-2126>), Dean Attali [ctb] (ORCID: <https://orcid.org/0000-0002-5645-3493>), Michael Chirico [ctb] (ORCID: <https://orcid.org/0000-0003-0787-087X>), Kevin Ushey [ctb] (ORCID: <https://orcid.org/0000-0003-2880-7407>), Carl Pearson [ctb] (ORCID: <https://orcid.org/0000-0003-0701-7860>)"

$Packages$digest$Maintainer
[1] "Dirk Eddelbuettel <edd@debian.org>"

$Packages$digest$Repository
[1] "CRAN"


$Packages$dqrng
$Packages$dqrng$Package
[1] "dqrng"

$Packages$dqrng$Version
[1] "0.4.1"

$Packages$dqrng$Source
[1] "Repository"

$Packages$dqrng$Type
[1] "Package"

$Packages$dqrng$Title
[1] "Fast Pseudo Random Number Generators"

$Packages$dqrng$`Authors@R`
[1] "c( person(\"Ralf\", \"Stubner\", email = \"ralf.stubner@gmail.com\", role = c(\"aut\", \"cre\"), comment = c(ORCID = \"0009-0009-1908-106X\")), person(\"daqana GmbH\", role = \"cph\"), person(\"David Blackman\", role = \"cph\", comment = \"Xoroshiro / Xoshiro family\"), person(\"Melissa O'Neill\", email = \"oneill@pcg-random.org\", role = \"cph\", comment = \"PCG family\"), person(\"Sebastiano Vigna\", email = \"vigna@acm.org\", role = \"cph\", comment = \"Xoroshiro / Xoshiro family\"), person(\"Aaron\", \"Lun\", role=\"ctb\"),  person(\"Kyle\", \"Butts\", role = \"ctb\", email = \"kyle.butts@colorado.edu\"), person(\"Henrik\", \"Sloot\", role = \"ctb\"), person(\"Philippe\", \"Grosjean\", role = c(\"ctb\"), comment = c(ORCID = \"0000-0002-2694-9471\")) )"

$Packages$dqrng$Description
[1] "Several fast random number generators are provided as C++ header only libraries: The PCG family by O'Neill (2014 <https://www.cs.hmc.edu/tr/hmc-cs-2014-0905.pdf>) as well as the Xoroshiro / Xoshiro family by Blackman and Vigna (2021 <doi:10.1145/3460772>). In addition fast functions for generating random numbers according to a uniform, normal and exponential distribution are included. The latter two use the Ziggurat algorithm originally proposed by Marsaglia and Tsang (2000, <doi:10.18637/jss.v005.i08>). The fast sampling methods support unweighted sampling both with and without replacement. These functions are exported to R and as a C++ interface and are enabled for use with the default 64 bit generator from the PCG family, Xoroshiro128+/++/** and Xoshiro256+/++/** as well as the 64 bit version of the 20 rounds Threefry engine (Salmon et al., 2011, <doi:10.1145/2063384.2063405>) as provided by the package 'sitmo'."

$Packages$dqrng$License
[1] "AGPL-3"

$Packages$dqrng$Depends
$Packages$dqrng$Depends[[1]]
[1] "R (>= 3.5.0)"


$Packages$dqrng$Imports
$Packages$dqrng$Imports[[1]]
[1] "Rcpp (>= 0.12.16)"


$Packages$dqrng$LinkingTo
$Packages$dqrng$LinkingTo[[1]]
[1] "Rcpp"

$Packages$dqrng$LinkingTo[[2]]
[1] "BH (>= 1.64.0-1)"

$Packages$dqrng$LinkingTo[[3]]
[1] "sitmo (>= 2.0.0)"


$Packages$dqrng$RoxygenNote
[1] "7.3.1"

$Packages$dqrng$Suggests
$Packages$dqrng$Suggests[[1]]
[1] "BH"

$Packages$dqrng$Suggests[[2]]
[1] "testthat"

$Packages$dqrng$Suggests[[3]]
[1] "knitr"

$Packages$dqrng$Suggests[[4]]
[1] "rmarkdown"

$Packages$dqrng$Suggests[[5]]
[1] "mvtnorm (>= 1.2-3)"

$Packages$dqrng$Suggests[[6]]
[1] "bench"

$Packages$dqrng$Suggests[[7]]
[1] "sitmo"


$Packages$dqrng$VignetteBuilder
[1] "knitr"

$Packages$dqrng$URL
[1] "https://daqana.github.io/dqrng/, https://github.com/daqana/dqrng"

$Packages$dqrng$BugReports
[1] "https://github.com/daqana/dqrng/issues"

$Packages$dqrng$Encoding
[1] "UTF-8"

$Packages$dqrng$NeedsCompilation
[1] "yes"

$Packages$dqrng$Author
[1] "Ralf Stubner [aut, cre] (<https://orcid.org/0009-0009-1908-106X>), daqana GmbH [cph], David Blackman [cph] (Xoroshiro / Xoshiro family), Melissa O'Neill [cph] (PCG family), Sebastiano Vigna [cph] (Xoroshiro / Xoshiro family), Aaron Lun [ctb], Kyle Butts [ctb], Henrik Sloot [ctb], Philippe Grosjean [ctb] (<https://orcid.org/0000-0002-2694-9471>)"

$Packages$dqrng$Maintainer
[1] "Ralf Stubner <ralf.stubner@gmail.com>"

$Packages$dqrng$Repository
[1] "CRAN"


$Packages$dreamerr
$Packages$dreamerr$Package
[1] "dreamerr"

$Packages$dreamerr$Version
[1] "1.5.0"

$Packages$dreamerr$Source
[1] "Repository"

$Packages$dreamerr$Type
[1] "Package"

$Packages$dreamerr$Title
[1] "Error Handling Made Easy"

$Packages$dreamerr$`Authors@R`
[1] "person(\"Laurent\", \"Berge\", email = \"laurent.berge@u-bordeaux.fr\", role = c(\"aut\", \"cre\"))"

$Packages$dreamerr$Imports
$Packages$dreamerr$Imports[[1]]
[1] "Formula"

$Packages$dreamerr$Imports[[2]]
[1] "utils"

$Packages$dreamerr$Imports[[3]]
[1] "stringmagic(>= 1.2.0)"


$Packages$dreamerr$Suggests
$Packages$dreamerr$Suggests[[1]]
[1] "knitr"

$Packages$dreamerr$Suggests[[2]]
[1] "rmarkdown"

$Packages$dreamerr$Suggests[[3]]
[1] "stats"

$Packages$dreamerr$Suggests[[4]]
[1] "graphics"


$Packages$dreamerr$Description
[1] "Set of tools to facilitate package development and make R a more user-friendly place. Mostly for developers (or anyone who writes/shares functions). Provides a simple, powerful and flexible way to check the arguments passed to functions.  The developer can easily describe the type of argument needed. If the user provides a wrong argument, then an informative error message is prompted with the requested type and the problem clearly stated--saving the user a lot of time in debugging."

$Packages$dreamerr$License
[1] "GPL-3"

$Packages$dreamerr$Encoding
[1] "UTF-8"

$Packages$dreamerr$VignetteBuilder
[1] "knitr"

$Packages$dreamerr$BugReports
[1] "https://github.com/lrberge/dreamerr/issues"

$Packages$dreamerr$RoxygenNote
[1] "7.3.2"

$Packages$dreamerr$NeedsCompilation
[1] "no"

$Packages$dreamerr$Author
[1] "Laurent Berge [aut, cre]"

$Packages$dreamerr$Maintainer
[1] "Laurent Berge <laurent.berge@u-bordeaux.fr>"

$Packages$dreamerr$Repository
[1] "CRAN"


$Packages$fixest
$Packages$fixest$Package
[1] "fixest"

$Packages$fixest$Version
[1] "0.14.2"

$Packages$fixest$Source
[1] "Repository"

$Packages$fixest$Type
[1] "Package"

$Packages$fixest$Title
[1] "Fast Fixed-Effects Estimations"

$Packages$fixest$`Authors@R`
[1] "c(person(given = \"Laurent\", family = \"Berge\", role = c(\"aut\", \"cre\"), email = \"laurent.berge@u-bordeaux.fr\"), person(given = \"Sebastian\", family = \"Krantz\", role = \"ctb\"), person(given = \"Grant\", family = \"McDermott\", role = \"ctb\", email = \"grantmcd@uoregon.edu\", comment = c(ORCID = \"0000-0001-7883-8573\")), person(given = \"Russell\", family = \"Lenth\", role = \"ctb\", email = \"russell-lenth@uiowa.edu\"), person(given = \"Kyle\", family = \"Butts\", role = \"ctb\", email = \"buttskyle96@gmail.com\"))"

$Packages$fixest$Imports
$Packages$fixest$Imports[[1]]
[1] "stats"

$Packages$fixest$Imports[[2]]
[1] "graphics"

$Packages$fixest$Imports[[3]]
[1] "grDevices"

$Packages$fixest$Imports[[4]]
[1] "tools"

$Packages$fixest$Imports[[5]]
[1] "utils"

$Packages$fixest$Imports[[6]]
[1] "methods"

$Packages$fixest$Imports[[7]]
[1] "numDeriv"

$Packages$fixest$Imports[[8]]
[1] "nlme"

$Packages$fixest$Imports[[9]]
[1] "sandwich"

$Packages$fixest$Imports[[10]]
[1] "Rcpp(>= 1.0.5)"

$Packages$fixest$Imports[[11]]
[1] "dreamerr(>= 1.4.0)"

$Packages$fixest$Imports[[12]]
[1] "stringmagic(>= 1.2.0)"


$Packages$fixest$Suggests
$Packages$fixest$Suggests[[1]]
[1] "knitr"

$Packages$fixest$Suggests[[2]]
[1] "rmarkdown"

$Packages$fixest$Suggests[[3]]
[1] "data.table"

$Packages$fixest$Suggests[[4]]
[1] "plm"

$Packages$fixest$Suggests[[5]]
[1] "MASS"

$Packages$fixest$Suggests[[6]]
[1] "pander"

$Packages$fixest$Suggests[[7]]
[1] "ggplot2"

$Packages$fixest$Suggests[[8]]
[1] "lfe"

$Packages$fixest$Suggests[[9]]
[1] "tinytex"

$Packages$fixest$Suggests[[10]]
[1] "pdftools"

$Packages$fixest$Suggests[[11]]
[1] "emmeans"

$Packages$fixest$Suggests[[12]]
[1] "estimability"

$Packages$fixest$Suggests[[13]]
[1] "AER"

$Packages$fixest$Suggests[[14]]
[1] "Matrix"


$Packages$fixest$LinkingTo
$Packages$fixest$LinkingTo[[1]]
[1] "Rcpp"


$Packages$fixest$Depends
$Packages$fixest$Depends[[1]]
[1] "R(>= 3.5.0)"


$Packages$fixest$Description
[1] "Fast and user-friendly estimation of econometric models with multiple fixed-effects. Includes ordinary least squares (OLS), instrumental variables (IV), generalized linear models (GLM), maximum likelihood estimation (ML), and the negative binomial. The core of the package is based on optimized parallel C++ code, scaling especially well for large data sets. The method to obtain the fixed-effects coefficients is based on Bergé, Butts, McDermott (2026) <doi:10.48550/arXiv.2601.21749>. Further provides tools to export and view the results of several estimations with intuitive design to change the standard-errors."

$Packages$fixest$License
[1] "GPL-3"

$Packages$fixest$BugReports
[1] "https://github.com/lrberge/fixest/issues"

$Packages$fixest$URL
[1] "https://lrberge.github.io/fixest/, https://github.com/lrberge/fixest"

$Packages$fixest$VignetteBuilder
[1] "knitr"

$Packages$fixest$LazyData
[1] "true"

$Packages$fixest$RoxygenNote
[1] "7.3.2.9000"

$Packages$fixest$Encoding
[1] "UTF-8"

$Packages$fixest$NeedsCompilation
[1] "yes"

$Packages$fixest$Author
[1] "Laurent Berge [aut, cre], Sebastian Krantz [ctb], Grant McDermott [ctb] (ORCID: <https://orcid.org/0000-0001-7883-8573>), Russell Lenth [ctb], Kyle Butts [ctb]"

$Packages$fixest$Maintainer
[1] "Laurent Berge <laurent.berge@u-bordeaux.fr>"

$Packages$fixest$Repository
[1] "CRAN"


$Packages$foreign
$Packages$foreign$Package
[1] "foreign"

$Packages$foreign$Version
[1] "0.8-91"

$Packages$foreign$Source
[1] "Repository"

$Packages$foreign$Priority
[1] "recommended"

$Packages$foreign$Date
[1] "2026-01-29"

$Packages$foreign$Title
[1] "Read Data Stored by 'Minitab', 'S', 'SAS', 'SPSS', 'Stata', 'Systat', 'Weka', 'dBase', ..."

$Packages$foreign$Depends
$Packages$foreign$Depends[[1]]
[1] "R (>= 4.0.0)"


$Packages$foreign$Imports
$Packages$foreign$Imports[[1]]
[1] "methods"

$Packages$foreign$Imports[[2]]
[1] "utils"

$Packages$foreign$Imports[[3]]
[1] "stats"


$Packages$foreign$`Authors@R`
[1] "c( person(\"R Core Team\", email = \"R-core@R-project.org\", role = c(\"aut\", \"cph\", \"cre\"), comment = c(ROR = \"02zz1nj61\")), person(\"Roger\", \"Bivand\", role = c(\"ctb\", \"cph\")), person(c(\"Vincent\", \"J.\"), \"Carey\", role = c(\"ctb\", \"cph\")), person(\"Saikat\", \"DebRoy\", role = c(\"ctb\", \"cph\")), person(\"Stephen\", \"Eglen\", role = c(\"ctb\", \"cph\")), person(\"Rajarshi\", \"Guha\", role = c(\"ctb\", \"cph\")), person(\"Swetlana\", \"Herbrandt\", role = \"ctb\"), person(\"Nicholas\", \"Lewin-Koh\", role = c(\"ctb\", \"cph\")), person(\"Mark\", \"Myatt\", role = c(\"ctb\", \"cph\")), person(\"Michael\", \"Nelson\", role = \"ctb\"), person(\"Ben\", \"Pfaff\", role = \"ctb\"), person(\"Brian\", \"Quistorff\", role = \"ctb\"), person(\"Frank\", \"Warmerdam\", role = c(\"ctb\", \"cph\")), person(\"Stephen\", \"Weigand\", role = c(\"ctb\", \"cph\")), person(\"Free Software Foundation, Inc.\", role = \"cph\"))"

$Packages$foreign$Contact
[1] "see 'MailingList'"

$Packages$foreign$Copyright
[1] "see file COPYRIGHTS"

$Packages$foreign$Description
[1] "Reading and writing data stored by some versions of 'Epi Info', 'Minitab', 'S', 'SAS', 'SPSS', 'Stata', 'Systat', 'Weka', and for reading and writing some 'dBase' files."

$Packages$foreign$ByteCompile
[1] "yes"

$Packages$foreign$Biarch
[1] "yes"

$Packages$foreign$License
[1] "GPL (>= 2)"

$Packages$foreign$BugReports
[1] "https://bugs.r-project.org"

$Packages$foreign$MailingList
[1] "R-help@r-project.org"

$Packages$foreign$URL
[1] "https://svn.r-project.org/R-packages/trunk/foreign/"

$Packages$foreign$NeedsCompilation
[1] "yes"

$Packages$foreign$Author
[1] "R Core Team [aut, cph, cre] (ROR: <https://ror.org/02zz1nj61>), Roger Bivand [ctb, cph], Vincent J. Carey [ctb, cph], Saikat DebRoy [ctb, cph], Stephen Eglen [ctb, cph], Rajarshi Guha [ctb, cph], Swetlana Herbrandt [ctb], Nicholas Lewin-Koh [ctb, cph], Mark Myatt [ctb, cph], Michael Nelson [ctb], Ben Pfaff [ctb], Brian Quistorff [ctb], Frank Warmerdam [ctb, cph], Stephen Weigand [ctb, cph], Free Software Foundation, Inc. [cph]"

$Packages$foreign$Maintainer
[1] "R Core Team <R-core@R-project.org>"

$Packages$foreign$Repository
[1] "CRAN"


$Packages$fwildclusterboot
$Packages$fwildclusterboot$Package
[1] "fwildclusterboot"

$Packages$fwildclusterboot$Version
[1] "0.14.3"

$Packages$fwildclusterboot$Source
[1] "Repository"

$Packages$fwildclusterboot$Title
[1] "Fast Wild Cluster Bootstrap Inference for Linear Models"

$Packages$fwildclusterboot$`Authors@R`
[1] "c( person(\"Alexander\", \"Fischer\", , \"alexander-fischer1801@t-online.de\", role = c(\"aut\", \"cre\")), person(\"David\", \"Roodman\", role = \"aut\"), person(\"Megha\", \"Joshi\",  role = \"rev\",  comment = \"Megha reviewed the package (v. 0.13) for ropensci  , see <https://github.com/ropensci/software-review/issues/546>\" ), person(\"Eunseop\", \"Kim\", role = \"rev\",  comment = \"Eunseop reviewed the package (v. 0.13) for ropensci  , see <https://github.com/ropensci/software-review/issues/546>\" ), person(\"Achim\", \"Zeileis\", role = \"ctb\", comment = \"Author of included sandwich fragments\"), person(\"Nathaniel\", \"Graham\", role = \"ctb\", comment = \"Contributor to included sandwich fragments\"), person(\"Susanne\", \"Koell\", role = \"ctb\", comment = \"Contributor to included sandwich fragments\"), person(\"Laurent\", \"Berge\", role = \"ctb\", comment = \"Author of included fixest fragments\"), person(\"Sebastian\", \"Krantz\", role = \"ctb\") )"

$Packages$fwildclusterboot$Description
[1] "Implementation of fast algorithms for wild cluster bootstrap inference developed in 'Roodman et al' (2019, 'STATA' Journal, <doi:10.1177/1536867X19830877>) and 'MacKinnon et al' (2022), which makes it feasible to quickly calculate bootstrap test statistics based on a large number of bootstrap draws even for large samples.  Multiple bootstrap types as described in 'MacKinnon, Nielsen & Webb' (2022) are supported.  Further, 'multiway' clustering, regression weights, bootstrap weights, fixed effects and 'subcluster' bootstrapping are supported. Further, both restricted ('WCR') and unrestricted ('WCU') bootstrap are supported. Methods are provided for a variety of fitted models, including 'lm()', 'feols()' (from package 'fixest') and 'felm()' (from package 'lfe').  Additionally implements a 'heteroskedasticity-robust' ('HC1') wild bootstrap.  Last, the package provides an R binding to 'WildBootTests.jl', which provides additional speed gains and functionality, including the 'WRE' bootstrap for instrumental variable models (based on models of type 'ivreg()' from package 'ivreg') and hypotheses with q > 1."

$Packages$fwildclusterboot$License
[1] "GPL-3"

$Packages$fwildclusterboot$URL
[1] "https://s3alfisc.github.io/fwildclusterboot/"

$Packages$fwildclusterboot$BugReports
[1] "https://github.com/s3alfisc/fwildclusterboot/issues/"

$Packages$fwildclusterboot$Imports
$Packages$fwildclusterboot$Imports[[1]]
[1] "collapse"

$Packages$fwildclusterboot$Imports[[2]]
[1] "dqrng"

$Packages$fwildclusterboot$Imports[[3]]
[1] "dreamerr"

$Packages$fwildclusterboot$Imports[[4]]
[1] "Formula"

$Packages$fwildclusterboot$Imports[[5]]
[1] "generics"

$Packages$fwildclusterboot$Imports[[6]]
[1] "gtools"

$Packages$fwildclusterboot$Imports[[7]]
[1] "JuliaConnectoR"

$Packages$fwildclusterboot$Imports[[8]]
[1] "Matrix"

$Packages$fwildclusterboot$Imports[[9]]
[1] "Rcpp"

$Packages$fwildclusterboot$Imports[[10]]
[1] "rlang"

$Packages$fwildclusterboot$Imports[[11]]
[1] "summclust"


$Packages$fwildclusterboot$Suggests
$Packages$fwildclusterboot$Suggests[[1]]
[1] "bench"

$Packages$fwildclusterboot$Suggests[[2]]
[1] "broom"

$Packages$fwildclusterboot$Suggests[[3]]
[1] "clubSandwich"

$Packages$fwildclusterboot$Suggests[[4]]
[1] "covr"

$Packages$fwildclusterboot$Suggests[[5]]
[1] "data.table"

$Packages$fwildclusterboot$Suggests[[6]]
[1] "fabricatr"

$Packages$fwildclusterboot$Suggests[[7]]
[1] "fixest"

$Packages$fwildclusterboot$Suggests[[8]]
[1] "gt"

$Packages$fwildclusterboot$Suggests[[9]]
[1] "ivreg"

$Packages$fwildclusterboot$Suggests[[10]]
[1] "knitr"

$Packages$fwildclusterboot$Suggests[[11]]
[1] "lfe"

$Packages$fwildclusterboot$Suggests[[12]]
[1] "lmtest"

$Packages$fwildclusterboot$Suggests[[13]]
[1] "modelsummary"

$Packages$fwildclusterboot$Suggests[[14]]
[1] "rmarkdown"

$Packages$fwildclusterboot$Suggests[[15]]
[1] "sandwich"

$Packages$fwildclusterboot$Suggests[[16]]
[1] "testthat (>= 3.0.0)"

$Packages$fwildclusterboot$Suggests[[17]]
[1] "tibble"

$Packages$fwildclusterboot$Suggests[[18]]
[1] "MASS"


$Packages$fwildclusterboot$LinkingTo
$Packages$fwildclusterboot$LinkingTo[[1]]
[1] "Rcpp"

$Packages$fwildclusterboot$LinkingTo[[2]]
[1] "RcppArmadillo"

$Packages$fwildclusterboot$LinkingTo[[3]]
[1] "RcppEigen"


$Packages$fwildclusterboot$VignetteBuilder
[1] "knitr"

$Packages$fwildclusterboot$`Config/testthat/edition`
[1] "3"

$Packages$fwildclusterboot$Encoding
[1] "UTF-8"

$Packages$fwildclusterboot$Language
[1] "en-US"

$Packages$fwildclusterboot$LazyData
[1] "true"

$Packages$fwildclusterboot$Roxygen
[1] "list(markdown = TRUE, roclets = c (\"namespace\", \"rd\", \"srr::srr_stats_roclet\"))"

$Packages$fwildclusterboot$RoxygenNote
[1] "7.2.3"

$Packages$fwildclusterboot$SystemRequirements
[1] "Version Requirements to run the wild bootstrap through Julia - Julia (>= 1.8), WildBootTests.jl (>=0.9.8). Julia is downloadable via the official Julia website (https://julialang.org/downloads/), WildBootTests.jl via Julia's package manager (https://docs.julialang.org/en/v1/stdlib/Pkg/) or its github repository (https://github.com/droodman/WildBootTests.jl)"

$Packages$fwildclusterboot$Repository
[1] "https://s3alfisc.r-universe.dev"

$Packages$fwildclusterboot$NeedsCompilation
[1] "yes"

$Packages$fwildclusterboot$Author
[1] "Alexander Fischer [aut, cre], David Roodman [aut], Megha Joshi [rev] (Megha reviewed the package (v. 0.13) for ropensci , see <https://github.com/ropensci/software-review/issues/546>), Eunseop Kim [rev] (Eunseop reviewed the package (v. 0.13) for ropensci , see <https://github.com/ropensci/software-review/issues/546>), Achim Zeileis [ctb] (Author of included sandwich fragments), Nathaniel Graham [ctb] (Contributor to included sandwich fragments), Susanne Koell [ctb] (Contributor to included sandwich fragments), Laurent Berge [ctb] (Author of included fixest fragments), Sebastian Krantz [ctb]"

$Packages$fwildclusterboot$Maintainer
[1] "Alexander Fischer <alexander-fischer1801@t-online.de>"

$Packages$fwildclusterboot$RemoteType
[1] "repository"

$Packages$fwildclusterboot$RemoteUrl
[1] "https://github.com/s3alfisc/fwildclusterboot"

$Packages$fwildclusterboot$RemoteRef
[1] "HEAD"

$Packages$fwildclusterboot$RemoteSha
[1] "336bb574eba169ac0183317f01d0564791d8122f"


$Packages$generics
$Packages$generics$Package
[1] "generics"

$Packages$generics$Version
[1] "0.1.4"

$Packages$generics$Source
[1] "Repository"

$Packages$generics$Title
[1] "Common S3 Generics not Provided by Base R Methods Related to Model Fitting"

$Packages$generics$`Authors@R`
[1] "c( person(\"Hadley\", \"Wickham\", , \"hadley@posit.co\", role = c(\"aut\", \"cre\"), comment = c(ORCID = \"0000-0003-4757-117X\")), person(\"Max\", \"Kuhn\", , \"max@posit.co\", role = \"aut\"), person(\"Davis\", \"Vaughan\", , \"davis@posit.co\", role = \"aut\"), person(\"Posit Software, PBC\", role = c(\"cph\", \"fnd\"), comment = c(ROR = \"https://ror.org/03wc8by49\")) )"

$Packages$generics$Description
[1] "In order to reduce potential package dependencies and conflicts, generics provides a number of commonly used S3 generics."

$Packages$generics$License
[1] "MIT + file LICENSE"

$Packages$generics$URL
[1] "https://generics.r-lib.org, https://github.com/r-lib/generics"

$Packages$generics$BugReports
[1] "https://github.com/r-lib/generics/issues"

$Packages$generics$Depends
$Packages$generics$Depends[[1]]
[1] "R (>= 3.6)"


$Packages$generics$Imports
$Packages$generics$Imports[[1]]
[1] "methods"


$Packages$generics$Suggests
$Packages$generics$Suggests[[1]]
[1] "covr"

$Packages$generics$Suggests[[2]]
[1] "pkgload"

$Packages$generics$Suggests[[3]]
[1] "testthat (>= 3.0.0)"

$Packages$generics$Suggests[[4]]
[1] "tibble"

$Packages$generics$Suggests[[5]]
[1] "withr"


$Packages$generics$`Config/Needs/website`
[1] "tidyverse/tidytemplate"

$Packages$generics$`Config/testthat/edition`
[1] "3"

$Packages$generics$Encoding
[1] "UTF-8"

$Packages$generics$RoxygenNote
[1] "7.3.2"

$Packages$generics$NeedsCompilation
[1] "no"

$Packages$generics$Author
[1] "Hadley Wickham [aut, cre] (ORCID: <https://orcid.org/0000-0003-4757-117X>), Max Kuhn [aut], Davis Vaughan [aut], Posit Software, PBC [cph, fnd] (ROR: <https://ror.org/03wc8by49>)"

$Packages$generics$Maintainer
[1] "Hadley Wickham <hadley@posit.co>"

$Packages$generics$Repository
[1] "CRAN"


$Packages$glue
$Packages$glue$Package
[1] "glue"

$Packages$glue$Version
[1] "1.8.1"

$Packages$glue$Source
[1] "Repository"

$Packages$glue$Title
[1] "Interpreted String Literals"

$Packages$glue$`Authors@R`
[1] "c( person(\"Jim\", \"Hester\", role = \"aut\", comment = c(ORCID = \"0000-0002-2739-7082\")), person(\"Jennifer\", \"Bryan\", , \"jenny@posit.co\", role = c(\"aut\", \"cre\"), comment = c(ORCID = \"0000-0002-6983-2759\")), person(\"Posit Software, PBC\", role = c(\"cph\", \"fnd\"), comment = c(ROR = \"03wc8by49\")) )"

$Packages$glue$Description
[1] "An implementation of interpreted string literals, inspired by Python's Literal String Interpolation <https://www.python.org/dev/peps/pep-0498/> and Docstrings <https://www.python.org/dev/peps/pep-0257/> and Julia's Triple-Quoted String Literals <https://docs.julialang.org/en/v1.3/manual/strings/#Triple-Quoted-String-Literals-1>."

$Packages$glue$License
[1] "MIT + file LICENSE"

$Packages$glue$URL
[1] "https://glue.tidyverse.org/, https://github.com/tidyverse/glue"

$Packages$glue$BugReports
[1] "https://github.com/tidyverse/glue/issues"

$Packages$glue$Depends
$Packages$glue$Depends[[1]]
[1] "R (>= 4.1)"


$Packages$glue$Imports
$Packages$glue$Imports[[1]]
[1] "methods"


$Packages$glue$Suggests
$Packages$glue$Suggests[[1]]
[1] "crayon"

$Packages$glue$Suggests[[2]]
[1] "DBI (>= 1.2.0)"

$Packages$glue$Suggests[[3]]
[1] "dplyr"

$Packages$glue$Suggests[[4]]
[1] "knitr"

$Packages$glue$Suggests[[5]]
[1] "rlang"

$Packages$glue$Suggests[[6]]
[1] "rmarkdown"

$Packages$glue$Suggests[[7]]
[1] "RSQLite"

$Packages$glue$Suggests[[8]]
[1] "testthat (>= 3.2.0)"

$Packages$glue$Suggests[[9]]
[1] "vctrs (>= 0.3.0)"

$Packages$glue$Suggests[[10]]
[1] "waldo (>= 0.5.3)"

$Packages$glue$Suggests[[11]]
[1] "withr"


$Packages$glue$VignetteBuilder
[1] "knitr"

$Packages$glue$ByteCompile
[1] "true"

$Packages$glue$`Config/Needs/website`
[1] "bench, forcats, ggbeeswarm, ggplot2, R.utils, rprintf, tidyr, tidyverse/tidytemplate"

$Packages$glue$`Config/testthat/edition`
[1] "3"

$Packages$glue$`Config/usethis/last-upkeep`
[1] "2026-04-16"

$Packages$glue$Encoding
[1] "UTF-8"

$Packages$glue$RoxygenNote
[1] "7.3.3"

$Packages$glue$NeedsCompilation
[1] "yes"

$Packages$glue$Author
[1] "Jim Hester [aut] (ORCID: <https://orcid.org/0000-0002-2739-7082>), Jennifer Bryan [aut, cre] (ORCID: <https://orcid.org/0000-0002-6983-2759>), Posit Software, PBC [cph, fnd] (ROR: <https://ror.org/03wc8by49>)"

$Packages$glue$Maintainer
[1] "Jennifer Bryan <jenny@posit.co>"

$Packages$glue$Repository
[1] "CRAN"


$Packages$gtools
$Packages$gtools$Package
[1] "gtools"

$Packages$gtools$Version
[1] "3.9.5"

$Packages$gtools$Source
[1] "Repository"

$Packages$gtools$Title
[1] "Various R Programming Tools"

$Packages$gtools$Description
[1] "Functions to assist in R programming, including: - assist in developing, updating, and maintaining R and R packages ('ask', 'checkRVersion', 'getDependencies', 'keywords', 'scat'), - calculate the logit and inverse logit transformations ('logit', 'inv.logit'), - test if a value is missing, empty or contains only NA and NULL values ('invalid'), - manipulate R's .Last function ('addLast'), - define macros ('defmacro'), - detect odd and even integers ('odd', 'even'), - convert strings containing non-ASCII characters (like single quotes) to plain ASCII ('ASCIIfy'), - perform a binary search ('binsearch'), - sort strings containing both numeric and character components ('mixedsort'), - create a factor variable from the quantiles of a continuous variable ('quantcut'), - enumerate permutations and combinations ('combinations', 'permutation'), - calculate and convert between fold-change and log-ratio ('foldchange', 'logratio2foldchange', 'foldchange2logratio'), - calculate probabilities and generate random numbers from Dirichlet distributions ('rdirichlet', 'ddirichlet'), - apply a function over adjacent subsets of a vector ('running'), - modify the TCP_NODELAY ('de-Nagle') flag for socket objects, - efficient 'rbind' of data frames, even if the column names don't match ('smartbind'), - generate significance stars from p-values ('stars.pval'), - convert characters to/from ASCII codes ('asc', 'chr'), - convert character vector to ASCII representation ('ASCIIfy'), - apply title capitalization rules to a character vector ('capwords')."

$Packages$gtools$`Authors@R`
[1] "c(person(\"Gregory R.\", \"Warnes\", role = \"aut\"), person(\"Ben\", \"Bolker\", role = c(\"aut\", \"cre\"), email = \"bolker@mcmaster.ca\", comment=c(ORCID=\"0000-0002-2127-0443\")), person(\"Thomas\", \"Lumley\", role = \"aut\"), person(\"Arni\", \"Magnusson\", role = \"aut\"), person(\"Bill\", \"Venables\", role = \"aut\"), person(\"Genei\", \"Ryodan\", role = \"aut\"), person(\"Steffen\", \"Moeller\", role = \"aut\"), person(\"Ian\", \"Wilson\", role = \"ctb\"), person(\"Mark\", \"Davis\", role = \"ctb\"), person(\"Nitin\", \"Jain\", role=\"ctb\"), person(\"Scott\", \"Chamberlain\", role = \"ctb\"))"

$Packages$gtools$License
[1] "GPL-2"

$Packages$gtools$Depends
$Packages$gtools$Depends[[1]]
[1] "methods"

$Packages$gtools$Depends[[2]]
[1] "stats"

$Packages$gtools$Depends[[3]]
[1] "utils"


$Packages$gtools$URL
[1] "https://github.com/r-gregmisc/gtools"

$Packages$gtools$BugReports
[1] "https://github.com/r-gregmisc/gtools/issues"

$Packages$gtools$Language
[1] "en-US"

$Packages$gtools$Suggests
$Packages$gtools$Suggests[[1]]
[1] "car"

$Packages$gtools$Suggests[[2]]
[1] "gplots"

$Packages$gtools$Suggests[[3]]
[1] "knitr"

$Packages$gtools$Suggests[[4]]
[1] "rstudioapi"

$Packages$gtools$Suggests[[5]]
[1] "SGP"

$Packages$gtools$Suggests[[6]]
[1] "taxize"


$Packages$gtools$RoxygenNote
[1] "7.2.3"

$Packages$gtools$Encoding
[1] "UTF-8"

$Packages$gtools$NeedsCompilation
[1] "yes"

$Packages$gtools$Author
[1] "Gregory R. Warnes [aut], Ben Bolker [aut, cre] (<https://orcid.org/0000-0002-2127-0443>), Thomas Lumley [aut], Arni Magnusson [aut], Bill Venables [aut], Genei Ryodan [aut], Steffen Moeller [aut], Ian Wilson [ctb], Mark Davis [ctb], Nitin Jain [ctb], Scott Chamberlain [ctb]"

$Packages$gtools$Maintainer
[1] "Ben Bolker <bolker@mcmaster.ca>"

$Packages$gtools$Repository
[1] "CRAN"


$Packages$hms
$Packages$hms$Package
[1] "hms"

$Packages$hms$Version
[1] "1.1.4"

$Packages$hms$Source
[1] "Repository"

$Packages$hms$Title
[1] "Pretty Time of Day"

$Packages$hms$Date
[1] "2025-10-11"

$Packages$hms$`Authors@R`
[1] "c( person(\"Kirill\", \"Müller\", , \"kirill@cynkra.com\", role = c(\"aut\", \"cre\"), comment = c(ORCID = \"0000-0002-1416-3412\")), person(\"R Consortium\", role = \"fnd\"), person(\"Posit Software, PBC\", role = \"fnd\", comment = c(ROR = \"03wc8by49\")) )"

$Packages$hms$Description
[1] "Implements an S3 class for storing and formatting time-of-day values, based on the 'difftime' class."

$Packages$hms$License
[1] "MIT + file LICENSE"

$Packages$hms$URL
[1] "https://hms.tidyverse.org/, https://github.com/tidyverse/hms"

$Packages$hms$BugReports
[1] "https://github.com/tidyverse/hms/issues"

$Packages$hms$Imports
$Packages$hms$Imports[[1]]
[1] "cli"

$Packages$hms$Imports[[2]]
[1] "lifecycle"

$Packages$hms$Imports[[3]]
[1] "methods"

$Packages$hms$Imports[[4]]
[1] "pkgconfig"

$Packages$hms$Imports[[5]]
[1] "rlang (>= 1.0.2)"

$Packages$hms$Imports[[6]]
[1] "vctrs (>= 0.3.8)"


$Packages$hms$Suggests
$Packages$hms$Suggests[[1]]
[1] "crayon"

$Packages$hms$Suggests[[2]]
[1] "lubridate"

$Packages$hms$Suggests[[3]]
[1] "pillar (>= 1.1.0)"

$Packages$hms$Suggests[[4]]
[1] "testthat (>= 3.0.0)"


$Packages$hms$`Config/Needs/website`
[1] "tidyverse/tidytemplate"

$Packages$hms$`Config/testthat/edition`
[1] "3"

$Packages$hms$Encoding
[1] "UTF-8"

$Packages$hms$RoxygenNote
[1] "7.3.3.9000"

$Packages$hms$NeedsCompilation
[1] "no"

$Packages$hms$Author
[1] "Kirill Müller [aut, cre] (ORCID: <https://orcid.org/0000-0002-1416-3412>), R Consortium [fnd], Posit Software, PBC [fnd] (ROR: <https://ror.org/03wc8by49>)"

$Packages$hms$Maintainer
[1] "Kirill Müller <kirill@cynkra.com>"

$Packages$hms$Repository
[1] "CRAN"


$Packages$lattice
$Packages$lattice$Package
[1] "lattice"

$Packages$lattice$Version
[1] "0.22-9"

$Packages$lattice$Source
[1] "Repository"

$Packages$lattice$Date
[1] "2026-02-03"

$Packages$lattice$Priority
[1] "recommended"

$Packages$lattice$Title
[1] "Trellis Graphics for R"

$Packages$lattice$`Authors@R`
[1] "c(person(\"Deepayan\", \"Sarkar\", role = c(\"aut\", \"cre\"), email = \"deepayan.sarkar@r-project.org\", comment = c(ORCID = \"0000-0003-4107-1553\")), person(\"Felix\", \"Andrews\", role = \"ctb\"), person(\"Kevin\", \"Wright\", role = \"ctb\", comment = \"documentation\"), person(\"Neil\", \"Klepeis\", role = \"ctb\"), person(\"Johan\", \"Larsson\", role = \"ctb\", comment = \"miscellaneous improvements\"), person(\"Zhijian (Jason)\", \"Wen\", role = \"cph\", comment = \"filled contour code\"), person(\"Paul\", \"Murrell\", role = \"ctb\", email = \"paul@stat.auckland.ac.nz\"), person(\"Stefan\", \"Eng\", role = \"ctb\", comment = \"violin plot improvements\"), person(\"Achim\", \"Zeileis\", role = \"ctb\", comment = \"modern colors\"), person(\"Alexandre\", \"Courtiol\", role = \"ctb\", comment = \"generics for larrows, lpolygon, lrect and lsegments\") )"

$Packages$lattice$Description
[1] "A powerful and elegant high-level data visualization system inspired by Trellis graphics, with an emphasis on multivariate data. Lattice is sufficient for typical graphics needs, and is also flexible enough to handle most nonstandard requirements. See ?Lattice for an introduction."

$Packages$lattice$Depends
$Packages$lattice$Depends[[1]]
[1] "R (>= 4.0.0)"


$Packages$lattice$Suggests
$Packages$lattice$Suggests[[1]]
[1] "KernSmooth"

$Packages$lattice$Suggests[[2]]
[1] "MASS"

$Packages$lattice$Suggests[[3]]
[1] "latticeExtra"

$Packages$lattice$Suggests[[4]]
[1] "colorspace"


$Packages$lattice$Imports
$Packages$lattice$Imports[[1]]
[1] "grid"

$Packages$lattice$Imports[[2]]
[1] "grDevices"

$Packages$lattice$Imports[[3]]
[1] "graphics"

$Packages$lattice$Imports[[4]]
[1] "stats"

$Packages$lattice$Imports[[5]]
[1] "utils"


$Packages$lattice$Enhances
$Packages$lattice$Enhances[[1]]
[1] "chron"

$Packages$lattice$Enhances[[2]]
[1] "zoo"


$Packages$lattice$LazyLoad
[1] "yes"

$Packages$lattice$LazyData
[1] "yes"

$Packages$lattice$License
[1] "GPL (>= 2)"

$Packages$lattice$URL
[1] "https://lattice.r-forge.r-project.org/"

$Packages$lattice$BugReports
[1] "https://github.com/deepayan/lattice/issues"

$Packages$lattice$NeedsCompilation
[1] "yes"

$Packages$lattice$Author
[1] "Deepayan Sarkar [aut, cre] (ORCID: <https://orcid.org/0000-0003-4107-1553>), Felix Andrews [ctb], Kevin Wright [ctb] (documentation), Neil Klepeis [ctb], Johan Larsson [ctb] (miscellaneous improvements), Zhijian (Jason) Wen [cph] (filled contour code), Paul Murrell [ctb], Stefan Eng [ctb] (violin plot improvements), Achim Zeileis [ctb] (modern colors), Alexandre Courtiol [ctb] (generics for larrows, lpolygon, lrect and lsegments)"

$Packages$lattice$Maintainer
[1] "Deepayan Sarkar <deepayan.sarkar@r-project.org>"

$Packages$lattice$Repository
[1] "CRAN"


$Packages$lifecycle
$Packages$lifecycle$Package
[1] "lifecycle"

$Packages$lifecycle$Version
[1] "1.0.5"

$Packages$lifecycle$Source
[1] "Repository"

$Packages$lifecycle$Title
[1] "Manage the Life Cycle of your Package Functions"

$Packages$lifecycle$`Authors@R`
[1] "c( person(\"Lionel\", \"Henry\", , \"lionel@posit.co\", role = c(\"aut\", \"cre\")), person(\"Hadley\", \"Wickham\", , \"hadley@posit.co\", role = \"aut\", comment = c(ORCID = \"0000-0003-4757-117X\")), person(\"Posit Software, PBC\", role = c(\"cph\", \"fnd\")) )"

$Packages$lifecycle$Description
[1] "Manage the life cycle of your exported functions with shared conventions, documentation badges, and user-friendly deprecation warnings."

$Packages$lifecycle$License
[1] "MIT + file LICENSE"

$Packages$lifecycle$URL
[1] "https://lifecycle.r-lib.org/, https://github.com/r-lib/lifecycle"

$Packages$lifecycle$BugReports
[1] "https://github.com/r-lib/lifecycle/issues"

$Packages$lifecycle$Depends
$Packages$lifecycle$Depends[[1]]
[1] "R (>= 3.6)"


$Packages$lifecycle$Imports
$Packages$lifecycle$Imports[[1]]
[1] "cli (>= 3.4.0)"

$Packages$lifecycle$Imports[[2]]
[1] "rlang (>= 1.1.0)"


$Packages$lifecycle$Suggests
$Packages$lifecycle$Suggests[[1]]
[1] "covr"

$Packages$lifecycle$Suggests[[2]]
[1] "knitr"

$Packages$lifecycle$Suggests[[3]]
[1] "lintr (>= 3.1.0)"

$Packages$lifecycle$Suggests[[4]]
[1] "rmarkdown"

$Packages$lifecycle$Suggests[[5]]
[1] "testthat (>= 3.0.1)"

$Packages$lifecycle$Suggests[[6]]
[1] "tibble"

$Packages$lifecycle$Suggests[[7]]
[1] "tidyverse"

$Packages$lifecycle$Suggests[[8]]
[1] "tools"

$Packages$lifecycle$Suggests[[9]]
[1] "vctrs"

$Packages$lifecycle$Suggests[[10]]
[1] "withr"

$Packages$lifecycle$Suggests[[11]]
[1] "xml2"


$Packages$lifecycle$VignetteBuilder
[1] "knitr"

$Packages$lifecycle$`Config/Needs/website`
[1] "tidyverse/tidytemplate, usethis"

$Packages$lifecycle$`Config/testthat/edition`
[1] "3"

$Packages$lifecycle$Encoding
[1] "UTF-8"

$Packages$lifecycle$RoxygenNote
[1] "7.3.3"

$Packages$lifecycle$NeedsCompilation
[1] "no"

$Packages$lifecycle$Author
[1] "Lionel Henry [aut, cre], Hadley Wickham [aut] (ORCID: <https://orcid.org/0000-0003-4757-117X>), Posit Software, PBC [cph, fnd]"

$Packages$lifecycle$Maintainer
[1] "Lionel Henry <lionel@posit.co>"

$Packages$lifecycle$Repository
[1] "CRAN"


$Packages$lmtest
$Packages$lmtest$Package
[1] "lmtest"

$Packages$lmtest$Version
[1] "0.9-40"

$Packages$lmtest$Source
[1] "Repository"

$Packages$lmtest$Title
[1] "Testing Linear Regression Models"

$Packages$lmtest$Date
[1] "2022-03-21"

$Packages$lmtest$`Authors@R`
[1] "c(person(given = \"Torsten\", family = \"Hothorn\", role = \"aut\", email = \"Torsten.Hothorn@R-project.org\", comment = c(ORCID = \"0000-0001-8301-0471\")), person(given = \"Achim\", family = \"Zeileis\", role = c(\"aut\", \"cre\"), email = \"Achim.Zeileis@R-project.org\", comment = c(ORCID = \"0000-0003-0918-3766\")), person(given = c(\"Richard\", \"W.\"), family = \"Farebrother\", role = \"aut\", comment = \"pan.f\"), person(given = \"Clint\", family = \"Cummins\", role = \"aut\", comment = \"pan.f\"), person(given = \"Giovanni\", family = \"Millo\", role = \"ctb\"), person(given = \"David\", family = \"Mitchell\", role = \"ctb\"))"

$Packages$lmtest$Description
[1] "A collection of tests, data sets, and examples for diagnostic checking in linear regression models. Furthermore, some generic tools for inference in parametric models are provided."

$Packages$lmtest$LazyData
[1] "yes"

$Packages$lmtest$Depends
$Packages$lmtest$Depends[[1]]
[1] "R (>= 3.0.0)"

$Packages$lmtest$Depends[[2]]
[1] "stats"

$Packages$lmtest$Depends[[3]]
[1] "zoo"


$Packages$lmtest$Suggests
$Packages$lmtest$Suggests[[1]]
[1] "car"

$Packages$lmtest$Suggests[[2]]
[1] "strucchange"

$Packages$lmtest$Suggests[[3]]
[1] "sandwich"

$Packages$lmtest$Suggests[[4]]
[1] "dynlm"

$Packages$lmtest$Suggests[[5]]
[1] "stats4"

$Packages$lmtest$Suggests[[6]]
[1] "survival"

$Packages$lmtest$Suggests[[7]]
[1] "AER"


$Packages$lmtest$Imports
$Packages$lmtest$Imports[[1]]
[1] "graphics"


$Packages$lmtest$License
[1] "GPL-2 | GPL-3"

$Packages$lmtest$NeedsCompilation
[1] "yes"

$Packages$lmtest$Author
[1] "Torsten Hothorn [aut] (<https://orcid.org/0000-0001-8301-0471>), Achim Zeileis [aut, cre] (<https://orcid.org/0000-0003-0918-3766>), Richard W. Farebrother [aut] (pan.f), Clint Cummins [aut] (pan.f), Giovanni Millo [ctb], David Mitchell [ctb]"

$Packages$lmtest$Maintainer
[1] "Achim Zeileis <Achim.Zeileis@R-project.org>"

$Packages$lmtest$Repository
[1] "CRAN"


$Packages$magrittr
$Packages$magrittr$Package
[1] "magrittr"

$Packages$magrittr$Version
[1] "2.0.5"

$Packages$magrittr$Source
[1] "Repository"

$Packages$magrittr$Type
[1] "Package"

$Packages$magrittr$Title
[1] "A Forward-Pipe Operator for R"

$Packages$magrittr$`Authors@R`
[1] "c( person(\"Stefan Milton\", \"Bache\", , \"stefan@stefanbache.dk\", role = c(\"aut\", \"cph\"), comment = \"Original author and creator of magrittr\"), person(\"Hadley\", \"Wickham\", , \"hadley@posit.co\", role = \"aut\"), person(\"Lionel\", \"Henry\", , \"lionel@posit.co\", role = \"cre\"), person(\"Posit Software, PBC\", role = c(\"cph\", \"fnd\"), comment = c(ROR = \"03wc8by49\")) )"

$Packages$magrittr$Description
[1] "Provides a mechanism for chaining commands with a new forward-pipe operator, %>%. This operator will forward a value, or the result of an expression, into the next function call/expression. There is flexible support for the type of right-hand side expressions. For more information, see package vignette.  To quote Rene Magritte, \"Ceci n'est pas un pipe.\""

$Packages$magrittr$License
[1] "MIT + file LICENSE"

$Packages$magrittr$URL
[1] "https://magrittr.tidyverse.org, https://github.com/tidyverse/magrittr"

$Packages$magrittr$BugReports
[1] "https://github.com/tidyverse/magrittr/issues"

$Packages$magrittr$Depends
$Packages$magrittr$Depends[[1]]
[1] "R (>= 3.4.0)"


$Packages$magrittr$Suggests
$Packages$magrittr$Suggests[[1]]
[1] "covr"

$Packages$magrittr$Suggests[[2]]
[1] "knitr"

$Packages$magrittr$Suggests[[3]]
[1] "rlang"

$Packages$magrittr$Suggests[[4]]
[1] "rmarkdown"

$Packages$magrittr$Suggests[[5]]
[1] "testthat"


$Packages$magrittr$VignetteBuilder
[1] "knitr"

$Packages$magrittr$ByteCompile
[1] "Yes"

$Packages$magrittr$`Config/Needs/website`
[1] "tidyverse/tidytemplate"

$Packages$magrittr$Encoding
[1] "UTF-8"

$Packages$magrittr$RoxygenNote
[1] "7.3.3"

$Packages$magrittr$NeedsCompilation
[1] "yes"

$Packages$magrittr$Author
[1] "Stefan Milton Bache [aut, cph] (Original author and creator of magrittr), Hadley Wickham [aut], Lionel Henry [cre], Posit Software, PBC [cph, fnd] (ROR: <https://ror.org/03wc8by49>)"

$Packages$magrittr$Maintainer
[1] "Lionel Henry <lionel@posit.co>"

$Packages$magrittr$Repository
[1] "CRAN"


$Packages$maxLik
$Packages$maxLik$Package
[1] "maxLik"

$Packages$maxLik$Version
[1] "1.5-2.2"

$Packages$maxLik$Source
[1] "Repository"

$Packages$maxLik$Title
[1] "Maximum Likelihood Estimation and Related Tools"

$Packages$maxLik$`Authors@R`
[1] "c(person(\"Ott\", \"Toomet\", role=c(\"aut\", \"cre\"), email=\"otoomet@gmail.com\"), person(\"Arne\", \"Henningsen\", role=c(\"aut\"), email=\"arne.henningsen@gmail.com\"), person(\"Spencer\", \"Graves\", role=c(\"ctb\")), person(\"Yves\", \"Croissant\", role=c(\"ctb\")), person(\"David\", \"Hugh-Jones\", role=c(\"ctb\")), person(\"Luca\", \"Scrucca\", role=c(\"ctb\")) )"

$Packages$maxLik$Depends
$Packages$maxLik$Depends[[1]]
[1] "R (>= 2.4.0)"

$Packages$maxLik$Depends[[2]]
[1] "miscTools (>= 0.6-8)"

$Packages$maxLik$Depends[[3]]
[1] "methods"


$Packages$maxLik$Imports
$Packages$maxLik$Imports[[1]]
[1] "sandwich"

$Packages$maxLik$Imports[[2]]
[1] "generics"


$Packages$maxLik$Suggests
$Packages$maxLik$Suggests[[1]]
[1] "MASS"

$Packages$maxLik$Suggests[[2]]
[1] "clue"

$Packages$maxLik$Suggests[[3]]
[1] "dlm"

$Packages$maxLik$Suggests[[4]]
[1] "plot3D"

$Packages$maxLik$Suggests[[5]]
[1] "tibble"

$Packages$maxLik$Suggests[[6]]
[1] "tinytest"


$Packages$maxLik$Description
[1] "Functions for Maximum Likelihood (ML) estimation, non-linear optimization, and related tools.  It includes a unified way to call different optimizers, and classes and methods to handle the results from the Maximum Likelihood viewpoint.  It also includes a number of convenience tools for testing and developing your own models."

$Packages$maxLik$License
[1] "GPL (>= 2)"

$Packages$maxLik$ByteCompile
[1] "yes"

$Packages$maxLik$NeedsCompilation
[1] "no"

$Packages$maxLik$Author
[1] "Ott Toomet [aut, cre], Arne Henningsen [aut], Spencer Graves [ctb], Yves Croissant [ctb], David Hugh-Jones [ctb], Luca Scrucca [ctb]"

$Packages$maxLik$Maintainer
[1] "Ott Toomet <otoomet@gmail.com>"

$Packages$maxLik$Repository
[1] "CRAN"


$Packages$mgcv
$Packages$mgcv$Package
[1] "mgcv"

$Packages$mgcv$Version
[1] "1.9-4"

$Packages$mgcv$Source
[1] "Repository"

$Packages$mgcv$`Authors@R`
[1] "person(given = \"Simon\", family = \"Wood\", role = c(\"aut\", \"cre\"), email = \"simon.wood@r-project.org\")"

$Packages$mgcv$Title
[1] "Mixed GAM Computation Vehicle with Automatic Smoothness Estimation"

$Packages$mgcv$Description
[1] "Generalized additive (mixed) models, some of their extensions and  other generalized ridge regression with multiple smoothing  parameter estimation by (Restricted) Marginal Likelihood,  Cross Validation and similar, or using iterated nested Laplace approximation for fully Bayesian inference. See Wood (2025) <doi:10.1146/annurev-statistics-112723-034249> for an overview. Includes a gam() function, a wide variety of smoothers, 'JAGS' support and distributions beyond the exponential family."

$Packages$mgcv$Priority
[1] "recommended"

$Packages$mgcv$Depends
$Packages$mgcv$Depends[[1]]
[1] "R (>= 4.4.0)"

$Packages$mgcv$Depends[[2]]
[1] "nlme (>= 3.1-64)"


$Packages$mgcv$Imports
$Packages$mgcv$Imports[[1]]
[1] "methods"

$Packages$mgcv$Imports[[2]]
[1] "stats"

$Packages$mgcv$Imports[[3]]
[1] "graphics"

$Packages$mgcv$Imports[[4]]
[1] "Matrix"

$Packages$mgcv$Imports[[5]]
[1] "splines"

$Packages$mgcv$Imports[[6]]
[1] "utils"


$Packages$mgcv$Suggests
$Packages$mgcv$Suggests[[1]]
[1] "parallel"

$Packages$mgcv$Suggests[[2]]
[1] "survival"

$Packages$mgcv$Suggests[[3]]
[1] "MASS"


$Packages$mgcv$LazyLoad
[1] "yes"

$Packages$mgcv$ByteCompile
[1] "yes"

$Packages$mgcv$License
[1] "GPL (>= 2)"

$Packages$mgcv$NeedsCompilation
[1] "yes"

$Packages$mgcv$Author
[1] "Simon Wood [aut, cre]"

$Packages$mgcv$Maintainer
[1] "Simon Wood <simon.wood@r-project.org>"

$Packages$mgcv$Repository
[1] "CRAN"


$Packages$miscTools
$Packages$miscTools$Package
[1] "miscTools"

$Packages$miscTools$Version
[1] "0.6-30"

$Packages$miscTools$Source
[1] "Repository"

$Packages$miscTools$Date
[1] "2026-01-19"

$Packages$miscTools$Title
[1] "Miscellaneous Tools and Utilities"

$Packages$miscTools$`Authors@R`
[1] "c( person( given = \"Arne\", family = \"Henningsen\", role = c( \"aut\", \"cre\" ), email = \"arne.henningsen@gmail.com\" ), person( given = \"Ott\", family = \"Toomet\", role = \"aut\" ) )"

$Packages$miscTools$Author
[1] "Arne Henningsen [aut, cre], Ott Toomet [aut]"

$Packages$miscTools$Maintainer
[1] "Arne Henningsen <arne.henningsen@gmail.com>"

$Packages$miscTools$Depends
$Packages$miscTools$Depends[[1]]
[1] "R (>= 2.14.0)"


$Packages$miscTools$Imports
$Packages$miscTools$Imports[[1]]
[1] "digest"


$Packages$miscTools$Suggests
$Packages$miscTools$Suggests[[1]]
[1] "Ecdat (>= 0.1-5)"


$Packages$miscTools$Description
[1] "Miscellaneous small tools and utilities. Many of them facilitate the work with matrices, e.g. inserting rows or columns, creating symmetric matrices, or checking for semidefiniteness. Other tools facilitate the work with regression models, e.g. extracting the standard errors, obtaining the number of (estimated) parameters, or calculating R-squared values."

$Packages$miscTools$License
[1] "GPL (>= 2)"

$Packages$miscTools$URL
[1] "https://github.com/arne-henningsen/miscTools"

$Packages$miscTools$BugReports
[1] "https://github.com/arne-henningsen/miscTools/issues"

$Packages$miscTools$NeedsCompilation
[1] "no"

$Packages$miscTools$Repository
[1] "CRAN"


$Packages$nlme
$Packages$nlme$Package
[1] "nlme"

$Packages$nlme$Version
[1] "3.1-169"

$Packages$nlme$Source
[1] "Repository"

$Packages$nlme$Date
[1] "2026-03-27"

$Packages$nlme$Priority
[1] "recommended"

$Packages$nlme$Title
[1] "Linear and Nonlinear Mixed Effects Models"

$Packages$nlme$`Authors@R`
[1] "c(person(\"José\", \"Pinheiro\", role = \"aut\", comment = \"S version\"), person(\"Douglas\", \"Bates\", role = \"aut\", comment = \"up to 2007\"), person(\"Saikat\", \"DebRoy\", role = \"ctb\", comment = \"up to 2002\"), person(\"Deepayan\", \"Sarkar\", role = \"ctb\", comment = \"up to 2005\"), person(\"EISPACK authors\", role = \"ctb\", comment = \"src/rs.f\"), person(\"Siem\", \"Heisterkamp\", role = \"ctb\", comment = \"Author fixed sigma\"), person(\"Bert\", \"Van Willigen\",role = \"ctb\", comment = \"Programmer fixed sigma\"), person(\"Johannes\", \"Ranke\", role = \"ctb\", comment = \"varConstProp()\"), person(\"R Core Team\", email = \"R-core@R-project.org\", role = c(\"aut\", \"cre\"), comment = c(ROR = \"02zz1nj61\")))"

$Packages$nlme$Contact
[1] "see 'MailingList'"

$Packages$nlme$Description
[1] "Fit and compare Gaussian linear and nonlinear mixed-effects models."

$Packages$nlme$Depends
$Packages$nlme$Depends[[1]]
[1] "R (>= 3.6.0)"


$Packages$nlme$Imports
$Packages$nlme$Imports[[1]]
[1] "graphics"

$Packages$nlme$Imports[[2]]
[1] "stats"

$Packages$nlme$Imports[[3]]
[1] "utils"

$Packages$nlme$Imports[[4]]
[1] "lattice"


$Packages$nlme$Suggests
$Packages$nlme$Suggests[[1]]
[1] "MASS"

$Packages$nlme$Suggests[[2]]
[1] "SASmixed"


$Packages$nlme$LazyData
[1] "yes"

$Packages$nlme$Encoding
[1] "UTF-8"

$Packages$nlme$License
[1] "GPL (>= 2)"

$Packages$nlme$BugReports
[1] "https://bugs.r-project.org"

$Packages$nlme$MailingList
[1] "R-help@r-project.org"

$Packages$nlme$URL
[1] "https://svn.r-project.org/R-packages/trunk/nlme/"

$Packages$nlme$NeedsCompilation
[1] "yes"

$Packages$nlme$Author
[1] "José Pinheiro [aut] (S version), Douglas Bates [aut] (up to 2007), Saikat DebRoy [ctb] (up to 2002), Deepayan Sarkar [ctb] (up to 2005), EISPACK authors [ctb] (src/rs.f), Siem Heisterkamp [ctb] (Author fixed sigma), Bert Van Willigen [ctb] (Programmer fixed sigma), Johannes Ranke [ctb] (varConstProp()), R Core Team [aut, cre] (ROR: <https://ror.org/02zz1nj61>)"

$Packages$nlme$Maintainer
[1] "R Core Team <R-core@R-project.org>"

$Packages$nlme$Repository
[1] "CRAN"


$Packages$nnet
$Packages$nnet$Package
[1] "nnet"

$Packages$nnet$Version
[1] "7.3-20"

$Packages$nnet$Source
[1] "Repository"

$Packages$nnet$Priority
[1] "recommended"

$Packages$nnet$Date
[1] "2025-01-01"

$Packages$nnet$Depends
$Packages$nnet$Depends[[1]]
[1] "R (>= 3.0.0)"

$Packages$nnet$Depends[[2]]
[1] "stats"

$Packages$nnet$Depends[[3]]
[1] "utils"


$Packages$nnet$Suggests
$Packages$nnet$Suggests[[1]]
[1] "MASS"


$Packages$nnet$`Authors@R`
[1] "c(person(\"Brian\", \"Ripley\", role = c(\"aut\", \"cre\", \"cph\"), email = \"Brian.Ripley@R-project.org\"), person(\"William\", \"Venables\", role = \"cph\"))"

$Packages$nnet$Description
[1] "Software for feed-forward neural networks with a single hidden layer, and for multinomial log-linear models."

$Packages$nnet$Title
[1] "Feed-Forward Neural Networks and Multinomial Log-Linear Models"

$Packages$nnet$ByteCompile
[1] "yes"

$Packages$nnet$License
[1] "GPL-2 | GPL-3"

$Packages$nnet$URL
[1] "http://www.stats.ox.ac.uk/pub/MASS4/"

$Packages$nnet$NeedsCompilation
[1] "yes"

$Packages$nnet$Author
[1] "Brian Ripley [aut, cre, cph], William Venables [cph]"

$Packages$nnet$Maintainer
[1] "Brian Ripley <Brian.Ripley@R-project.org>"

$Packages$nnet$Repository
[1] "CRAN"


$Packages$numDeriv
$Packages$numDeriv$Package
[1] "numDeriv"

$Packages$numDeriv$Version
[1] "2016.8-1.1"

$Packages$numDeriv$Source
[1] "Repository"

$Packages$numDeriv$Title
[1] "Accurate Numerical Derivatives"

$Packages$numDeriv$Description
[1] "Methods for calculating (usually) accurate numerical first and second order derivatives. Accurate calculations  are done using 'Richardson''s' extrapolation or, when applicable, a complex step derivative is available. A simple difference  method is also provided. Simple difference is (usually) less accurate but is much quicker than 'Richardson''s' extrapolation and provides a  useful cross-check.  Methods are provided for real scalar and vector valued functions."

$Packages$numDeriv$Depends
$Packages$numDeriv$Depends[[1]]
[1] "R (>= 2.11.1)"


$Packages$numDeriv$LazyLoad
[1] "yes"

$Packages$numDeriv$ByteCompile
[1] "yes"

$Packages$numDeriv$License
[1] "GPL-2"

$Packages$numDeriv$Copyright
[1] "2006-2011, Bank of Canada. 2012-2016, Paul Gilbert"

$Packages$numDeriv$Author
[1] "Paul Gilbert and Ravi Varadhan"

$Packages$numDeriv$Maintainer
[1] "Paul Gilbert <pgilbert.ttv9z@ncf.ca>"

$Packages$numDeriv$URL
[1] "http://optimizer.r-forge.r-project.org/"

$Packages$numDeriv$NeedsCompilation
[1] "no"

$Packages$numDeriv$Repository
[1] "CRAN"


$Packages$pillar
$Packages$pillar$Package
[1] "pillar"

$Packages$pillar$Version
[1] "1.11.1"

$Packages$pillar$Source
[1] "Repository"

$Packages$pillar$Title
[1] "Coloured Formatting for Columns"

$Packages$pillar$`Authors@R`
[1] "c(person(given = \"Kirill\", family = \"M\\u00fcller\", role = c(\"aut\", \"cre\"), email = \"kirill@cynkra.com\", comment = c(ORCID = \"0000-0002-1416-3412\")), person(given = \"Hadley\", family = \"Wickham\", role = \"aut\"), person(given = \"RStudio\", role = \"cph\"))"

$Packages$pillar$Description
[1] "Provides 'pillar' and 'colonnade' generics designed for formatting columns of data using the full range of colours provided by modern terminals."

$Packages$pillar$License
[1] "MIT + file LICENSE"

$Packages$pillar$URL
[1] "https://pillar.r-lib.org/, https://github.com/r-lib/pillar"

$Packages$pillar$BugReports
[1] "https://github.com/r-lib/pillar/issues"

$Packages$pillar$Imports
$Packages$pillar$Imports[[1]]
[1] "cli (>= 2.3.0)"

$Packages$pillar$Imports[[2]]
[1] "glue"

$Packages$pillar$Imports[[3]]
[1] "lifecycle"

$Packages$pillar$Imports[[4]]
[1] "rlang (>= 1.0.2)"

$Packages$pillar$Imports[[5]]
[1] "utf8 (>= 1.1.0)"

$Packages$pillar$Imports[[6]]
[1] "utils"

$Packages$pillar$Imports[[7]]
[1] "vctrs (>= 0.5.0)"


$Packages$pillar$Suggests
$Packages$pillar$Suggests[[1]]
[1] "bit64"

$Packages$pillar$Suggests[[2]]
[1] "DBI"

$Packages$pillar$Suggests[[3]]
[1] "debugme"

$Packages$pillar$Suggests[[4]]
[1] "DiagrammeR"

$Packages$pillar$Suggests[[5]]
[1] "dplyr"

$Packages$pillar$Suggests[[6]]
[1] "formattable"

$Packages$pillar$Suggests[[7]]
[1] "ggplot2"

$Packages$pillar$Suggests[[8]]
[1] "knitr"

$Packages$pillar$Suggests[[9]]
[1] "lubridate"

$Packages$pillar$Suggests[[10]]
[1] "nanotime"

$Packages$pillar$Suggests[[11]]
[1] "nycflights13"

$Packages$pillar$Suggests[[12]]
[1] "palmerpenguins"

$Packages$pillar$Suggests[[13]]
[1] "rmarkdown"

$Packages$pillar$Suggests[[14]]
[1] "scales"

$Packages$pillar$Suggests[[15]]
[1] "stringi"

$Packages$pillar$Suggests[[16]]
[1] "survival"

$Packages$pillar$Suggests[[17]]
[1] "testthat (>= 3.1.1)"

$Packages$pillar$Suggests[[18]]
[1] "tibble"

$Packages$pillar$Suggests[[19]]
[1] "units (>= 0.7.2)"

$Packages$pillar$Suggests[[20]]
[1] "vdiffr"

$Packages$pillar$Suggests[[21]]
[1] "withr"


$Packages$pillar$VignetteBuilder
[1] "knitr"

$Packages$pillar$Encoding
[1] "UTF-8"

$Packages$pillar$RoxygenNote
[1] "7.3.3.9000"

$Packages$pillar$`Config/testthat/edition`
[1] "3"

$Packages$pillar$`Config/testthat/parallel`
[1] "true"

$Packages$pillar$`Config/testthat/start-first`
[1] "format_multi_fuzz, format_multi_fuzz_2, format_multi, ctl_colonnade, ctl_colonnade_1, ctl_colonnade_2"

$Packages$pillar$`Config/autostyle/scope`
[1] "line_breaks"

$Packages$pillar$`Config/autostyle/strict`
[1] "true"

$Packages$pillar$`Config/gha/extra-packages`
[1] "units=?ignore-before-r=4.3.0"

$Packages$pillar$`Config/Needs/website`
[1] "tidyverse/tidytemplate"

$Packages$pillar$NeedsCompilation
[1] "no"

$Packages$pillar$Author
[1] "Kirill Müller [aut, cre] (ORCID: <https://orcid.org/0000-0002-1416-3412>), Hadley Wickham [aut], RStudio [cph]"

$Packages$pillar$Maintainer
[1] "Kirill Müller <kirill@cynkra.com>"

$Packages$pillar$Repository
[1] "CRAN"


$Packages$pkgconfig
$Packages$pkgconfig$Package
[1] "pkgconfig"

$Packages$pkgconfig$Version
[1] "2.0.3"

$Packages$pkgconfig$Source
[1] "Repository"

$Packages$pkgconfig$Title
[1] "Private Configuration for 'R' Packages"

$Packages$pkgconfig$Author
[1] "Gábor Csárdi"

$Packages$pkgconfig$Maintainer
[1] "Gábor Csárdi <csardi.gabor@gmail.com>"

$Packages$pkgconfig$Description
[1] "Set configuration options on a per-package basis. Options set by a given package only apply to that package, other packages are unaffected."

$Packages$pkgconfig$License
[1] "MIT + file LICENSE"

$Packages$pkgconfig$LazyData
[1] "true"

$Packages$pkgconfig$Imports
$Packages$pkgconfig$Imports[[1]]
[1] "utils"


$Packages$pkgconfig$Suggests
$Packages$pkgconfig$Suggests[[1]]
[1] "covr"

$Packages$pkgconfig$Suggests[[2]]
[1] "testthat"

$Packages$pkgconfig$Suggests[[3]]
[1] "disposables (>= 1.0.3)"


$Packages$pkgconfig$URL
[1] "https://github.com/r-lib/pkgconfig#readme"

$Packages$pkgconfig$BugReports
[1] "https://github.com/r-lib/pkgconfig/issues"

$Packages$pkgconfig$Encoding
[1] "UTF-8"

$Packages$pkgconfig$NeedsCompilation
[1] "no"

$Packages$pkgconfig$Repository
[1] "CRAN"


$Packages$plm
$Packages$plm$Package
[1] "plm"

$Packages$plm$Version
[1] "2.6-7"

$Packages$plm$Source
[1] "Repository"

$Packages$plm$Date
[1] "2025-11-13"

$Packages$plm$Title
[1] "Linear Models for Panel Data"

$Packages$plm$`Authors@R`
[1] "c(person(given = \"Yves\",      family = \"Croissant\",    role = c(\"aut\"), email = \"yves.croissant@univ-reunion.fr\"), person(given = \"Giovanni\",  family = \"Millo\",        role = c(\"aut\"), email = \"giovanni.millo@deams.units.it\"), person(given = \"Kevin\",     family = \"Tappe\",        role = c(\"aut\", \"cre\"), email = \"kevin.tappe@bwi.uni-stuttgart.de\"), person(given = \"Ott\",       family = \"Toomet\",       role = \"ctb\", email = \"otoomet@gmail.com\"), person(given = \"Christian\", family = \"Kleiber\",      role = \"ctb\", email = \"Christian.Kleiber@unibas.ch\"),  person(given = \"Achim\",     family = \"Zeileis\",      role = \"ctb\", email = \"Achim.Zeileis@R-project.org\"), person(given = \"Arne\",      family = \"Henningsen\",   role = \"ctb\", email = \"arne.henningsen@googlemail.com\"), person(given = \"Liviu\",     family = \"Andronic\",     role = \"ctb\"), person(given = \"Nina\",      family = \"Schoenfelder\", role = \"ctb\"))"

$Packages$plm$Depends
$Packages$plm$Depends[[1]]
[1] "R (>= 3.2.0)"


$Packages$plm$Imports
$Packages$plm$Imports[[1]]
[1] "MASS"

$Packages$plm$Imports[[2]]
[1] "bdsmatrix"

$Packages$plm$Imports[[3]]
[1] "collapse (>= 1.8.9)"

$Packages$plm$Imports[[4]]
[1] "zoo"

$Packages$plm$Imports[[5]]
[1] "nlme"

$Packages$plm$Imports[[6]]
[1] "sandwich"

$Packages$plm$Imports[[7]]
[1] "lattice"

$Packages$plm$Imports[[8]]
[1] "lmtest"

$Packages$plm$Imports[[9]]
[1] "maxLik"

$Packages$plm$Imports[[10]]
[1] "Rdpack"

$Packages$plm$Imports[[11]]
[1] "Formula"

$Packages$plm$Imports[[12]]
[1] "stats"


$Packages$plm$Suggests
$Packages$plm$Suggests[[1]]
[1] "AER"

$Packages$plm$Suggests[[2]]
[1] "car"

$Packages$plm$Suggests[[3]]
[1] "statmod"

$Packages$plm$Suggests[[4]]
[1] "urca"

$Packages$plm$Suggests[[5]]
[1] "pder"

$Packages$plm$Suggests[[6]]
[1] "texreg"

$Packages$plm$Suggests[[7]]
[1] "knitr"

$Packages$plm$Suggests[[8]]
[1] "rmarkdown"

$Packages$plm$Suggests[[9]]
[1] "fixest"

$Packages$plm$Suggests[[10]]
[1] "lfe"


$Packages$plm$Description
[1] "A set of estimators for models and (robust) covariance matrices, and tests for panel data econometrics, including within/fixed effects, random effects, between, first-difference,  nested random effects as well as instrumental-variable (IV) and Hausman-Taylor-style models, panel generalized method of moments (GMM) and general FGLS models, mean groups (MG), demeaned MG, and common correlated effects (CCEMG) and pooled (CCEP) estimators with common factors, variable coefficients and limited dependent variables models. Test functions include model specification, serial correlation, cross-sectional dependence, panel unit root and panel Granger (non-)causality. Typical references are general econometrics  text books such as Baltagi (2021), Econometric Analysis of Panel Data (<doi:10.1007/978-3-030-53953-5>), Hsiao (2014), Analysis of Panel Data (<doi:10.1017/CBO9781139839327>), and Croissant and Millo (2018),  Panel Data Econometrics with R (<doi:10.1002/9781119504641>)."

$Packages$plm$License
[1] "GPL (>= 2)"

$Packages$plm$VignetteBuilder
[1] "knitr"

$Packages$plm$URL
[1] "https://cran.r-project.org/package=plm, https://github.com/ycroissant/plm"

$Packages$plm$BugReports
[1] "https://github.com/ycroissant/plm/issues"

$Packages$plm$RoxygenNote
[1] "7.3.2"

$Packages$plm$RdMacros
[1] "Rdpack"

$Packages$plm$Encoding
[1] "UTF-8"

$Packages$plm$NeedsCompilation
[1] "no"

$Packages$plm$Author
[1] "Yves Croissant [aut], Giovanni Millo [aut], Kevin Tappe [aut, cre], Ott Toomet [ctb], Christian Kleiber [ctb], Achim Zeileis [ctb], Arne Henningsen [ctb], Liviu Andronic [ctb], Nina Schoenfelder [ctb]"

$Packages$plm$Maintainer
[1] "Kevin Tappe <kevin.tappe@bwi.uni-stuttgart.de>"

$Packages$plm$Repository
[1] "CRAN"


$Packages$prettyunits
$Packages$prettyunits$Package
[1] "prettyunits"

$Packages$prettyunits$Version
[1] "1.2.0"

$Packages$prettyunits$Source
[1] "Repository"

$Packages$prettyunits$Title
[1] "Pretty, Human Readable Formatting of Quantities"

$Packages$prettyunits$`Authors@R`
[1] "c( person(\"Gabor\", \"Csardi\", email=\"csardi.gabor@gmail.com\", role=c(\"aut\", \"cre\")), person(\"Bill\", \"Denney\", email=\"wdenney@humanpredictions.com\", role=c(\"ctb\"), comment=c(ORCID=\"0000-0002-5759-428X\")), person(\"Christophe\", \"Regouby\", email=\"christophe.regouby@free.fr\", role=c(\"ctb\")) )"

$Packages$prettyunits$Description
[1] "Pretty, human readable formatting of quantities. Time intervals: '1337000' -> '15d 11h 23m 20s'. Vague time intervals: '2674000' -> 'about a month ago'. Bytes: '1337' -> '1.34 kB'. Rounding: '99' with 3 significant digits -> '99.0' p-values: '0.00001' -> '<0.0001'. Colors: '#FF0000' -> 'red'. Quantities: '1239437' -> '1.24 M'."

$Packages$prettyunits$License
[1] "MIT + file LICENSE"

$Packages$prettyunits$URL
[1] "https://github.com/r-lib/prettyunits"

$Packages$prettyunits$BugReports
[1] "https://github.com/r-lib/prettyunits/issues"

$Packages$prettyunits$Depends
$Packages$prettyunits$Depends[[1]]
[1] "R(>= 2.10)"


$Packages$prettyunits$Suggests
$Packages$prettyunits$Suggests[[1]]
[1] "codetools"

$Packages$prettyunits$Suggests[[2]]
[1] "covr"

$Packages$prettyunits$Suggests[[3]]
[1] "testthat"


$Packages$prettyunits$RoxygenNote
[1] "7.2.3"

$Packages$prettyunits$Encoding
[1] "UTF-8"

$Packages$prettyunits$NeedsCompilation
[1] "no"

$Packages$prettyunits$Author
[1] "Gabor Csardi [aut, cre], Bill Denney [ctb] (<https://orcid.org/0000-0002-5759-428X>), Christophe Regouby [ctb]"

$Packages$prettyunits$Maintainer
[1] "Gabor Csardi <csardi.gabor@gmail.com>"

$Packages$prettyunits$Repository
[1] "CRAN"


$Packages$progress
$Packages$progress$Package
[1] "progress"

$Packages$progress$Version
[1] "1.2.3"

$Packages$progress$Source
[1] "Repository"

$Packages$progress$Title
[1] "Terminal Progress Bars"

$Packages$progress$`Authors@R`
[1] "c( person(\"Gábor\", \"Csárdi\", , \"csardi.gabor@gmail.com\", role = c(\"aut\", \"cre\")), person(\"Rich\", \"FitzJohn\", role = \"aut\"), person(\"Posit Software, PBC\", role = c(\"cph\", \"fnd\")) )"

$Packages$progress$Description
[1] "Configurable Progress bars, they may include percentage, elapsed time, and/or the estimated completion time. They work in terminals, in 'Emacs' 'ESS', 'RStudio', 'Windows' 'Rgui' and the 'macOS' 'R.app'. The package also provides a 'C++' 'API', that works with or without 'Rcpp'."

$Packages$progress$License
[1] "MIT + file LICENSE"

$Packages$progress$URL
[1] "https://github.com/r-lib/progress#readme, http://r-lib.github.io/progress/"

$Packages$progress$BugReports
[1] "https://github.com/r-lib/progress/issues"

$Packages$progress$Depends
$Packages$progress$Depends[[1]]
[1] "R (>= 3.6)"


$Packages$progress$Imports
$Packages$progress$Imports[[1]]
[1] "crayon"

$Packages$progress$Imports[[2]]
[1] "hms"

$Packages$progress$Imports[[3]]
[1] "prettyunits"

$Packages$progress$Imports[[4]]
[1] "R6"


$Packages$progress$Suggests
$Packages$progress$Suggests[[1]]
[1] "Rcpp"

$Packages$progress$Suggests[[2]]
[1] "testthat (>= 3.0.0)"

$Packages$progress$Suggests[[3]]
[1] "withr"


$Packages$progress$`Config/Needs/website`
[1] "tidyverse/tidytemplate"

$Packages$progress$`Config/testthat/edition`
[1] "3"

$Packages$progress$Encoding
[1] "UTF-8"

$Packages$progress$RoxygenNote
[1] "7.2.3"

$Packages$progress$NeedsCompilation
[1] "no"

$Packages$progress$Author
[1] "Gábor Csárdi [aut, cre], Rich FitzJohn [aut], Posit Software, PBC [cph, fnd]"

$Packages$progress$Maintainer
[1] "Gábor Csárdi <csardi.gabor@gmail.com>"

$Packages$progress$Repository
[1] "CRAN"


$Packages$rbibutils
$Packages$rbibutils$Package
[1] "rbibutils"

$Packages$rbibutils$Version
[1] "2.4.1"

$Packages$rbibutils$Source
[1] "Repository"

$Packages$rbibutils$Type
[1] "Package"

$Packages$rbibutils$Title
[1] "Read 'Bibtex' Files and Convert Between Bibliography Formats"

$Packages$rbibutils$`Authors@R`
[1] "c( person(given = c(\"Georgi\", \"N.\"), family = \"Boshnakov\",  role = c(\"aut\", \"cre\"), \t email = \"georgi.boshnakov@manchester.ac.uk\", comment = c(ORCID = \"0000-0003-2839-346X\", \"R port, R code, new C code and modifications to bibutils' C code, conversion to Bibentry (R and C code)\") ), person(given = \"Chris\", family = \"Putman\", role = \"aut\", comment = \"src/*, author of the bibutils libraries, https://sourceforge.net/projects/bibutils/\"), person(given = \"Richard\", family = \"Mathar\", role = \"ctb\", comment = \"src/addsout.c\"), person(given = \"Johannes\", family = \"Wilm\", role = \"ctb\", comment = \"src/biblatexin.c, src/bltypes.c\"), person(\"R Core Team\", role = \"ctb\", comment = \"base R's bibentry and bibstyle implementation\") )"

$Packages$rbibutils$Description
[1] "Read and write 'Bibtex' files. Convert between bibliography formats, including 'Bibtex', 'Biblatex', 'PubMed', 'Endnote', and 'Bibentry'.  Includes a port of the 'bibutils' utilities by Chris Putnam <https://sourceforge.net/projects/bibutils/>. Supports all bibliography formats and character encodings implemented in 'bibutils'."

$Packages$rbibutils$License
[1] "GPL-2"

$Packages$rbibutils$URL
[1] "https://geobosh.github.io/rbibutils/ (doc), https://CRAN.R-project.org/package=rbibutils"

$Packages$rbibutils$BugReports
[1] "https://github.com/GeoBosh/rbibutils/issues"

$Packages$rbibutils$Depends
$Packages$rbibutils$Depends[[1]]
[1] "R (>= 2.10)"


$Packages$rbibutils$Imports
$Packages$rbibutils$Imports[[1]]
[1] "utils"

$Packages$rbibutils$Imports[[2]]
[1] "tools"


$Packages$rbibutils$Suggests
$Packages$rbibutils$Suggests[[1]]
[1] "testthat"


$Packages$rbibutils$Encoding
[1] "UTF-8"

$Packages$rbibutils$NeedsCompilation
[1] "yes"

$Packages$rbibutils$`Config/Needs/memcheck`
[1] "devtools, rcmdcheck"

$Packages$rbibutils$Author
[1] "Georgi N. Boshnakov [aut, cre] (ORCID: <https://orcid.org/0000-0003-2839-346X>, R port, R code, new C code and modifications to bibutils' C code, conversion to Bibentry (R and C code)), Chris Putman [aut] (src/*, author of the bibutils libraries, https://sourceforge.net/projects/bibutils/), Richard Mathar [ctb] (src/addsout.c), Johannes Wilm [ctb] (src/biblatexin.c, src/bltypes.c), R Core Team [ctb] (base R's bibentry and bibstyle implementation)"

$Packages$rbibutils$Maintainer
[1] "Georgi N. Boshnakov <georgi.boshnakov@manchester.ac.uk>"

$Packages$rbibutils$Repository
[1] "CRAN"


$Packages$readxl
$Packages$readxl$Package
[1] "readxl"

$Packages$readxl$Version
[1] "1.5.0.1"

$Packages$readxl$Source
[1] "Repository"

$Packages$readxl$Title
[1] "Read Excel Files"

$Packages$readxl$`Authors@R`
[1] "c( person(\"Hadley\", \"Wickham\", , \"hadley@posit.co\", role = \"aut\", comment = c(ORCID = \"0000-0003-4757-117X\")), person(\"Jennifer\", \"Bryan\", , \"jenny@posit.co\", role = c(\"aut\", \"cre\"), comment = c(ORCID = \"0000-0002-6983-2759\")), person(\"Posit, PBC\", role = c(\"cph\", \"fnd\"), comment = \"Copyright holder of all R code and all C/C++ code without explicit copyright attribution\"), person(\"Marcin\", \"Kalicinski\", role = c(\"ctb\", \"cph\"), comment = \"Author of included RapidXML code\"), person(\"Komarov Valery\", role = c(\"ctb\", \"cph\"), comment = \"Author of included libxls code\"), person(\"Christophe Leitienne\", role = c(\"ctb\", \"cph\"), comment = \"Author of included libxls code\"), person(\"Bob Colbert\", role = c(\"ctb\", \"cph\"), comment = \"Author of included libxls code\"), person(\"David Hoerl\", role = c(\"ctb\", \"cph\"), comment = \"Author of included libxls code\"), person(\"Evan Miller\", role = c(\"ctb\", \"cph\"), comment = \"Author of included libxls code\") )"

$Packages$readxl$Description
[1] "Import excel files into R. Supports '.xls' via the embedded 'libxls' C library <https://github.com/libxls/libxls> and '.xlsx' via the embedded 'RapidXML' C++ library <https://rapidxml.sourceforge.net/>.  Works on Windows, Mac and Linux without external dependencies."

$Packages$readxl$License
[1] "MIT + file LICENSE"

$Packages$readxl$URL
[1] "https://readxl.tidyverse.org, https://github.com/tidyverse/readxl"

$Packages$readxl$BugReports
[1] "https://github.com/tidyverse/readxl/issues"

$Packages$readxl$Depends
$Packages$readxl$Depends[[1]]
[1] "R (>= 4.1)"


$Packages$readxl$Imports
$Packages$readxl$Imports[[1]]
[1] "cellranger"

$Packages$readxl$Imports[[2]]
[1] "tibble (>= 2.0.1)"

$Packages$readxl$Imports[[3]]
[1] "utils"


$Packages$readxl$Suggests
$Packages$readxl$Suggests[[1]]
[1] "covr"

$Packages$readxl$Suggests[[2]]
[1] "knitr"

$Packages$readxl$Suggests[[3]]
[1] "rmarkdown"

$Packages$readxl$Suggests[[4]]
[1] "testthat (>= 3.1.6)"

$Packages$readxl$Suggests[[5]]
[1] "withr"


$Packages$readxl$LinkingTo
$Packages$readxl$LinkingTo[[1]]
[1] "cpp11 (>= 0.5.5)"

$Packages$readxl$LinkingTo[[2]]
[1] "progress"


$Packages$readxl$VignetteBuilder
[1] "knitr"

$Packages$readxl$`Config/build/compilation-database`
[1] "true"

$Packages$readxl$`Config/Needs/website`
[1] "tidyverse/tidytemplate, tidyverse"

$Packages$readxl$`Config/roxygen2/version`
[1] "8.0.0"

$Packages$readxl$`Config/testthat/edition`
[1] "3"

$Packages$readxl$Encoding
[1] "UTF-8"

$Packages$readxl$Note
[1] "libxls v1.6.3 c199d13"

$Packages$readxl$NeedsCompilation
[1] "yes"

$Packages$readxl$Author
[1] "Hadley Wickham [aut] (ORCID: <https://orcid.org/0000-0003-4757-117X>), Jennifer Bryan [aut, cre] (ORCID: <https://orcid.org/0000-0002-6983-2759>), Posit, PBC [cph, fnd] (Copyright holder of all R code and all C/C++ code without explicit copyright attribution), Marcin Kalicinski [ctb, cph] (Author of included RapidXML code), Komarov Valery [ctb, cph] (Author of included libxls code), Christophe Leitienne [ctb, cph] (Author of included libxls code), Bob Colbert [ctb, cph] (Author of included libxls code), David Hoerl [ctb, cph] (Author of included libxls code), Evan Miller [ctb, cph] (Author of included libxls code)"

$Packages$readxl$Maintainer
[1] "Jennifer Bryan <jenny@posit.co>"

$Packages$readxl$Repository
[1] "CRAN"


$Packages$rematch
$Packages$rematch$Package
[1] "rematch"

$Packages$rematch$Version
[1] "2.0.0"

$Packages$rematch$Source
[1] "Repository"

$Packages$rematch$Title
[1] "Match Regular Expressions with a Nicer 'API'"

$Packages$rematch$Author
[1] "Gabor Csardi"

$Packages$rematch$Maintainer
[1] "Gabor Csardi <csardi.gabor@gmail.com>"

$Packages$rematch$Description
[1] "A small wrapper on 'regexpr' to extract the matches and captured groups from the match of a regular expression to a character vector."

$Packages$rematch$License
[1] "MIT + file LICENSE"

$Packages$rematch$URL
[1] "https://github.com/gaborcsardi/rematch"

$Packages$rematch$BugReports
[1] "https://github.com/gaborcsardi/rematch/issues"

$Packages$rematch$RoxygenNote
[1] "5.0.1.9000"

$Packages$rematch$Suggests
$Packages$rematch$Suggests[[1]]
[1] "covr"

$Packages$rematch$Suggests[[2]]
[1] "testthat"


$Packages$rematch$Encoding
[1] "UTF-8"

$Packages$rematch$NeedsCompilation
[1] "no"

$Packages$rematch$Repository
[1] "CRAN"


$Packages$renv
$Packages$renv$Package
[1] "renv"

$Packages$renv$Version
[1] "1.3.0"

$Packages$renv$Source
[1] "Repository"

$Packages$renv$Type
[1] "Package"

$Packages$renv$Title
[1] "Project Environments"

$Packages$renv$`Authors@R`
[1] "c( person(\"Kevin\", \"Ushey\", role = c(\"aut\", \"cre\"), email = \"kevin@rstudio.com\", comment = c(ORCID = \"0000-0003-2880-7407\")), person(\"Hadley\", \"Wickham\", role = c(\"aut\"), email = \"hadley@rstudio.com\", comment = c(ORCID = \"0000-0003-4757-117X\")), person(\"Posit Software, PBC\", role = c(\"cph\", \"fnd\")) )"

$Packages$renv$Description
[1] "A dependency management toolkit for R. Using 'renv', you can create and manage project-local R libraries, save the state of these libraries to a 'lockfile', and later restore your library as required. Together, these tools can help make your projects more isolated, portable, and reproducible."

$Packages$renv$License
[1] "MIT + file LICENSE"

$Packages$renv$URL
[1] "https://rstudio.github.io/renv/, https://github.com/rstudio/renv"

$Packages$renv$BugReports
[1] "https://github.com/rstudio/renv/issues"

$Packages$renv$Imports
$Packages$renv$Imports[[1]]
[1] "utils"


$Packages$renv$Suggests
$Packages$renv$Suggests[[1]]
[1] "BiocManager"

$Packages$renv$Suggests[[2]]
[1] "cli"

$Packages$renv$Suggests[[3]]
[1] "compiler"

$Packages$renv$Suggests[[4]]
[1] "covr"

$Packages$renv$Suggests[[5]]
[1] "cpp11"

$Packages$renv$Suggests[[6]]
[1] "curl"

$Packages$renv$Suggests[[7]]
[1] "devtools"

$Packages$renv$Suggests[[8]]
[1] "generics"

$Packages$renv$Suggests[[9]]
[1] "gitcreds"

$Packages$renv$Suggests[[10]]
[1] "jsonlite"

$Packages$renv$Suggests[[11]]
[1] "jsonvalidate"

$Packages$renv$Suggests[[12]]
[1] "knitr"

$Packages$renv$Suggests[[13]]
[1] "miniUI"

$Packages$renv$Suggests[[14]]
[1] "modules"

$Packages$renv$Suggests[[15]]
[1] "packrat"

$Packages$renv$Suggests[[16]]
[1] "pak"

$Packages$renv$Suggests[[17]]
[1] "pkgload"

$Packages$renv$Suggests[[18]]
[1] "R6"

$Packages$renv$Suggests[[19]]
[1] "remotes"

$Packages$renv$Suggests[[20]]
[1] "reticulate"

$Packages$renv$Suggests[[21]]
[1] "rmarkdown"

$Packages$renv$Suggests[[22]]
[1] "rstudioapi"

$Packages$renv$Suggests[[23]]
[1] "shiny"

$Packages$renv$Suggests[[24]]
[1] "testthat"

$Packages$renv$Suggests[[25]]
[1] "uuid"

$Packages$renv$Suggests[[26]]
[1] "waldo"

$Packages$renv$Suggests[[27]]
[1] "yaml"

$Packages$renv$Suggests[[28]]
[1] "webfakes"


$Packages$renv$Encoding
[1] "UTF-8"

$Packages$renv$VignetteBuilder
[1] "knitr"

$Packages$renv$`Config/Needs/website`
[1] "tidyverse/tidytemplate"

$Packages$renv$`Config/testthat/edition`
[1] "3"

$Packages$renv$`Config/testthat/parallel`
[1] "true"

$Packages$renv$`Config/testthat/start-first`
[1] "bioconductor,python,install,restore,snapshot,retrieve,remotes"

$Packages$renv$`Config/roxygen2/version`
[1] "8.0.0"

$Packages$renv$NeedsCompilation
[1] "no"

$Packages$renv$Author
[1] "Kevin Ushey [aut, cre] (ORCID: <https://orcid.org/0000-0003-2880-7407>), Hadley Wickham [aut] (ORCID: <https://orcid.org/0000-0003-4757-117X>), Posit Software, PBC [cph, fnd]"

$Packages$renv$Maintainer
[1] "Kevin Ushey <kevin@rstudio.com>"

$Packages$renv$Repository
[1] "CRAN"


$Packages$rlang
$Packages$rlang$Package
[1] "rlang"

$Packages$rlang$Version
[1] "1.3.0"

$Packages$rlang$Source
[1] "Repository"

$Packages$rlang$Title
[1] "Functions for Base Types and Core R and 'Tidyverse' Features"

$Packages$rlang$`Authors@R`
[1] "c( person(\"Lionel\", \"Henry\", , \"lionel@posit.co\", role = c(\"aut\", \"cre\")), person(\"Hadley\", \"Wickham\", , \"hadley@posit.co\", role = \"aut\"), person(\"mikefc\", , , \"mikefc@coolbutuseless.com\", role = \"cph\", comment = \"Hash implementation based on Mike's xxhashlite\"), person(\"Yann\", \"Collet\", role = \"cph\", comment = \"Author of the embedded xxHash library\"), person(\"Posit, PBC\", role = c(\"cph\", \"fnd\")) )"

$Packages$rlang$Description
[1] "A toolbox for working with base types, core R features like the condition system, and core 'Tidyverse' features like tidy evaluation."

$Packages$rlang$License
[1] "MIT + file LICENSE"

$Packages$rlang$URL
[1] "https://rlang.r-lib.org, https://github.com/r-lib/rlang"

$Packages$rlang$BugReports
[1] "https://github.com/r-lib/rlang/issues"

$Packages$rlang$Depends
$Packages$rlang$Depends[[1]]
[1] "R (>= 4.0.0)"


$Packages$rlang$Imports
$Packages$rlang$Imports[[1]]
[1] "utils"


$Packages$rlang$Suggests
$Packages$rlang$Suggests[[1]]
[1] "cli (>= 3.1.0)"

$Packages$rlang$Suggests[[2]]
[1] "covr"

$Packages$rlang$Suggests[[3]]
[1] "crayon"

$Packages$rlang$Suggests[[4]]
[1] "desc"

$Packages$rlang$Suggests[[5]]
[1] "fs"

$Packages$rlang$Suggests[[6]]
[1] "glue"

$Packages$rlang$Suggests[[7]]
[1] "knitr"

$Packages$rlang$Suggests[[8]]
[1] "magrittr"

$Packages$rlang$Suggests[[9]]
[1] "methods"

$Packages$rlang$Suggests[[10]]
[1] "pillar"

$Packages$rlang$Suggests[[11]]
[1] "pkgload"

$Packages$rlang$Suggests[[12]]
[1] "rmarkdown"

$Packages$rlang$Suggests[[13]]
[1] "stats"

$Packages$rlang$Suggests[[14]]
[1] "testthat (>= 3.3.2)"

$Packages$rlang$Suggests[[15]]
[1] "tibble"

$Packages$rlang$Suggests[[16]]
[1] "usethis"

$Packages$rlang$Suggests[[17]]
[1] "vctrs (>= 0.2.3)"

$Packages$rlang$Suggests[[18]]
[1] "withr"


$Packages$rlang$Enhances
$Packages$rlang$Enhances[[1]]
[1] "winch"


$Packages$rlang$Biarch
[1] "true"

$Packages$rlang$ByteCompile
[1] "true"

$Packages$rlang$`Config/build/compilation-database`
[1] "true"

$Packages$rlang$`Config/Needs/website`
[1] "dplyr, tidyverse/tidytemplate"

$Packages$rlang$`Config/roxygen2/version`
[1] "8.0.0"

$Packages$rlang$`Config/testthat/edition`
[1] "3"

$Packages$rlang$`Config/testthat/parallel`
[1] "true"

$Packages$rlang$Encoding
[1] "UTF-8"

$Packages$rlang$NeedsCompilation
[1] "yes"

$Packages$rlang$Author
[1] "Lionel Henry [aut, cre], Hadley Wickham [aut], mikefc [cph] (Hash implementation based on Mike's xxhashlite), Yann Collet [cph] (Author of the embedded xxHash library), Posit, PBC [cph, fnd]"

$Packages$rlang$Maintainer
[1] "Lionel Henry <lionel@posit.co>"

$Packages$rlang$Repository
[1] "CRAN"


$Packages$rpart
$Packages$rpart$Package
[1] "rpart"

$Packages$rpart$Version
[1] "4.1.27"

$Packages$rpart$Source
[1] "Repository"

$Packages$rpart$Priority
[1] "recommended"

$Packages$rpart$Date
[1] "2026-03-26"

$Packages$rpart$`Authors@R`
[1] "c(person(\"Terry\", \"Therneau\", role = \"aut\", email = \"therneau@mayo.edu\"), person(\"Beth\", \"Atkinson\", role = c(\"aut\", \"cre\"), email = \"atkinson@mayo.edu\"), person(\"Brian\", \"Ripley\", role = \"trl\", email = \"Brian.Ripley@R-project.org\", comment = \"producer of the initial R port, maintainer 1999-2017\"))"

$Packages$rpart$Description
[1] "Recursive partitioning for classification,  regression and survival trees.  An implementation of most of the  functionality of the 1984 book by Breiman, Friedman, Olshen and Stone."

$Packages$rpart$Title
[1] "Recursive Partitioning and Regression Trees"

$Packages$rpart$Depends
$Packages$rpart$Depends[[1]]
[1] "R (>= 2.15.0)"

$Packages$rpart$Depends[[2]]
[1] "graphics"

$Packages$rpart$Depends[[3]]
[1] "stats"

$Packages$rpart$Depends[[4]]
[1] "grDevices"


$Packages$rpart$Suggests
$Packages$rpart$Suggests[[1]]
[1] "survival"


$Packages$rpart$License
[1] "GPL-2 | GPL-3"

$Packages$rpart$LazyData
[1] "yes"

$Packages$rpart$ByteCompile
[1] "yes"

$Packages$rpart$NeedsCompilation
[1] "yes"

$Packages$rpart$Author
[1] "Terry Therneau [aut], Beth Atkinson [aut, cre], Brian Ripley [trl] (producer of the initial R port, maintainer 1999-2017)"

$Packages$rpart$Maintainer
[1] "Beth Atkinson <atkinson@mayo.edu>"

$Packages$rpart$Repository
[1] "CRAN"

$Packages$rpart$URL
[1] "https://github.com/bethatkinson/rpart, https://cran.r-project.org/package=rpart"

$Packages$rpart$BugReports
[1] "https://github.com/bethatkinson/rpart/issues"


$Packages$sandwich
$Packages$sandwich$Package
[1] "sandwich"

$Packages$sandwich$Version
[1] "3.1-3"

$Packages$sandwich$Source
[1] "Repository"

$Packages$sandwich$Date
[1] "2026-08-02"

$Packages$sandwich$Title
[1] "Robust Covariance Matrix Estimators"

$Packages$sandwich$`Authors@R`
[1] "c(person(given = \"Achim\", family = \"Zeileis\", role = c(\"aut\", \"cre\"), email = \"Achim.Zeileis@R-project.org\", comment = c(ORCID = \"0000-0003-0918-3766\")), person(given = \"Thomas\", family = \"Lumley\", role = \"aut\", email = \"t.lumley@auckland.ac.nz\", comment = c(ORCID = \"0000-0003-4255-5437\")), person(given = \"Nathaniel\", family = \"Graham\", role = \"ctb\", email = \"npgraham1@gmail.com\", comment = c(ORCID = \"0009-0002-1215-5256\")), person(given = \"Susanne\", family = \"Koell\", role = \"ctb\"))"

$Packages$sandwich$Description
[1] "Object-oriented software for model-robust covariance matrix estimators. Starting out from the basic  robust Eicker-Huber-White sandwich covariance methods include: heteroscedasticity-consistent (HC) covariances for cross-section data; heteroscedasticity- and autocorrelation-consistent (HAC) covariances for time series data (such as Andrews' kernel HAC, Newey-West, and WEAVE estimators); clustered covariances (one-way and multi-way); panel and panel-corrected covariances; outer-product-of-gradients covariances; and (clustered) bootstrap covariances. All methods are applicable to (generalized) linear model objects fitted by lm() and glm() but can also be adapted to other classes through S3 methods. Details can be found in Zeileis et al. (2020) <doi:10.18637/jss.v095.i01>, Zeileis (2004) <doi:10.18637/jss.v011.i10> and Zeileis (2006) <doi:10.18637/jss.v016.i09>."

$Packages$sandwich$Depends
$Packages$sandwich$Depends[[1]]
[1] "R (>= 3.0.0)"


$Packages$sandwich$Imports
$Packages$sandwich$Imports[[1]]
[1] "stats"

$Packages$sandwich$Imports[[2]]
[1] "utils"

$Packages$sandwich$Imports[[3]]
[1] "zoo"


$Packages$sandwich$Suggests
$Packages$sandwich$Suggests[[1]]
[1] "AER"

$Packages$sandwich$Suggests[[2]]
[1] "car"

$Packages$sandwich$Suggests[[3]]
[1] "geepack"

$Packages$sandwich$Suggests[[4]]
[1] "lattice"

$Packages$sandwich$Suggests[[5]]
[1] "lme4"

$Packages$sandwich$Suggests[[6]]
[1] "lmtest"

$Packages$sandwich$Suggests[[7]]
[1] "MASS"

$Packages$sandwich$Suggests[[8]]
[1] "multiwayvcov"

$Packages$sandwich$Suggests[[9]]
[1] "parallel"

$Packages$sandwich$Suggests[[10]]
[1] "pcse"

$Packages$sandwich$Suggests[[11]]
[1] "plm"

$Packages$sandwich$Suggests[[12]]
[1] "pscl"

$Packages$sandwich$Suggests[[13]]
[1] "scatterplot3d"

$Packages$sandwich$Suggests[[14]]
[1] "stats4"

$Packages$sandwich$Suggests[[15]]
[1] "strucchange"

$Packages$sandwich$Suggests[[16]]
[1] "survival"


$Packages$sandwich$License
[1] "GPL-2 | GPL-3"

$Packages$sandwich$URL
[1] "https://zeileis.codeberg.page/sandwich/"

$Packages$sandwich$BugReports
[1] "https://codeberg.org/zeileis/sandwich/issues"

$Packages$sandwich$NeedsCompilation
[1] "no"

$Packages$sandwich$Author
[1] "Achim Zeileis [aut, cre] (ORCID: <https://orcid.org/0000-0003-0918-3766>), Thomas Lumley [aut] (ORCID: <https://orcid.org/0000-0003-4255-5437>), Nathaniel Graham [ctb] (ORCID: <https://orcid.org/0009-0002-1215-5256>), Susanne Koell [ctb]"

$Packages$sandwich$Maintainer
[1] "Achim Zeileis <Achim.Zeileis@R-project.org>"

$Packages$sandwich$Repository
[1] "CRAN"


$Packages$sitmo
$Packages$sitmo$Package
[1] "sitmo"

$Packages$sitmo$Version
[1] "2.0.2"

$Packages$sitmo$Source
[1] "Repository"

$Packages$sitmo$Title
[1] "Parallel Pseudo Random Number Generator (PPRNG) 'sitmo' Header Files"

$Packages$sitmo$`Authors@R`
[1] "c(person(\"James\", \"Balamuta\", email = \"balamut2@illinois.edu\", role = c(\"aut\", \"cre\", \"cph\"), comment = c(ORCID = \"0000-0003-2826-8458\")), person(\"Thijs\",\"van den Berg\", email = \"thijs@sitmo.com\", role = c(\"aut\", \"cph\")), person(\"Ralf\", \"Stubner\", email = \"ralf.stubner@daqana.com\", role = c(\"ctb\")))"

$Packages$sitmo$Description
[1] "Provided within are two high quality and fast PPRNGs that may be used in an 'OpenMP' parallel environment. In addition, there is a generator for one dimensional low-discrepancy sequence. The objective of this library to consolidate the distribution of the 'sitmo' (C++98 & C++11), 'threefry' and 'vandercorput' (C++11-only) engines on CRAN by enabling others to link to the header files inside of 'sitmo' instead of including a copy of each engine within their individual package. Lastly, the package contains example implementations using the 'sitmo' package and three accompanying vignette that provide additional information."

$Packages$sitmo$Depends
$Packages$sitmo$Depends[[1]]
[1] "R (>= 3.2.0)"


$Packages$sitmo$URL
[1] "https://github.com/coatless/sitmo, http://thecoatlessprofessor.com/projects/sitmo/, https://github.com/stdfin/random/"

$Packages$sitmo$BugReports
[1] "https://github.com/coatless/sitmo/issues"

$Packages$sitmo$License
[1] "MIT + file LICENSE"

$Packages$sitmo$LinkingTo
$Packages$sitmo$LinkingTo[[1]]
[1] "Rcpp"


$Packages$sitmo$Imports
$Packages$sitmo$Imports[[1]]
[1] "Rcpp (>= 0.12.13)"


$Packages$sitmo$RoxygenNote
[1] "7.1.1"

$Packages$sitmo$Suggests
$Packages$sitmo$Suggests[[1]]
[1] "knitr"

$Packages$sitmo$Suggests[[2]]
[1] "rmarkdown"

$Packages$sitmo$Suggests[[3]]
[1] "ggplot2"


$Packages$sitmo$VignetteBuilder
[1] "knitr"

$Packages$sitmo$Encoding
[1] "UTF-8"

$Packages$sitmo$NeedsCompilation
[1] "yes"

$Packages$sitmo$Author
[1] "James Balamuta [aut, cre, cph] (<https://orcid.org/0000-0003-2826-8458>), Thijs van den Berg [aut, cph], Ralf Stubner [ctb]"

$Packages$sitmo$Maintainer
[1] "James Balamuta <balamut2@illinois.edu>"

$Packages$sitmo$Repository
[1] "CRAN"


$Packages$spatial
$Packages$spatial$Package
[1] "spatial"

$Packages$spatial$Version
[1] "7.3-18"

$Packages$spatial$Source
[1] "Repository"

$Packages$spatial$Priority
[1] "recommended"

$Packages$spatial$Date
[1] "2025-01-01"

$Packages$spatial$Depends
$Packages$spatial$Depends[[1]]
[1] "R (>= 3.0.0)"

$Packages$spatial$Depends[[2]]
[1] "graphics"

$Packages$spatial$Depends[[3]]
[1] "stats"

$Packages$spatial$Depends[[4]]
[1] "utils"


$Packages$spatial$Suggests
$Packages$spatial$Suggests[[1]]
[1] "MASS"


$Packages$spatial$`Authors@R`
[1] "c(person(\"Brian\", \"Ripley\", role = c(\"aut\", \"cre\", \"cph\"), email = \"Brian.Ripley@R-project.org\"), person(\"Roger\", \"Bivand\", role = \"ctb\"), person(\"William\", \"Venables\", role = \"cph\"))"

$Packages$spatial$Description
[1] "Functions for kriging and point pattern analysis."

$Packages$spatial$Title
[1] "Functions for Kriging and Point Pattern Analysis"

$Packages$spatial$LazyLoad
[1] "yes"

$Packages$spatial$ByteCompile
[1] "yes"

$Packages$spatial$License
[1] "GPL-2 | GPL-3"

$Packages$spatial$URL
[1] "http://www.stats.ox.ac.uk/pub/MASS4/"

$Packages$spatial$NeedsCompilation
[1] "yes"

$Packages$spatial$Author
[1] "Brian Ripley [aut, cre, cph], Roger Bivand [ctb], William Venables [cph]"

$Packages$spatial$Maintainer
[1] "Brian Ripley <Brian.Ripley@R-project.org>"

$Packages$spatial$Repository
[1] "CRAN"


$Packages$stringmagic
$Packages$stringmagic$Package
[1] "stringmagic"

$Packages$stringmagic$Version
[1] "1.3.0"

$Packages$stringmagic$Source
[1] "Repository"

$Packages$stringmagic$Type
[1] "Package"

$Packages$stringmagic$Title
[1] "Character String Operations and Interpolation, Magic Edition"

$Packages$stringmagic$`Authors@R`
[1] "c(person(given = \"Laurent R\", family = \"Berge\", role = c(\"aut\", \"cre\"), email = \"laurent.berge@u-bordeaux.fr\", comment = c(ORCID = \"0000-0003-2736-1917\")), person(given = \"Morgan\", family = \"Jacob\", role = \"ctb\"))"

$Packages$stringmagic$Imports
$Packages$stringmagic$Imports[[1]]
[1] "Rcpp(>= 1.0.5)"

$Packages$stringmagic$Imports[[2]]
[1] "utils"

$Packages$stringmagic$Imports[[3]]
[1] "stats"


$Packages$stringmagic$Suggests
$Packages$stringmagic$Suggests[[1]]
[1] "knitr"

$Packages$stringmagic$Suggests[[2]]
[1] "rmarkdown"

$Packages$stringmagic$Suggests[[3]]
[1] "data.table"


$Packages$stringmagic$LinkingTo
$Packages$stringmagic$LinkingTo[[1]]
[1] "Rcpp"


$Packages$stringmagic$Description
[1] "Performs complex string operations compactly and efficiently. Supports string interpolation jointly with over 50 string operations. Also enhances regular string functions (like grep() and co). See an introduction at <https://lrberge.github.io/stringmagic/>."

$Packages$stringmagic$License
[1] "GPL (>= 2)"

$Packages$stringmagic$Encoding
[1] "UTF-8"

$Packages$stringmagic$BugReports
[1] "https://github.com/lrberge/stringmagic/issues"

$Packages$stringmagic$URL
[1] "https://lrberge.github.io/stringmagic/, https://github.com/lrberge/stringmagic"

$Packages$stringmagic$VignetteBuilder
[1] "knitr"

$Packages$stringmagic$RoxygenNote
[1] "7.3.2"

$Packages$stringmagic$NeedsCompilation
[1] "yes"

$Packages$stringmagic$Author
[1] "Laurent R Berge [aut, cre] (ORCID: <https://orcid.org/0000-0003-2736-1917>), Morgan Jacob [ctb]"

$Packages$stringmagic$Maintainer
[1] "Laurent R Berge <laurent.berge@u-bordeaux.fr>"

$Packages$stringmagic$Repository
[1] "CRAN"


$Packages$summclust
$Packages$summclust$Package
[1] "summclust"

$Packages$summclust$Version
[1] "0.7.0"

$Packages$summclust$Source
[1] "Repository"

$Packages$summclust$Title
[1] "Module to Compute Influence and Leverage Statistics for Regression Models with Clustered Errors"

$Packages$summclust$`Authors@R`
[1] "c( person(given = \"Alexander\", family = \"Fischer\", role = c(\"aut\", \"cre\"), email = \"alexander-fischer1801@t-online.de\") )"

$Packages$summclust$Description
[1] "Module to compute cluster specific information for regression models with clustered errors, including leverage and influence statistics. Models of type 'lm' and 'fixest'(from the 'stats' and 'fixest' packages) are supported. 'summclust' implements similar features as the user-written 'summclust.ado' Stata module (MacKinnon, Nielsen & Webb, 2022; <arXiv:2205.03288v1>)."

$Packages$summclust$License
[1] "MIT + file LICENSE"

$Packages$summclust$Encoding
[1] "UTF-8"

$Packages$summclust$Roxygen
[1] "list(markdown = TRUE)"

$Packages$summclust$RoxygenNote
[1] "7.2.1"

$Packages$summclust$Imports
$Packages$summclust$Imports[[1]]
[1] "utils"

$Packages$summclust$Imports[[2]]
[1] "dreamerr"

$Packages$summclust$Imports[[3]]
[1] "MASS"

$Packages$summclust$Imports[[4]]
[1] "collapse"

$Packages$summclust$Imports[[5]]
[1] "generics"

$Packages$summclust$Imports[[6]]
[1] "cli"

$Packages$summclust$Imports[[7]]
[1] "rlang"


$Packages$summclust$Suggests
$Packages$summclust$Suggests[[1]]
[1] "ggplot2"

$Packages$summclust$Suggests[[2]]
[1] "latex2exp"

$Packages$summclust$Suggests[[3]]
[1] "fabricatr"

$Packages$summclust$Suggests[[4]]
[1] "fixest"

$Packages$summclust$Suggests[[5]]
[1] "haven"

$Packages$summclust$Suggests[[6]]
[1] "sandwich"

$Packages$summclust$Suggests[[7]]
[1] "lmtest"

$Packages$summclust$Suggests[[8]]
[1] "testthat (>= 3.0.0)"

$Packages$summclust$Suggests[[9]]
[1] "knitr"

$Packages$summclust$Suggests[[10]]
[1] "rmarkdown"

$Packages$summclust$Suggests[[11]]
[1] "covr"


$Packages$summclust$`Config/testthat/edition`
[1] "3"

$Packages$summclust$URL
[1] "https://s3alfisc.github.io/summclust/"

$Packages$summclust$BugReports
[1] "https://github.com/s3alfisc/summclust/issues"

$Packages$summclust$VignetteBuilder
[1] "knitr"

$Packages$summclust$Repository
[1] "https://s3alfisc.r-universe.dev"

$Packages$summclust$NeedsCompilation
[1] "no"

$Packages$summclust$Author
[1] "Alexander Fischer [aut, cre]"

$Packages$summclust$Maintainer
[1] "Alexander Fischer <alexander-fischer1801@t-online.de>"

$Packages$summclust$RemoteType
[1] "repository"

$Packages$summclust$RemoteUrl
[1] "https://github.com/s3alfisc/summclust"

$Packages$summclust$RemoteRef
[1] "HEAD"

$Packages$summclust$RemoteSha
[1] "2d25c68eb046028b680fdc8c9827820f7e791827"


$Packages$survival
$Packages$survival$Package
[1] "survival"

$Packages$survival$Version
[1] "3.8-6"

$Packages$survival$Source
[1] "Repository"

$Packages$survival$Title
[1] "Survival Analysis"

$Packages$survival$Priority
[1] "recommended"

$Packages$survival$Date
[1] "2026-01-09"

$Packages$survival$Depends
$Packages$survival$Depends[[1]]
[1] "R (>= 3.5.0)"


$Packages$survival$Imports
$Packages$survival$Imports[[1]]
[1] "graphics"

$Packages$survival$Imports[[2]]
[1] "Matrix"

$Packages$survival$Imports[[3]]
[1] "methods"

$Packages$survival$Imports[[4]]
[1] "splines"

$Packages$survival$Imports[[5]]
[1] "stats"

$Packages$survival$Imports[[6]]
[1] "utils"


$Packages$survival$LazyData
[1] "Yes"

$Packages$survival$LazyDataCompression
[1] "xz"

$Packages$survival$ByteCompile
[1] "Yes"

$Packages$survival$`Authors@R`
[1] "c(person(c(\"Terry\", \"M\"), \"Therneau\", email=\"therneau.terry@mayo.edu\", role=c(\"aut\", \"cre\")), person(\"Thomas\", \"Lumley\", role=c(\"ctb\", \"trl\"), comment=\"original S->R port and R maintainer until 2009\"), person(\"Atkinson\", \"Elizabeth\", role=\"ctb\"), person(\"Crowson\", \"Cynthia\", role=\"ctb\"))"

$Packages$survival$Description
[1] "Contains the core survival analysis routines, including definition of Surv objects,  Kaplan-Meier and Aalen-Johansen (multi-state) curves, Cox models, and parametric accelerated failure time models."

$Packages$survival$License
[1] "LGPL (>= 2)"

$Packages$survival$URL
[1] "https://github.com/therneau/survival"

$Packages$survival$NeedsCompilation
[1] "yes"

$Packages$survival$Author
[1] "Terry M Therneau [aut, cre], Thomas Lumley [ctb, trl] (original S->R port and R maintainer until 2009), Atkinson Elizabeth [ctb], Crowson Cynthia [ctb]"

$Packages$survival$Maintainer
[1] "Terry M Therneau <therneau.terry@mayo.edu>"

$Packages$survival$Repository
[1] "CRAN"


$Packages$tibble
$Packages$tibble$Package
[1] "tibble"

$Packages$tibble$Version
[1] "3.3.1"

$Packages$tibble$Source
[1] "Repository"

$Packages$tibble$Title
[1] "Simple Data Frames"

$Packages$tibble$`Authors@R`
[1] "c( person(\"Kirill\", \"Müller\", , \"kirill@cynkra.com\", role = c(\"aut\", \"cre\"), comment = c(ORCID = \"0000-0002-1416-3412\")), person(\"Hadley\", \"Wickham\", , \"hadley@rstudio.com\", role = \"aut\"), person(\"Romain\", \"Francois\", , \"romain@r-enthusiasts.com\", role = \"ctb\"), person(\"Jennifer\", \"Bryan\", , \"jenny@rstudio.com\", role = \"ctb\"), person(\"Posit Software, PBC\", role = c(\"cph\", \"fnd\"), comment = c(ROR = \"03wc8by49\")) )"

$Packages$tibble$Description
[1] "Provides a 'tbl_df' class (the 'tibble') with stricter checking and better formatting than the traditional data frame."

$Packages$tibble$License
[1] "MIT + file LICENSE"

$Packages$tibble$URL
[1] "https://tibble.tidyverse.org/, https://github.com/tidyverse/tibble"

$Packages$tibble$BugReports
[1] "https://github.com/tidyverse/tibble/issues"

$Packages$tibble$Depends
$Packages$tibble$Depends[[1]]
[1] "R (>= 3.4.0)"


$Packages$tibble$Imports
$Packages$tibble$Imports[[1]]
[1] "cli"

$Packages$tibble$Imports[[2]]
[1] "lifecycle (>= 1.0.0)"

$Packages$tibble$Imports[[3]]
[1] "magrittr"

$Packages$tibble$Imports[[4]]
[1] "methods"

$Packages$tibble$Imports[[5]]
[1] "pillar (>= 1.8.1)"

$Packages$tibble$Imports[[6]]
[1] "pkgconfig"

$Packages$tibble$Imports[[7]]
[1] "rlang (>= 1.0.2)"

$Packages$tibble$Imports[[8]]
[1] "utils"

$Packages$tibble$Imports[[9]]
[1] "vctrs (>= 0.5.0)"


$Packages$tibble$Suggests
$Packages$tibble$Suggests[[1]]
[1] "bench"

$Packages$tibble$Suggests[[2]]
[1] "bit64"

$Packages$tibble$Suggests[[3]]
[1] "blob"

$Packages$tibble$Suggests[[4]]
[1] "brio"

$Packages$tibble$Suggests[[5]]
[1] "callr"

$Packages$tibble$Suggests[[6]]
[1] "DiagrammeR"

$Packages$tibble$Suggests[[7]]
[1] "dplyr"

$Packages$tibble$Suggests[[8]]
[1] "evaluate"

$Packages$tibble$Suggests[[9]]
[1] "formattable"

$Packages$tibble$Suggests[[10]]
[1] "ggplot2"

$Packages$tibble$Suggests[[11]]
[1] "here"

$Packages$tibble$Suggests[[12]]
[1] "hms"

$Packages$tibble$Suggests[[13]]
[1] "htmltools"

$Packages$tibble$Suggests[[14]]
[1] "knitr"

$Packages$tibble$Suggests[[15]]
[1] "lubridate"

$Packages$tibble$Suggests[[16]]
[1] "nycflights13"

$Packages$tibble$Suggests[[17]]
[1] "pkgload"

$Packages$tibble$Suggests[[18]]
[1] "purrr"

$Packages$tibble$Suggests[[19]]
[1] "rmarkdown"

$Packages$tibble$Suggests[[20]]
[1] "stringi"

$Packages$tibble$Suggests[[21]]
[1] "testthat (>= 3.0.2)"

$Packages$tibble$Suggests[[22]]
[1] "tidyr"

$Packages$tibble$Suggests[[23]]
[1] "withr"


$Packages$tibble$VignetteBuilder
[1] "knitr"

$Packages$tibble$`Config/autostyle/rmd`
[1] "false"

$Packages$tibble$`Config/autostyle/scope`
[1] "line_breaks"

$Packages$tibble$`Config/autostyle/strict`
[1] "true"

$Packages$tibble$`Config/Needs/website`
[1] "tidyverse/tidytemplate"

$Packages$tibble$`Config/testthat/edition`
[1] "3"

$Packages$tibble$`Config/testthat/parallel`
[1] "true"

$Packages$tibble$`Config/testthat/start-first`
[1] "vignette-formats, as_tibble, add, invariants"

$Packages$tibble$`Config/usethis/last-upkeep`
[1] "2025-06-07"

$Packages$tibble$Encoding
[1] "UTF-8"

$Packages$tibble$RoxygenNote
[1] "7.3.3.9000"

$Packages$tibble$NeedsCompilation
[1] "yes"

$Packages$tibble$Author
[1] "Kirill Müller [aut, cre] (ORCID: <https://orcid.org/0000-0002-1416-3412>), Hadley Wickham [aut], Romain Francois [ctb], Jennifer Bryan [ctb], Posit Software, PBC [cph, fnd] (ROR: <https://ror.org/03wc8by49>)"

$Packages$tibble$Maintainer
[1] "Kirill Müller <kirill@cynkra.com>"

$Packages$tibble$Repository
[1] "CRAN"


$Packages$utf8
$Packages$utf8$Package
[1] "utf8"

$Packages$utf8$Version
[1] "1.2.6"

$Packages$utf8$Source
[1] "Repository"

$Packages$utf8$Title
[1] "Unicode Text Processing"

$Packages$utf8$`Authors@R`
[1] "c(person(given = c(\"Patrick\", \"O.\"), family = \"Perry\", role = c(\"aut\", \"cph\")), person(given = \"Kirill\", family = \"M\\u00fcller\", role = \"cre\", email = \"kirill@cynkra.com\", comment = c(ORCID = \"0000-0002-1416-3412\")), person(given = \"Unicode, Inc.\", role = c(\"cph\", \"dtc\"), comment = \"Unicode Character Database\"))"

$Packages$utf8$Description
[1] "Process and print 'UTF-8' encoded international text (Unicode). Input, validate, normalize, encode, format, and display."

$Packages$utf8$License
[1] "Apache License (== 2.0) | file LICENSE"

$Packages$utf8$URL
[1] "https://krlmlr.github.io/utf8/, https://github.com/krlmlr/utf8"

$Packages$utf8$BugReports
[1] "https://github.com/krlmlr/utf8/issues"

$Packages$utf8$Depends
$Packages$utf8$Depends[[1]]
[1] "R (>= 2.10)"


$Packages$utf8$Suggests
$Packages$utf8$Suggests[[1]]
[1] "cli"

$Packages$utf8$Suggests[[2]]
[1] "covr"

$Packages$utf8$Suggests[[3]]
[1] "knitr"

$Packages$utf8$Suggests[[4]]
[1] "rlang"

$Packages$utf8$Suggests[[5]]
[1] "rmarkdown"

$Packages$utf8$Suggests[[6]]
[1] "testthat (>= 3.0.0)"

$Packages$utf8$Suggests[[7]]
[1] "withr"


$Packages$utf8$VignetteBuilder
[1] "knitr, rmarkdown"

$Packages$utf8$`Config/testthat/edition`
[1] "3"

$Packages$utf8$Encoding
[1] "UTF-8"

$Packages$utf8$RoxygenNote
[1] "7.3.2.9000"

$Packages$utf8$NeedsCompilation
[1] "yes"

$Packages$utf8$Author
[1] "Patrick O. Perry [aut, cph], Kirill Müller [cre] (ORCID: <https://orcid.org/0000-0002-1416-3412>), Unicode, Inc. [cph, dtc] (Unicode Character Database)"

$Packages$utf8$Maintainer
[1] "Kirill Müller <kirill@cynkra.com>"

$Packages$utf8$Repository
[1] "CRAN"


$Packages$vctrs
$Packages$vctrs$Package
[1] "vctrs"

$Packages$vctrs$Version
[1] "0.7.3"

$Packages$vctrs$Source
[1] "Repository"

$Packages$vctrs$Title
[1] "Vector Helpers"

$Packages$vctrs$`Authors@R`
[1] "c( person(\"Hadley\", \"Wickham\", , \"hadley@posit.co\", role = \"aut\"), person(\"Lionel\", \"Henry\", , \"lionel@posit.co\", role = \"aut\"), person(\"Davis\", \"Vaughan\", , \"davis@posit.co\", role = c(\"aut\", \"cre\")), person(\"data.table team\", role = \"cph\", comment = \"Radix sort based on data.table's forder() and their contribution to R's order()\"), person(\"Posit Software, PBC\", role = c(\"cph\", \"fnd\")) )"

$Packages$vctrs$Description
[1] "Defines new notions of prototype and size that are used to provide tools for consistent and well-founded type-coercion and size-recycling, and are in turn connected to ideas of type- and size-stability useful for analysing function interfaces."

$Packages$vctrs$License
[1] "MIT + file LICENSE"

$Packages$vctrs$URL
[1] "https://vctrs.r-lib.org/, https://github.com/r-lib/vctrs"

$Packages$vctrs$BugReports
[1] "https://github.com/r-lib/vctrs/issues"

$Packages$vctrs$Depends
$Packages$vctrs$Depends[[1]]
[1] "R (>= 4.0.0)"


$Packages$vctrs$Imports
$Packages$vctrs$Imports[[1]]
[1] "cli (>= 3.4.0)"

$Packages$vctrs$Imports[[2]]
[1] "glue"

$Packages$vctrs$Imports[[3]]
[1] "lifecycle (>= 1.0.3)"

$Packages$vctrs$Imports[[4]]
[1] "rlang (>= 1.1.7)"


$Packages$vctrs$Suggests
$Packages$vctrs$Suggests[[1]]
[1] "bit64"

$Packages$vctrs$Suggests[[2]]
[1] "covr"

$Packages$vctrs$Suggests[[3]]
[1] "crayon"

$Packages$vctrs$Suggests[[4]]
[1] "dplyr (>= 0.8.5)"

$Packages$vctrs$Suggests[[5]]
[1] "generics"

$Packages$vctrs$Suggests[[6]]
[1] "knitr"

$Packages$vctrs$Suggests[[7]]
[1] "pillar (>= 1.4.4)"

$Packages$vctrs$Suggests[[8]]
[1] "pkgdown (>= 2.0.1)"

$Packages$vctrs$Suggests[[9]]
[1] "rmarkdown"

$Packages$vctrs$Suggests[[10]]
[1] "testthat (>= 3.0.0)"

$Packages$vctrs$Suggests[[11]]
[1] "tibble (>= 3.1.3)"

$Packages$vctrs$Suggests[[12]]
[1] "waldo (>= 0.2.0)"

$Packages$vctrs$Suggests[[13]]
[1] "withr"

$Packages$vctrs$Suggests[[14]]
[1] "xml2"

$Packages$vctrs$Suggests[[15]]
[1] "zeallot"


$Packages$vctrs$VignetteBuilder
[1] "knitr"

$Packages$vctrs$`Config/build/compilation-database`
[1] "true"

$Packages$vctrs$`Config/Needs/website`
[1] "tidyverse/tidytemplate"

$Packages$vctrs$`Config/testthat/edition`
[1] "3"

$Packages$vctrs$`Config/testthat/parallel`
[1] "true"

$Packages$vctrs$Encoding
[1] "UTF-8"

$Packages$vctrs$KeepSource
[1] "true"

$Packages$vctrs$Language
[1] "en-GB"

$Packages$vctrs$RoxygenNote
[1] "7.3.3"

$Packages$vctrs$NeedsCompilation
[1] "yes"

$Packages$vctrs$Author
[1] "Hadley Wickham [aut], Lionel Henry [aut], Davis Vaughan [aut, cre], data.table team [cph] (Radix sort based on data.table's forder() and their contribution to R's order()), Posit Software, PBC [cph, fnd]"

$Packages$vctrs$Maintainer
[1] "Davis Vaughan <davis@posit.co>"

$Packages$vctrs$Repository
[1] "CRAN"


$Packages$zoo
$Packages$zoo$Package
[1] "zoo"

$Packages$zoo$Version
[1] "1.9-1"

$Packages$zoo$Source
[1] "Repository"

$Packages$zoo$Date
[1] "2026-09-18"

$Packages$zoo$Title
[1] "S3 Infrastructure for Regular and Irregular Time Series (Z's Ordered Observations)"

$Packages$zoo$`Authors@R`
[1] "c(person(given = \"Achim\", family = \"Zeileis\", role = c(\"aut\", \"cre\"), email = \"Achim.Zeileis@R-project.org\", comment = c(ORCID = \"0000-0003-0918-3766\")), person(given = \"Gabor\", family = \"Grothendieck\", role = \"aut\", email = \"ggrothendieck@gmail.com\"), person(given = c(\"Jeffrey\", \"A.\"), family = \"Ryan\", role = \"aut\", email = \"jeff.a.ryan@gmail.com\"), person(given = c(\"Joshua\", \"M.\"), family = \"Ulrich\", role = \"ctb\", email = \"josh.m.ulrich@gmail.com\"), person(given = \"Felix\", family = \"Andrews\", role = \"ctb\", email = \"felix@nfrac.org\"))"

$Packages$zoo$Description
[1] "An S3 class with methods for working with regular and irregular time series. The class stores data as numeric vectors/matrices (or factors) along with a time index of arbitrary class (including numeric, Date, POSIXct, chron, yearmon, yearqtr, etc.). Functions and methods are consistent with the ts class and base R and also extend standard generics. Tools include: Data import/export, coercion, visualization (with base R, 'ggplot2', 'lattice', 'tinyplot'), alignment and merging, aggregation, lags and subsets, rolling analytics, and time-based interpolation/filling. The design is introduced in Zeileis and Grothendieck (2005) <doi:10.18637/jss.v014.i06>."

$Packages$zoo$Depends
$Packages$zoo$Depends[[1]]
[1] "R (>= 3.1.0)"

$Packages$zoo$Depends[[2]]
[1] "stats"


$Packages$zoo$Suggests
$Packages$zoo$Suggests[[1]]
[1] "AER"

$Packages$zoo$Suggests[[2]]
[1] "coda"

$Packages$zoo$Suggests[[3]]
[1] "chron"

$Packages$zoo$Suggests[[4]]
[1] "ggplot2 (>= 3.5.0)"

$Packages$zoo$Suggests[[5]]
[1] "knitr"

$Packages$zoo$Suggests[[6]]
[1] "mondate"

$Packages$zoo$Suggests[[7]]
[1] "scales"

$Packages$zoo$Suggests[[8]]
[1] "stinepack"

$Packages$zoo$Suggests[[9]]
[1] "strucchange"

$Packages$zoo$Suggests[[10]]
[1] "timeDate"

$Packages$zoo$Suggests[[11]]
[1] "timeSeries (>= 4021.104)"

$Packages$zoo$Suggests[[12]]
[1] "tinyplot"

$Packages$zoo$Suggests[[13]]
[1] "tis"

$Packages$zoo$Suggests[[14]]
[1] "tseries"

$Packages$zoo$Suggests[[15]]
[1] "xts"


$Packages$zoo$Imports
$Packages$zoo$Imports[[1]]
[1] "utils"

$Packages$zoo$Imports[[2]]
[1] "graphics"

$Packages$zoo$Imports[[3]]
[1] "grDevices"

$Packages$zoo$Imports[[4]]
[1] "lattice (>= 0.20-27)"


$Packages$zoo$License
[1] "GPL-2 | GPL-3"

$Packages$zoo$VignetteBuilder
[1] "knitr"

$Packages$zoo$URL
[1] "https://zeileis.codeberg.page/zoo/"

$Packages$zoo$BugReports
[1] "https://codeberg.org/zeileis/zoo/issues"

$Packages$zoo$NeedsCompilation
[1] "yes"

$Packages$zoo$Author
[1] "Achim Zeileis [aut, cre] (ORCID: <https://orcid.org/0000-0003-0918-3766>), Gabor Grothendieck [aut], Jeffrey A. Ryan [aut], Joshua M. Ulrich [ctb], Felix Andrews [ctb]"

$Packages$zoo$Maintainer
[1] "Achim Zeileis <Achim.Zeileis@R-project.org>"

$Packages$zoo$Repository
[1] "CRAN"



attr(,"class")
[1] "renv_lockfile"

$synchronized
[1] FALSE

Derived data and output tables removed.

### Running R01_import_verify at 22:03:06 

> # =============================================================
> # R01_import_verify.R — Import and verify the locked dataset
> # =============================================================
> options(width = 200)

> sink("logs/R01_import_verify.log", split = TRUE)

> cat("Run started:", format(Sys.time(), "%Y-%m-%d %H:%M:%S"), "\n")
Run started: 2026-10-05 22:03:06 

> library(readxl); library(digest)

> f <- "data/raw/Tanzania_DSE_AnalyticalDataset_v1.3.1_LOCKED.xlsx"

> stopifnot(file.exists(f))

> cat("File:", f, "\n")
File: data/raw/Tanzania_DSE_AnalyticalDataset_v1.3.1_LOCKED.xlsx 

> cat("Size (bytes):", file.info(f)$size, "\n")
Size (bytes): 134968 

> cat("File SHA-256:", digest(file = f, algo = "sha256"), "\n")
File SHA-256: 1fffff6c33475ce40dc3a8528ef4846fe4e6ae53352666d93a3f5537ed9eb289 

> cat("Panel-content checksum recorded in the workbook (VERSION_LOG, compute_panel_checksum.py):\n",
+     "  92fc00fdf74a8333a6e823429f44e57af2c6943eb726d543d590df6e50681043\n")
Panel-content checksum recorded in the workbook (VERSION_LOG, compute_panel_checksum.py):
   92fc00fdf74a8333a6e823429f44e57af2c6943eb726d543d590df6e50681043

> cat("\nSheets:\n"); print(excel_sheets(f))

Sheets:
[1] "README"              "ANALYTICAL_PANEL"    "VARIABLE_DICTIONARY" "CODING_KEY"          "REPRODUCIBILITY"     "PROVENANCE"          "DECISION_LOG"        "VERSION_LOG"        

> panel <- as.data.frame(read_excel(f, sheet = "ANALYTICAL_PANEL"))
-/                                                                                                                                                                                                      /                                                                                                                                                                                                      -                                                                                                                                                                                                      
> cat("\nDimensions:", dim(panel), "\n"); str(panel); print(summary(panel))

Dimensions: 50 22 
'data.frame':	50 obs. of  22 variables:
 $ bank_id       : chr  "B01" "B01" "B01" "B01" ...
 $ bank_name     : chr  "CRDB Bank" "CRDB Bank" "CRDB Bank" "CRDB Bank" ...
 $ year          : num  2016 2017 2018 2019 2020 ...
 $ mtb           : num  0.909 0.748 0.506 0.359 0.504 ...
 $ market_cap    : num  6.53e+11 5.48e+11 3.92e+11 3.13e+11 5.09e+11 ...
 $ book_equity   : num  7.18e+11 7.33e+11 7.74e+11 8.73e+11 1.01e+12 ...
 $ car           : num  0.176 0.168 0.161 0.174 0.179 0.2 0.183 0.175 0.178 0.188 ...
 $ car_basis     : chr  "Total" "Total" "Total" "Total" ...
 $ npl           : num  0.139 0.126 0.085 0.055 0.044 0.033 0.028 0.028 0.03 0.029 ...
 $ ldr           : num  0.827 0.722 0.711 0.688 0.755 ...
 $ ldr_label_used: chr  "Loan-to-Deposit Ratio" "Loan-to-Deposit Ratio" "Loan-to-Deposit Ratio" "Loan-to-Deposit Ratio" ...
 $ roa           : num  0.01368 0.00614 0.01063 0.01821 0.02173 ...
 $ roe           : num  0.1032 0.0494 0.0829 0.1376 0.1634 ...
 $ eps           : num  28 13.9 24.6 46 63.2 ...
 $ net_profit    : num  7.41e+10 3.62e+10 6.41e+10 1.20e+11 1.65e+11 ...
 $ total_assets  : num  5.42e+12 5.90e+12 6.04e+12 6.60e+12 7.60e+12 ...
 $ ln_ta         : num  29.3 29.4 29.4 29.5 29.7 ...
 $ fdi           : num  1 1 1 1 1 1 1 1 1 1 ...
 $ rdi           : num  1 1 1 1 1 1 1 1 1 1 ...
 $ otdi          : num  1 1 1 1 1 1 1 1 1 1 ...
 $ ipdi          : num  1 1 1 1 1 1 1 1 1 1 ...
 $ full_report   : num  1 1 1 1 1 1 1 1 1 1 ...
      bank_id       bank_name       year           mtb           market_cap         book_equity             car             car_basis       npl               ldr           ldr_label_used
 Length   :50   Length   :50   Min.   :2016   Min.   :0.3173   Min.   :1.269e+10   Min.   :1.563e+10   Min.   :0.0576   Length   :50   Min.   :0.00000   Min.   :0.4223   Length   :50    
 N.unique : 5   N.unique : 5   1st Qu.:2018   1st Qu.:0.7023   1st Qu.:1.951e+10   1st Qu.:2.343e+10   1st Qu.:0.1643   N.unique : 1   1st Qu.:0.02800   1st Qu.:0.7290   N.unique : 2    
 N.blank  : 0   N.blank  : 0   Median :2020   Median :0.9861   Median :3.091e+10   Median :3.107e+10   Median :0.1850   N.blank  : 0   Median :0.04960   Median :0.8101   N.blank  : 0    
 Min.nchar: 3   Min.nchar: 8   Mean   :2020   Mean   :1.0133   Mean   :6.312e+11   Mean   :5.905e+11   Mean   :0.3100   Min.nchar: 5   Mean   :0.06167   Mean   :0.8658   Min.nchar:21    
 Max.nchar: 3   Max.nchar:24   3rd Qu.:2023   3rd Qu.:1.3056   3rd Qu.:1.100e+12   3rd Qu.:9.424e+11   3rd Qu.:0.2325   Max.nchar: 5   3rd Qu.:0.08500   3rd Qu.:0.9500   Max.nchar:23    
                               Max.   :2025   Max.   :1.8771   Max.   :4.210e+12   Max.   :3.107e+12   Max.   :3.2100   NAs      : 4   Max.   :0.20000   Max.   :2.2500   NAs      : 1    
                                              NAs    :3        NAs    :3                               NAs    :4                       NAs    :1         NAs    :1                        
      roa                 roe                eps             net_profit          total_assets           ln_ta            fdi         rdi          otdi         ipdi     full_report    
 Min.   :-0.179294   Min.   :-0.39364   Min.   :-319.000   Min.   :-6.583e+09   Min.   :2.985e+10   Min.   :24.12   Min.   :1   Min.   :1    Min.   :1    Min.   :1    Min.   :0.0000  
 1st Qu.:-0.001791   1st Qu.:-0.01400   1st Qu.:  -2.438   1st Qu.:-2.457e+08   1st Qu.:1.443e+11   1st Qu.:25.69   1st Qu.:1   1st Qu.:1    1st Qu.:1    1st Qu.:1    1st Qu.:1.0000  
 Median : 0.010101   Median : 0.06564   Median :  42.500   Median : 2.944e+09   Median :2.434e+11   Median :26.22   Median :1   Median :1    Median :1    Median :1    Median :1.0000  
 Mean   : 0.001140   Mean   : 0.06715   Mean   : 179.474   Mean   : 1.234e+11   Mean   :4.021e+12   Mean   :27.27   Mean   :1   Mean   :1    Mean   :1    Mean   :1    Mean   :0.7755  
 3rd Qu.: 0.030106   3rd Qu.: 0.21872   3rd Qu.: 232.000   3rd Qu.: 1.533e+11   3rd Qu.:6.552e+12   3rd Qu.:29.51   3rd Qu.:1   3rd Qu.:1    3rd Qu.:1    3rd Qu.:1    3rd Qu.:1.0000  
 Max.   : 0.047096   Max.   : 0.26521   Max.   :1512.770   Max.   : 7.601e+11   Max.   :2.231e+13   Max.   :30.74   Max.   :1   Max.   :1    Max.   :1    Max.   :1    Max.   :1.0000  
                                                                                                                    NAs    :1   NAs    :12   NAs    :12   NAs    :12   NAs    :1       

> # Structural checks against the dataset's documented design (5 banks x 2016-2025)
> stopifnot(nrow(panel) == 50, ncol(panel) == 22,
+           all(table(panel$bank_id) == 10), all(sort(unique(panel$year)) == 2016:2025))

> cat("\nStructure verified: 5 banks x 10 years, 22 variables.\n")

Structure verified: 5 banks x 10 years, 22 variables.

> panel <- panel[order(panel$bank_id, panel$year), ]

> write.csv(panel, "data/derived/panel_imported.csv", row.names = FALSE, na = "")

> saveRDS(panel, "data/derived/panel_imported.rds")

> cat("Imported panel CSV SHA-256:", digest(file = "data/derived/panel_imported.csv", algo = "sha256"), "\n")
Imported panel CSV SHA-256: 0e7db0e18ce5c906f7af7eef5e71bccc3b310bae5fc3382170df961bbf35775a 

> cat("Run finished:", format(Sys.time(), "%Y-%m-%d %H:%M:%S"), "\n")
Run finished: 2026-10-05 22:03:06 

> sink()

### Running R02_construct at 22:03:06 

> # =============================================================
> # R02_construct.R — Analysis variables (final specification)
> # =============================================================
> options(width = 200)

> sink("logs/R02_construct.log", split = TRUE)

> cat("Run started:", format(Sys.time(), "%Y-%m-%d %H:%M:%S"), "\n")
Run started: 2026-10-05 22:03:06 

> library(digest)

> stopifnot(digest(file = "data/derived/panel_imported.csv", algo = "sha256") ==
+             "0e7db0e18ce5c906f7af7eef5e71bccc3b310bae5fc3382170df961bbf35775a")

> p <- readRDS("data/derived/panel_imported.rds")

> p <- p[order(p$bank_id, p$year), ]

> reldif <- function(a, b) abs(a - b) / (abs(b) + 1)

> chk <- function(ok, msg) { if (!all(ok)) stop("FAILED: ", msg); cat("PASS:", msg, "\n") }

> # 1. Integrity of derived columns
> chk(is.na(p$mtb)   | reldif(p$mtb,   p$market_cap / p$book_equity)  < 1e-6, "mtb = market_cap / book_equity")
PASS: mtb = market_cap / book_equity 

> chk(is.na(p$roa)   | reldif(p$roa,   p$net_profit / p$total_assets) < 1e-6, "roa = net_profit / total_assets")
PASS: roa = net_profit / total_assets 

> chk(is.na(p$roe)   | reldif(p$roe,   p$net_profit / p$book_equity)  < 1e-6, "roe = net_profit / book_equity")
PASS: roe = net_profit / book_equity 

> chk(is.na(p$ln_ta) | reldif(p$ln_ta, log(p$total_assets))           < 1e-6, "ln_ta = ln(total_assets)")
PASS: ln_ta = ln(total_assets) 

> chk(is.na(p$full_report) | p$full_report %in% c(0, 1), "full_report in {0,1}")
PASS: full_report in {0,1} 

> # 2. Units (percent) and dependent variable
> for (v in c("car", "npl", "ldr", "roa", "roe")) p[[paste0(v, "_p")]] <- 100 * p[[v]]

> p$ln_mtb <- log(p$mtb)

> # 3. One-year lags (prior year of the same bank)
> lagmap <- c(car = "car_p", npl = "npl_p", ldr = "ldr_p", roa = "roa_p", roe = "roe_p",
+             eps = "eps", full = "full_report", size = "ln_ta", mcap = "market_cap")

> prev <- p[, c("bank_id", "year", unname(lagmap))]

> prev$year <- prev$year + 1

> names(prev)[-(1:2)] <- paste0("L", names(lagmap))

> p <- merge(p, prev, by = c("bank_id", "year"), all.x = TRUE, sort = FALSE)

> p <- p[order(p$bank_id, p$year), ]; rownames(p) <- NULL

> # 4. Core estimation sample
> p$core <- complete.cases(p[, c("ln_mtb", "Lcar", "Lnpl", "Lroa", "Lroe", "Leps", "Lfull")])

> cat("\nCore sample N =", sum(p$core), "\n"); print(table(bank = p$bank_id, core = p$core))

Core sample N = 40 
     core
bank  FALSE TRUE
  B01     1    9
  B02     1    9
  B03     4    6
  B05     3    7
  B06     1    9

> cat("FULLREP = 0 observations in core:", sum(p$Lfull[p$core] == 0), "\n")
FULLREP = 0 observations in core: 6 

> # 5. Common within-bank SD standardization (core sample)
> sdw <- c()

> for (v in c("car", "npl", "ldr", "roa", "roe", "eps", "full")) {
+   x <- p[[paste0("L", v)]]; x[!p$core] <- NA
+   d <- x - ave(x, p$bank_id, FUN = function(z) mean(z, na.rm = TRUE))
+   sdw[v] <- sd(d, na.rm = TRUE)
+   p[[paste0("d_", v)]] <- d; p[[paste0("cw_", v)]] <- d / sdw[v]
+ }

> cat("\nCommon within-bank SDs:\n"); print(round(sdw, 4))

Common within-bank SDs:
     car      npl      ldr      roa      roe      eps     full 
 43.0605   3.4433  23.6506   3.5069  11.7542 209.0687   0.3327 

> p$cw_negnpl <- -p$cw_npl

> # 6. Composites on the same scale
> p$bsi2 <- (p$cw_car + p$cw_negnpl) / 2

> p$fpi2 <- (p$cw_roa + p$cw_roe + p$cw_eps) / 3

> p$cwbsi <- p$bsi2 / sd(p$bsi2, na.rm = TRUE)

> p$cwfpi <- p$fpi2 / sd(p$fpi2, na.rm = TRUE)

> p$cwfull <- p$cw_full

> for (v in c("cw_car", "cw_negnpl", "cw_roa", "cw_roe", "cw_eps", "cwbsi", "cwfpi", "cwfull")) {
+   bm <- tapply(p[[v]][p$core], p$bank_id[p$core], mean)
+   chk(all(abs(bm) < 1e-10) && abs(sd(p[[v]], na.rm = TRUE) - 1) < 1e-10, paste(v, ": bank means 0, SD 1"))
+ }
PASS: cw_car : bank means 0, SD 1 
PASS: cw_negnpl : bank means 0, SD 1 
PASS: cw_roa : bank means 0, SD 1 
PASS: cw_roe : bank means 0, SD 1 
PASS: cw_eps : bank means 0, SD 1 
PASS: cwbsi : bank means 0, SD 1 
PASS: cwfpi : bank means 0, SD 1 
PASS: cwfull : bank means 0, SD 1 

> # 7. Robustness variables
> for (v in c("car", "npl", "roa", "roe", "eps")) {          # winsorized at 5th/95th percentiles (core)
+   x <- p[[paste0("L", v)]]; q <- quantile(x[p$core], c(.05, .95), type = 2)
+   w <- pmin(pmax(x, q[1]), q[2]); w[!p$core] <- NA; p[[paste0("W", v)]] <- w
+   cat(sprintf("W%-4s winsorized observations: %d\n", v, sum(p$core & w != x)))
+ }
Wcar  winsorized observations: 4
Wnpl  winsorized observations: 4
Wroa  winsorized observations: 4
Wroe  winsorized observations: 4
Weps  winsorized observations: 4

> p$stale   <- !is.na(p$market_cap) & !is.na(p$Lmcap) & reldif(p$market_cap, p$Lmcap) < 1e-9

> p$core_ns <- p$core & !p$stale

> cat("\nStale-price core observations (market cap unchanged from prior year):\n")

Stale-price core observations (market cap unchanged from prior year):

> print(p[p$stale & p$core, c("bank_id", "year", "market_cap", "mtb")])
   bank_id year market_cap       mtb
12     B02 2017  1.375e+12 1.7260815
14     B02 2019  1.170e+12 1.2117810
15     B02 2020  1.170e+12 1.0379398
34     B05 2019  1.649e+10 0.9860643
42     B06 2017  3.091e+10 1.1401623
43     B06 2018  3.091e+10 1.4515855
44     B06 2019  3.091e+10 1.8770912
45     B06 2020  3.091e+10 1.7759462
49     B06 2024  1.917e+10 1.1513510

> # 8. Save
> write.csv(p, "data/derived/panel_analysis.csv", row.names = FALSE, na = "")

> saveRDS(p, "data/derived/panel_analysis.rds")

> cat("Analysis CSV SHA-256:", digest(file = "data/derived/panel_analysis.csv", algo = "sha256"), "\n")
Analysis CSV SHA-256: de5b2268e868832710b01c711ae081dc3248d933feab3fef31f9c224f40ec1f6 

> cat("Run finished:", format(Sys.time(), "%Y-%m-%d %H:%M:%S"), "\n")
Run finished: 2026-10-05 22:03:07 

> sink()

### Running R03_descriptives_diagnostics at 22:03:07 

> # =============================================================
> # R03_descriptives_diagnostics.R — Descriptives and diagnostics
> # =============================================================
> options(width = 200)

> sink("logs/R03_descriptives_diagnostics.log", split = TRUE)

> cat("Run started:", format(Sys.time(), "%Y-%m-%d %H:%M:%S"), "\n")
Run started: 2026-10-05 22:03:07 

> library(digest); library(fixest); library(plm)

> stopifnot(digest(file = "data/derived/panel_analysis.csv", algo = "sha256") ==
+             "de5b2268e868832710b01c711ae081dc3248d933feab3fef31f9c224f40ec1f6")

> p <- readRDS("data/derived/panel_analysis.rds")

> d <- p[p$core, ]; d <- d[order(d$bank_id, d$year), ]

> # A. Descriptives
> vars <- c("mtb", "ln_mtb", "Lcar", "Lnpl", "Lldr", "Lroa", "Lroe", "Leps", "Lfull", "Lsize")

> desc <- t(sapply(vars, function(v) { x <- d[[v]]
+ c(N = sum(!is.na(x)), Mean = mean(x), SD = sd(x), Min = min(x), Median = median(x), Max = max(x)) }))

> cat("\nDescriptive statistics, core sample\n"); print(round(desc, 3))

Descriptive statistics, core sample
        N    Mean      SD      Min Median      Max
mtb    40   1.017   0.418    0.317  1.011    1.877
ln_mtb 40  -0.075   0.450   -1.148  0.011    0.630
Lcar   40  32.416  51.373    5.760 18.400  321.000
Lnpl   40   5.899   4.782    0.000  4.880   20.000
Lldr   40  87.385  28.565   42.230 79.710  225.000
Lroa   40  -0.198   5.148  -17.929  1.215    4.710
Lroe   40   6.152  17.288  -39.364  9.303   26.039
Leps   40 162.434 316.035 -319.000 42.500 1286.540
Lfull  40   0.850   0.362    0.000  1.000    1.000
Lsize  40  27.378   2.240   24.119 26.274   30.446

> write.csv(round(desc, 6), "output/tables/T1_descriptives.csv")

> xts <- t(sapply(vars[-1], function(v) { x <- d[[v]]; bm <- tapply(x, d$bank_id, mean)
+ c(Overall_SD = sd(x), Between_SD = sd(bm), Within_SD = sd(x - bm[d$bank_id] + mean(x))) }))

> cat("\nBetween / within variation\n"); print(round(xts, 4))

Between / within variation
       Overall_SD Between_SD Within_SD
ln_mtb     0.4500     0.3362    0.3208
Lcar      51.3730    29.8160   43.0605
Lnpl       4.7823     3.7392    3.4433
Lldr      28.5653    17.1097   23.6506
Lroa       5.1481     3.9390    3.5069
Lroe      17.2878    13.5626   11.7542
Leps     316.0348   251.6490  209.0687
Lfull      0.3616     0.1586    0.3327
Lsize      2.2397     2.3511    0.3435

> write.csv(round(xts, 6), "output/tables/T1b_between_within.csv")

> cv <- vars[-1]

> cat("\nCorrelations (pooled)\n"); print(round(cor(d[, cv]), 3))

Correlations (pooled)
       ln_mtb   Lcar   Lnpl   Lldr   Lroa   Lroe   Leps  Lfull  Lsize
ln_mtb  1.000  0.257 -0.456  0.472 -0.431 -0.336  0.045  0.076 -0.268
Lcar    0.257  1.000 -0.378  0.001 -0.371 -0.254 -0.136  0.117 -0.377
Lnpl   -0.456 -0.378  1.000 -0.278  0.153 -0.182 -0.255 -0.244  0.018
Lldr    0.472  0.001 -0.278  1.000 -0.751 -0.499 -0.161 -0.050 -0.366
Lroa   -0.431 -0.371  0.153 -0.751  1.000  0.830  0.512  0.007  0.676
Lroe   -0.336 -0.254 -0.182 -0.499  0.830  1.000  0.673  0.142  0.732
Leps    0.045 -0.136 -0.255 -0.161  0.512  0.673  1.000  0.157  0.561
Lfull   0.076  0.117 -0.244 -0.050  0.007  0.142  0.157  1.000  0.333
Lsize  -0.268 -0.377  0.018 -0.366  0.676  0.732  0.561  0.333  1.000

> dm <- sapply(cv, function(v) d[[v]] - ave(d[[v]], d$bank_id))

> cat("\nCorrelations (within-bank)\n"); print(round(cor(dm), 3))

Correlations (within-bank)
       ln_mtb   Lcar   Lnpl   Lldr   Lroa   Lroe   Leps  Lfull  Lsize
ln_mtb  1.000 -0.097 -0.100  0.274 -0.198 -0.182 -0.050  0.135  0.111
Lcar   -0.097  1.000 -0.109 -0.414 -0.008  0.064  0.040  0.208 -0.313
Lnpl   -0.100 -0.109  1.000  0.011 -0.254 -0.619 -0.435 -0.219 -0.406
Lldr    0.274 -0.414  0.011  1.000 -0.648 -0.288  0.067  0.017 -0.093
Lroa   -0.198 -0.008 -0.254 -0.648  1.000  0.711  0.330 -0.234  0.631
Lroe   -0.182  0.064 -0.619 -0.288  0.711  1.000  0.585 -0.129  0.540
Leps   -0.050  0.040 -0.435  0.067  0.330  0.585  1.000 -0.045  0.602
Lfull   0.135  0.208 -0.219  0.017 -0.234 -0.129 -0.045  1.000 -0.079
Lsize   0.111 -0.313 -0.406 -0.093  0.631  0.540  0.602 -0.079  1.000

> write.csv(round(cor(dm), 6), "output/tables/T1c_within_correlations.csv")

> shares <- sapply(c("car", "npl", "roa", "roe", "eps"), function(v) {
+   sq <- p[[paste0("d_", v)]]^2; tapply(sq, p$bank_id, sum, na.rm = TRUE) / sum(sq, na.rm = TRUE) })

> cat("\nWithin-bank variance shares by bank\n"); print(round(shares, 3))

Within-bank variance shares by bank
      car   npl   roa   roe   eps
B01 0.000 0.326 0.017 0.087 0.023
B02 0.001 0.025 0.021 0.048 0.772
B03 0.001 0.308 0.020 0.081 0.003
B05 0.002 0.328 0.062 0.571 0.196
B06 0.995 0.012 0.880 0.213 0.006

> write.csv(round(shares, 6), "output/tables/T1d_variance_shares.csv")

> # B. Multicollinearity (Eq. 3 regressors, with bank and year dummies)
> xv <- c("Lcar", "Lnpl", "Lroa", "Lroe", "Leps", "Lfull")

> vif <- sapply(xv, function(v) {
+   f <- as.formula(paste(v, "~", paste(setdiff(xv, v), collapse = " + "), "+ factor(bank_id) + factor(year)"))
+   1 / (1 - summary(lm(f, data = d))$r.squared) })

> cat("\nVariance inflation factors, Eq. 3\n"); print(round(vif, 2))

Variance inflation factors, Eq. 3
 Lcar  Lnpl  Lroa  Lroe  Leps Lfull 
 2.52  6.09  8.07 11.74  6.19  2.27 

> # C. Residual diagnostics on Eq. 3 (two-way fixed effects)
> m <- feols(as.formula(paste("ln_mtb ~", paste(xv, collapse = " + "), "| bank_id + year")), data = d)

> e <- resid(m)

> # Modified Wald test for groupwise heteroskedasticity (Greene 2000)
> s2i <- tapply(e^2, d$bank_id, mean); Ti <- tapply(e, d$bank_id, length)

> Vi  <- tapply(e^2, d$bank_id, function(z) sum((z - mean(z))^2)) / (Ti * (Ti - 1))

> W   <- sum((s2i - mean(e^2))^2 / Vi)

> # Pesaran (2004) CD test for cross-sectional dependence (pairwise correlations, unbalanced panel)
> M <- tapply(e, list(d$year, d$bank_id), sum); N <- ncol(M); s <- 0; sa <- 0; k <- 0

> for (i in 1:(N - 1)) for (j in (i + 1):N) {
+   ok <- !is.na(M[, i]) & !is.na(M[, j]); rho <- cor(M[ok, i], M[ok, j])
+   s <- s + sqrt(sum(ok)) * rho; sa <- sa + abs(rho); k <- k + 1 }

> CD <- sqrt(2 / (N * (N - 1))) * s

> # Wooldridge (2002) test for first-order serial correlation (Drukker 2003 implementation)
> full <- p[order(p$bank_id, p$year), ]

> for (yr in 2018:2025) full[[paste0("yr", yr)]] <- as.numeric(full$year == yr)

> vv <- c("ln_mtb", xv, paste0("yr", 2018:2025))

> D <- full[, c("bank_id", "year", "core")]

> for (v in vv) D[[v]] <- full[[v]] - ave(full[[v]], full$bank_id, FUN = function(z) c(NA, head(z, -1)))

> D <- D[D$core & complete.cases(D[, vv]), ]

> X <- as.matrix(D[, setdiff(vv, "ln_mtb")]); D$u <- as.vector(D$ln_mtb - X %*% qr.solve(X, D$ln_mtb))

> D$ul <- ave(D$u, D$bank_id, FUN = function(z) c(NA, head(z, -1)))

> D$yl <- ave(D$year, D$bank_id, FUN = function(z) c(NA, head(z, -1)))

> D$ul[!is.na(D$yl) & D$year - D$yl != 1] <- NA

> E <- D[!is.na(D$ul), ]; rho1 <- sum(E$ul * E$u) / sum(E$ul^2); r <- E$u - rho1 * E$ul

> G <- length(unique(E$bank_id)); n <- nrow(E)

> meat <- sum(tapply(E$ul * r, E$bank_id, sum)^2)

> V <- (G / (G - 1)) * ((n - 1) / (n - 1)) * meat / sum(E$ul^2)^2

> Fw <- (rho1 + 0.5)^2 / V

> diag_tab <- data.frame(
+   Test = c("Modified Wald (groupwise heteroskedasticity)", "Pesaran CD (cross-sectional dependence)",
+            "Wooldridge (first-order serial correlation)"),
+   Statistic = c(sprintf("chi2(%d) = %.2f", N, W), sprintf("CD = %.3f; mean |rho| = %.3f", CD, sa / k),
+                 sprintf("F(1,%d) = %.3f", G - 1, Fw)),
+   p = c(pchisq(W, N, lower.tail = FALSE), 2 * pnorm(-abs(CD)), pf(Fw, 1, G - 1, lower.tail = FALSE)))

> cat("\nResidual diagnostics, Eq. 3\n"); print(diag_tab, row.names = FALSE)

Residual diagnostics, Eq. 3
                                         Test                       Statistic            p
 Modified Wald (groupwise heteroskedasticity)                chi2(5) = 359.53 1.551375e-75
      Pesaran CD (cross-sectional dependence) CD = -1.611; mean |rho| = 0.448 1.072271e-01
  Wooldridge (first-order serial correlation)                  F(1,4) = 0.648 4.660290e-01

> # D. Hausman test (Amemiya variance components; Swamy-Arora not estimable with five banks)
> pd <- pdata.frame(d, index = c("bank_id", "year"))

> fh <- as.formula(paste("ln_mtb ~", paste(xv, collapse = " + "), "+ factor(year)"))

> hz <- tryCatch(phtest(plm(fh, data = pd, model = "within"),
+                       plm(fh, data = pd, model = "random", random.method = "amemiya")),
+                error = function(err) { cat("Hausman not computable:", conditionMessage(err), "\n"); NULL })

> cat("\nHausman test, fixed vs random effects\n"); if (!is.null(hz)) print(hz)

Hausman test, fixed vs random effects

	Hausman Test

data:  fh
chisq = 3.3143, df = 14, p-value = 0.9984
alternative hypothesis: one model is inconsistent


> diag_tab <- rbind(diag_tab, data.frame(Test = "Hausman (FE vs RE, Amemiya)",
+                                        Statistic = if (is.null(hz)) "not computable" else sprintf("chi2(%d) = %.2f", hz$parameter, hz$statistic),
+                                        p = if (is.null(hz)) NA else hz$p.value))

> write.csv(diag_tab, "output/tables/T2_diagnostics.csv", row.names = FALSE)

> cat("Run finished:", format(Sys.time(), "%Y-%m-%d %H:%M:%S"), "\n")
Run finished: 2026-10-05 22:03:07 

> sink()

### Running R04_H1 at 22:03:07 

> # =============================================================
> # R04_H1.R — H1: valuation relevance of lagged signals (Eqs. 2a-2c, 3)
> # =============================================================
> options(width = 200)

> sink("logs/R04_H1.log", split = TRUE)

> cat("Run started:", format(Sys.time(), "%Y-%m-%d %H:%M:%S"), "\n")
Run started: 2026-10-05 22:03:07 

> library(digest); library(fixest)

> source("R/wcb_functions.R")

> stopifnot(digest(file = "data/derived/panel_analysis.csv", algo = "sha256") ==
+             "de5b2268e868832710b01c711ae081dc3248d933feab3fef31f9c224f40ec1f6")

> p <- readRDS("data/derived/panel_analysis.rds")

> d <- p[p$core, ]; d <- d[order(d$bank_id, d$year), ]

> d$bank_id <- factor(d$bank_id); d$year_f <- factor(d$year)

> B <- 9999; SEED <- 20261004

> specs <- list(
+   Eq2a = c("Lcar", "Lnpl", "Lroa", "Lfull"),
+   Eq2b = c("Lcar", "Lnpl", "Lroe", "Lfull"),
+   Eq2c = c("Lcar", "Lnpl", "Leps", "Lfull"),
+   Eq3  = c("Lcar", "Lnpl", "Lroa", "Lroe", "Leps", "Lfull"))

> rows <- list(); fits <- list()

> for (s in names(specs)) {
+   f <- as.formula(paste("ln_mtb ~", paste(specs[[s]], collapse = " + "), "+ year_f | bank_id"))
+   m <- feols(f, data = d, cluster = ~bank_id); fits[[s]] <- m
+   cat("\n================ ", s, " ================\n"); print(summary(m))
+   ct <- coeftable(m)
+   for (v in specs[[s]]) {
+     w <- wcb_test(m, d, list(setNames(1, v)), B = B, seed = SEED, ci = TRUE)
+     rows[[length(rows) + 1]] <- data.frame(
+       Model = s, Variable = v, Coef = ct[v, 1], SE_cluster = ct[v, 2], t_cluster = ct[v, 3],
+       p_cluster = ct[v, 4], p_wcb = w["p"], CI_lo = w["ci_lo"], CI_hi = w["ci_hi"],
+       N = nobs(m), Within_R2 = unname(r2(m, "wr2")), row.names = NULL)
+   }
+ }

================  Eq2a  ================
OLS estimation, Dep. Var.: ln_mtb
Observations: 40
Fixed-effects: bank_id: 5
Standard-errors: Clustered (bank_id) 
            Estimate Std. Error   t value Pr(>|t|)    
Lcar       -0.001713   0.000752 -2.278607 0.084917 .  
Lnpl       -0.014287   0.017430 -0.819647 0.458446    
Lroa       -0.037251   0.027045 -1.377362 0.240450    
Lfull      -0.120375   0.212330 -0.566924 0.601066    
year_f2018 -0.235074   0.175797 -1.337191 0.252137    
year_f2019 -0.399494   0.384145 -1.039957 0.357087    
year_f2020 -0.341182   0.253389 -1.346474 0.249387    
year_f2021 -0.422161   0.254180 -1.660876 0.172075    
year_f2022 -0.317966   0.228237 -1.393143 0.236006    
year_f2023 -0.404682   0.159656 -2.534719 0.064341 .  
year_f2024 -0.474062   0.152956 -3.099342 0.036244 *  
year_f2025  0.235671   0.288848  0.815898 0.460356    
---
Signif. codes:  0 '***' 0.001 '**' 0.01 '*' 0.05 '.' 0.1 ' ' 1
RMSE: 0.218266     Adj. R2: 0.59083
                 Within R2: 0.5251 

================  Eq2b  ================
OLS estimation, Dep. Var.: ln_mtb
Observations: 40
Fixed-effects: bank_id: 5
Standard-errors: Clustered (bank_id) 
            Estimate Std. Error   t value Pr(>|t|)    
Lcar       -0.001570   0.000707 -2.219128 0.090700 .  
Lnpl       -0.042226   0.019545 -2.160499 0.096835 .  
Lroe       -0.017047   0.006233 -2.734887 0.052179 .  
Lfull      -0.180059   0.160824 -1.119599 0.325570    
year_f2018 -0.195223   0.210368 -0.928007 0.405932    
year_f2019 -0.398084   0.367082 -1.084456 0.339154    
year_f2020 -0.425419   0.227340 -1.871289 0.134630    
year_f2021 -0.379627   0.319791 -1.187110 0.300865    
year_f2022 -0.348226   0.238623 -1.459313 0.218247    
year_f2023 -0.340380   0.161972 -2.101474 0.103481    
year_f2024 -0.507723   0.121557 -4.176838 0.013954 *  
year_f2025  0.225302   0.293008  0.768926 0.484823    
---
Signif. codes:  0 '***' 0.001 '**' 0.01 '*' 0.05 '.' 0.1 ' ' 1
RMSE: 0.210094     Adj. R2: 0.620892
                 Within R2: 0.559992

================  Eq2c  ================
OLS estimation, Dep. Var.: ln_mtb
Observations: 40
Fixed-effects: bank_id: 5
Standard-errors: Clustered (bank_id) 
            Estimate Std. Error   t value Pr(>|t|) 
Lcar       -0.001810   0.000885 -2.043815  0.11046 
Lnpl       -0.018085   0.017866 -1.012279  0.36866 
Leps       -0.000223   0.000476 -0.468930  0.66354 
Lfull      -0.003274   0.136144 -0.024049  0.98197 
year_f2018 -0.092412   0.143799 -0.642650  0.55544 
year_f2019 -0.222389   0.313008 -0.710491  0.51663 
year_f2020 -0.193618   0.234277 -0.826451  0.45499 
year_f2021 -0.352485   0.253924 -1.388155  0.23740 
year_f2022 -0.316999   0.235359 -1.346871  0.24927 
year_f2023 -0.432583   0.216676 -1.996454  0.11659 
year_f2024 -0.441966   0.241410 -1.830773  0.14110 
year_f2025  0.218768   0.403757  0.541830  0.61671 
---
Signif. codes:  0 '***' 0.001 '**' 0.01 '*' 0.05 '.' 0.1 ' ' 1
RMSE: 0.231714     Adj. R2: 0.538856
                 Within R2: 0.464777

================  Eq3  ================
OLS estimation, Dep. Var.: ln_mtb
Observations: 40
Fixed-effects: bank_id: 5
Standard-errors: Clustered (bank_id) 
            Estimate Std. Error   t value Pr(>|t|)    
Lcar       -0.001083   0.001005 -1.077722 0.341815    
Lnpl       -0.030868   0.007495 -4.118486 0.014630 *  
Lroa       -0.029147   0.039405 -0.739671 0.500559    
Lroe       -0.010897   0.005099 -2.137191 0.099401 .  
Leps       -0.000303   0.000488 -0.620274 0.568668    
Lfull      -0.241732   0.228668 -1.057127 0.350070    
year_f2018 -0.259802   0.238166 -1.090844 0.336647    
year_f2019 -0.468891   0.404409 -1.159447 0.310770    
year_f2020 -0.467291   0.202165 -2.311433 0.081903 .  
year_f2021 -0.364448   0.290507 -1.254527 0.277955    
year_f2022 -0.260882   0.224988 -1.159537 0.310738    
year_f2023 -0.231471   0.214940 -1.076913 0.342136    
year_f2024 -0.378497   0.284179 -1.331896 0.253718    
year_f2025  0.404887   0.359004  1.127804 0.322471    
---
Signif. codes:  0 '***' 0.001 '**' 0.01 '*' 0.05 '.' 0.1 ' ' 1
RMSE: 0.20277     Adj. R2: 0.613232
                Within R2: 0.590136

> # Determinism check: repeating a bootstrap test must give an identical p-value
> p1 <- wcb_test(fits$Eq3, d, list(c(Lnpl = 1)), B = B, seed = SEED)["p"]

> p2 <- wcb_test(fits$Eq3, d, list(c(Lnpl = 1)), B = B, seed = SEED)["p"]

> cat(sprintf("\nDeterminism check (Eq3, NPL): %.6f vs %.6f\n", p1, p2)); stopifnot(identical(p1, p2))

Determinism check (Eq3, NPL): 0.019002 vs 0.019002

> res <- do.call(rbind, rows)

> cat("\n================ H1 results (bootstrap p = principal inference) ================\n")

================ H1 results (bootstrap p = principal inference) ================

> print(format(res, digits = 4), row.names = FALSE)
 Model Variable       Coef SE_cluster t_cluster p_cluster   p_wcb     CI_lo      CI_hi  N Within_R2
  Eq2a     Lcar -0.0017135  0.0007520  -2.27861   0.08492 0.25013      -Inf        Inf 40    0.5251
  Eq2a     Lnpl -0.0142865  0.0174301  -0.81965   0.45845 0.48525 -0.074420  0.0092441 40    0.5251
  Eq2a     Lroa -0.0372508  0.0270450  -1.37736   0.24045 0.31523 -0.223861        Inf 40    0.5251
  Eq2a    Lfull -0.1203751  0.2123300  -0.56692   0.60107 0.61156 -0.969695  0.4210664 40    0.5251
  Eq2b     Lcar -0.0015698  0.0007074  -2.21913   0.09070 0.36264      -Inf        Inf 40    0.5600
  Eq2b     Lnpl -0.0422264  0.0195447  -2.16050   0.09683 0.04230 -0.112588 -0.0050914 40    0.5600
  Eq2b     Lroe -0.0170467  0.0062331  -2.73489   0.05218 0.05171 -0.039797  0.0000942 40    0.5600
  Eq2b    Lfull -0.1800589  0.1608244  -1.11960   0.32557 0.33603 -0.638408  0.4310737 40    0.5600
  Eq2c     Lcar -0.0018097  0.0008855  -2.04381   0.11046 0.44304 -0.010177  0.0060709 40    0.4648
  Eq2c     Lnpl -0.0180854  0.0178661  -1.01228   0.36866 0.35164 -0.097589  0.0087137 40    0.4648
  Eq2c     Leps -0.0002231  0.0004757  -0.46893   0.66354 0.70827 -0.002839  0.0021315 40    0.4648
  Eq2c    Lfull -0.0032742  0.1361444  -0.02405   0.98197 0.98870 -0.670382  0.4936530 40    0.4648
   Eq3     Lcar -0.0010832  0.0010051  -1.07772   0.34182 0.46835      -Inf        Inf 40    0.5901
   Eq3     Lnpl -0.0308680  0.0074950  -4.11849   0.01463 0.01900 -0.048106 -0.0214992 40    0.5901
   Eq3     Lroa -0.0291470  0.0394053  -0.73967   0.50056 0.62086 -0.306954  0.1737904 40    0.5901
   Eq3     Lroe -0.0108972  0.0050988  -2.13719   0.09940 0.26893 -0.016506  0.0168915 40    0.5901
   Eq3     Leps -0.0003028  0.0004882  -0.62027   0.56867 0.72637 -0.003427  0.0035538 40    0.5901
   Eq3    Lfull -0.2417316  0.2286684  -1.05713   0.35007 0.43524 -0.859136  0.4214068 40    0.5901

> write.csv(res, "output/tables/T3_H1_baseline.csv", row.names = FALSE)

> cmp <- with(res, tapply(sprintf("%.4f [%.3f]", Coef, p_wcb), list(Variable, Model), identity))

> cmp <- cmp[c("Lcar", "Lnpl", "Lroa", "Lroe", "Leps", "Lfull"), ]

> cat("\nCoefficient [bootstrap p]\n"); print(noquote(cmp))

Coefficient [bootstrap p]
      Eq2a            Eq2b            Eq2c            Eq3            
Lcar  -0.0017 [0.250] -0.0016 [0.363] -0.0018 [0.443] -0.0011 [0.468]
Lnpl  -0.0143 [0.485] -0.0422 [0.042] -0.0181 [0.352] -0.0309 [0.019]
Lroa  -0.0373 [0.315] <NA>            <NA>            -0.0291 [0.621]
Lroe  <NA>            -0.0170 [0.052] <NA>            -0.0109 [0.269]
Leps  <NA>            <NA>            -0.0002 [0.708] -0.0003 [0.726]
Lfull -0.1204 [0.612] -0.1801 [0.336] -0.0033 [0.989] -0.2417 [0.435]

> cat("\nWithin R2:\n"); print(noquote(sapply(fits, function(m) sprintf("%.3f", r2(m, "wr2")))))

Within R2:
 Eq2a  Eq2b  Eq2c   Eq3 
0.525 0.560 0.465 0.590 

> cat("Run finished:", format(Sys.time(), "%Y-%m-%d %H:%M:%S"), "\n")
Run finished: 2026-10-05 22:06:37 

> sink()

### Running R05_H2 at 22:06:37 

> # =============================================================
> # R05_H2.R — H2: differential valuation relevance (Eqs. 4-6)
> # =============================================================
> options(width = 200)

> sink("logs/R05_H2.log", split = TRUE)

> cat("Run started:", format(Sys.time(), "%Y-%m-%d %H:%M:%S"), "\n")
Run started: 2026-10-05 22:06:37 

> library(digest); library(fixest)

> source("R/wcb_functions.R")

> stopifnot(digest(file = "data/derived/panel_analysis.csv", algo = "sha256") ==
+             "de5b2268e868832710b01c711ae081dc3248d933feab3fef31f9c224f40ec1f6")

> p <- readRDS("data/derived/panel_analysis.rds")

> d <- p[p$core, ]; d <- d[order(d$bank_id, d$year), ]

> d$bank_id <- factor(d$bank_id); d$year_f <- factor(d$year)

> B <- 9999; SEED <- 20261004; G <- nlevels(d$bank_id)

> clw <- function(m, rows) {                         # clustered Wald F(q, G-1), secondary
+   R <- Rm(names(coef(m)), rows); b <- coef(m); V <- vcov(m); q <- nrow(R); Rb <- R %*% b
+   Fs <- as.numeric(t(Rb) %*% solve(R %*% V %*% t(R)) %*% Rb) / q
+   c(F = Fs, p = pf(Fs, q, G - 1, lower.tail = FALSE), Rb = if (q == 1) drop(Rb) else NA)
+ }

> models <- list(
+   Eq4 = c("cw_car", "cw_negnpl", "Lfull"),
+   Eq5 = c("cw_roa", "cw_roe", "cw_eps", "Lfull"),
+   Eq6 = c("cwbsi", "cwfpi", "cwfull"))

> fits <- list(); coefrows <- list()

> for (s in names(models)) {
+   f <- as.formula(paste("ln_mtb ~", paste(models[[s]], collapse = " + "), "+ year_f | bank_id"))
+   m <- feols(f, data = d, cluster = ~bank_id); fits[[s]] <- m
+   cat("\n================ ", s, " ================\n"); print(summary(m))
+   ct <- coeftable(m)
+   for (v in models[[s]]) {
+     w <- wcb_test(m, d, list(setNames(1, v)), B = B, seed = SEED, ci = TRUE)
+     coefrows[[length(coefrows) + 1]] <- data.frame(Model = s, Variable = v, Coef = ct[v, 1],
+                                                    SE_cluster = ct[v, 2], t_cluster = ct[v, 3], p_cluster = ct[v, 4], p_wcb = w["p"],
+                                                    CI_lo = w["ci_lo"], CI_hi = w["ci_hi"], N = nobs(m), Within_R2 = unname(r2(m, "wr2")), row.names = NULL)
+   }
+ }

================  Eq4  ================
OLS estimation, Dep. Var.: ln_mtb
Observations: 40
Fixed-effects: bank_id: 5
Standard-errors: Clustered (bank_id) 
            Estimate Std. Error   t value Pr(>|t|)    
cw_car     -0.089978   0.023802 -3.780297 0.019431 *  
cw_negnpl   0.061649   0.067508  0.913212 0.412795    
Lfull       0.015735   0.119280  0.131915 0.901421    
year_f2018 -0.098009   0.136463 -0.718210 0.512342    
year_f2019 -0.224855   0.314793 -0.714295 0.514514    
year_f2020 -0.187980   0.242319 -0.775752 0.481207    
year_f2021 -0.386154   0.237319 -1.627155 0.179033    
year_f2022 -0.360184   0.215001 -1.675268 0.169192    
year_f2023 -0.500219   0.118477 -4.222067 0.013455 *  
year_f2024 -0.515379   0.113102 -4.556779 0.010364 *  
year_f2025  0.123942   0.274605  0.451346 0.675128    
---
Signif. codes:  0 '***' 0.001 '**' 0.01 '*' 0.05 '.' 0.1 ' ' 1
RMSE: 0.233808     Adj. R2: 0.550045
                 Within R2: 0.455058

================  Eq5  ================
OLS estimation, Dep. Var.: ln_mtb
Observations: 40
Fixed-effects: bank_id: 5
Standard-errors: Clustered (bank_id) 
            Estimate Std. Error   t value Pr(>|t|)    
cw_roa     -0.153150   0.121992 -1.255411 0.277665    
cw_roe     -0.051242   0.070608 -0.725718 0.508197    
cw_eps     -0.094588   0.084525 -1.119056 0.325776    
Lfull      -0.200058   0.187465 -1.067177 0.346020    
year_f2018 -0.265500   0.178104 -1.490704 0.210297    
year_f2019 -0.393113   0.353462 -1.112177 0.328397    
year_f2020 -0.410016   0.100358 -4.085522 0.015030 *  
year_f2021 -0.272171   0.224783 -1.210813 0.292614    
year_f2022 -0.085790   0.190059 -0.451384 0.675104    
year_f2023 -0.099933   0.195611 -0.510876 0.636342    
year_f2024 -0.165658   0.263963 -0.627581 0.564324    
year_f2025  0.625405   0.248594  2.515767 0.065652 .  
---
Signif. codes:  0 '***' 0.001 '**' 0.01 '*' 0.05 '.' 0.1 ' ' 1
RMSE: 0.212222     Adj. R2: 0.613176
                 Within R2: 0.551037

================  Eq6  ================
OLS estimation, Dep. Var.: ln_mtb
Observations: 40
Fixed-effects: bank_id: 5
Standard-errors: Clustered (bank_id) 
            Estimate Std. Error   t value Pr(>|t|)    
cwbsi       0.032791   0.062572  0.524046 0.627942    
cwfpi      -0.260447   0.148358 -1.755531 0.154018    
cwfull     -0.070508   0.075247 -0.937019 0.401798    
year_f2018 -0.218541   0.167866 -1.301878 0.262869    
year_f2019 -0.343959   0.325771 -1.055829 0.350596    
year_f2020 -0.388349   0.116975 -3.319939 0.029380 *  
year_f2021 -0.219560   0.231604 -0.947996 0.396812    
year_f2022 -0.053714   0.218278 -0.246082 0.817730    
year_f2023 -0.042378   0.271089 -0.156324 0.883350    
year_f2024 -0.127467   0.275562 -0.462571 0.667716    
year_f2025  0.668711   0.275650  2.425947 0.072297 .  
---
Signif. codes:  0 '***' 0.001 '**' 0.01 '*' 0.05 '.' 0.1 ' ' 1
RMSE: 0.214004     Adj. R2: 0.623042
                 Within R2: 0.543465

> coefs <- do.call(rbind, coefrows)

> cat("\n================ H2 model coefficients (per common within-bank SD) ================\n")

================ H2 model coefficients (per common within-bank SD) ================

> print(format(coefs, digits = 4), row.names = FALSE)
 Model  Variable     Coef SE_cluster t_cluster p_cluster  p_wcb    CI_lo  CI_hi  N Within_R2
   Eq4    cw_car -0.08998    0.02380   -3.7803   0.01943 0.2350     -Inf    Inf 40    0.4551
   Eq4 cw_negnpl  0.06165    0.06751    0.9132   0.41279 0.3898 -0.04636 0.2540 40    0.4551
   Eq4     Lfull  0.01573    0.11928    0.1319   0.90142 0.9150 -0.53892 0.5286 40    0.4551
   Eq5    cw_roa -0.15315    0.12199   -1.2554   0.27767 0.4046     -Inf 0.8228 40    0.5510
   Eq5    cw_roe -0.05124    0.07061   -0.7257   0.50820 0.5593 -0.30543 0.3512 40    0.5510
   Eq5    cw_eps -0.09459    0.08452   -1.1191   0.32578 0.4626     -Inf    Inf 40    0.5510
   Eq5     Lfull -0.20006    0.18746   -1.0672   0.34602 0.4289 -0.89368 0.3155 40    0.5510
   Eq6     cwbsi  0.03279    0.06257    0.5240   0.62794 0.8659 -0.32700 0.4020 40    0.5435
   Eq6     cwfpi -0.26045    0.14836   -1.7555   0.15402 0.1950 -0.54233 0.1030 40    0.5435
   Eq6    cwfull -0.07051    0.07525   -0.9370   0.40180 0.4863 -0.29249 0.1327 40    0.5435

> write.csv(coefs, "output/tables/T4a_H2_coefficients.csv", row.names = FALSE)

> tests <- list(
+   list("Eq4", "H2a", "CAR = -NPL",          list(c(cw_car = 1, cw_negnpl = -1)), "principal"),
+   list("Eq5", "H2b", "ROA = ROE = EPS",     list(c(cw_roa = 1, cw_roe = -1), c(cw_roa = 1, cw_eps = -1)), "principal (joint)"),
+   list("Eq5", "H2b", "ROA = ROE",           list(c(cw_roa = 1, cw_roe = -1)), "pairwise"),
+   list("Eq5", "H2b", "ROA = EPS",           list(c(cw_roa = 1, cw_eps = -1)), "pairwise"),
+   list("Eq5", "H2b", "ROE = EPS",           list(c(cw_roe = 1, cw_eps = -1)), "pairwise"),
+   list("Eq6", "H2c", "BSI = FPI = FULLREP", list(c(cwbsi = 1, cwfpi = -1), c(cwbsi = 1, cwfull = -1)), "principal (joint)"),
+   list("Eq6", "H2c", "BSI = FPI",           list(c(cwbsi = 1, cwfpi = -1)), "pairwise"),
+   list("Eq6", "H2c", "BSI = FULLREP",       list(c(cwbsi = 1, cwfull = -1)), "pairwise"),
+   list("Eq6", "H2c", "FPI = FULLREP",       list(c(cwfpi = 1, cwfull = -1)), "pairwise"))

> trows <- list()

> for (tst in tests) {
+   m <- fits[[tst[[1]]]]; rr <- tst[[4]]; q <- length(rr)
+   w  <- wcb_test(m, d, rr, B = B, seed = SEED, ci = (q == 1))
+   cl <- clw(m, rr)
+   trows[[length(trows) + 1]] <- data.frame(Model = tst[[1]], Hypothesis = tst[[2]], Restriction = tst[[3]],
+                                            Role = tst[[5]], q = q, Estimate = cl["Rb"],
+                                            Statistic = if (q == 1) sign(cl["Rb"]) * sqrt(cl["F"]) else cl["F"],
+                                            Stat_type = if (q == 1) "t (clustered)" else "F (clustered)",
+                                            p_wcb = w["p"], CI_lo = w["ci_lo"], CI_hi = w["ci_hi"], p_cluster = cl["p"], row.names = NULL)
+ }

> tt <- do.call(rbind, trows)

> for (h in c("H2b", "H2c")) {
+   jp <- tt$p_wcb[tt$Hypothesis == h & tt$Role == "principal (joint)"]
+   tt$Role[tt$Hypothesis == h & tt$Role == "pairwise"] <-
+     if (jp < 0.05) "pairwise (joint rejected)" else "pairwise (exploratory: joint not rejected)"
+ }

> # Determinism check: repeated tests give identical p-values
> a1 <- wcb_test(fits$Eq4, d, list(c(cw_car = 1, cw_negnpl = -1)), B = B, seed = SEED)["p"]

> a2 <- wcb_test(fits$Eq4, d, list(c(cw_car = 1, cw_negnpl = -1)), B = B, seed = SEED)["p"]

> j1 <- wcb_test(fits$Eq6, d, list(c(cwbsi = 1, cwfpi = -1), c(cwbsi = 1, cwfull = -1)), B = B, seed = SEED)["p"]

> j2 <- wcb_test(fits$Eq6, d, list(c(cwbsi = 1, cwfpi = -1), c(cwbsi = 1, cwfull = -1)), B = B, seed = SEED)["p"]

> cat(sprintf("\nDeterminism check: H2a %.6f vs %.6f; H2c joint %.6f vs %.6f\n", a1, a2, j1, j2))

Determinism check: H2a 0.189119 vs 0.189119; H2c joint 0.168717 vs 0.168717

> stopifnot(identical(a1, a2), identical(j1, j2))

> cat("\n================ H2 equality tests (bootstrap p = principal inference) ================\n")

================ H2 equality tests (bootstrap p = principal inference) ================

> print(format(tt, digits = 4), row.names = FALSE)
 Model Hypothesis         Restriction                                       Role q Estimate Statistic     Stat_type  p_wcb   CI_lo    CI_hi p_cluster
   Eq4        H2a          CAR = -NPL                                  principal 1 -0.15163   -1.8541 t (clustered) 0.1891 -0.5810  0.28590   0.13734
   Eq5        H2b     ROA = ROE = EPS                          principal (joint) 2       NA    1.2109 F (clustered) 0.6946      NA       NA   0.38798
   Eq5        H2b           ROA = ROE pairwise (exploratory: joint not rejected) 1 -0.10191   -0.5396 t (clustered) 0.6292 -1.1312  1.28625   0.61812
   Eq5        H2b           ROA = EPS pairwise (exploratory: joint not rejected) 1 -0.05856   -1.2637 t (clustered) 0.4862    -Inf      Inf   0.27496
   Eq5        H2b           ROE = EPS pairwise (exploratory: joint not rejected) 1  0.04335    0.2839 t (clustered) 0.8057 -0.7734  0.83721   0.79056
   Eq6        H2c BSI = FPI = FULLREP                          principal (joint) 2       NA    6.3514 F (clustered) 0.1687      NA       NA   0.05735
   Eq6        H2c           BSI = FPI pairwise (exploratory: joint not rejected) 1  0.29324    1.4318 t (clustered) 0.4200 -0.4133  0.68236   0.22546
   Eq6        H2c       BSI = FULLREP pairwise (exploratory: joint not rejected) 1  0.10330    0.7923 t (clustered) 0.6984 -0.3530  0.44226   0.47250
   Eq6        H2c       FPI = FULLREP pairwise (exploratory: joint not rejected) 1 -0.18994   -2.3572 t (clustered) 0.0372 -0.4518 -0.01267   0.07790

> write.csv(tt, "output/tables/T4b_H2_tests.csv", row.names = FALSE)

> cat("Run finished:", format(Sys.time(), "%Y-%m-%d %H:%M:%S"), "\n")
Run finished: 2026-10-05 22:09:37 

> sink()

### Running R06_robustness at 22:09:37 

> # =============================================================
> # R06_robustness.R — Robustness and sensitivity (final specification)
> # =============================================================
> options(width = 200)

> sink("logs/R06_robustness.log", split = TRUE)

> cat("Run started:", format(Sys.time(), "%Y-%m-%d %H:%M:%S"), "\n")
Run started: 2026-10-05 22:09:37 

> library(digest); library(fixest); library(clubSandwich)

> source("R/wcb_functions.R")

> stopifnot(digest(file = "data/derived/panel_analysis.csv", algo = "sha256") ==
+             "de5b2268e868832710b01c711ae081dc3248d933feab3fef31f9c224f40ec1f6")

> p <- readRDS("data/derived/panel_analysis.rds")

> d <- p[p$core, ]; d <- d[order(d$bank_id, d$year), ]

> B <- 9999; SEED <- 20261004

> banknames <- c(B01 = "CRDB", B02 = "NMB", B03 = "DCB", B05 = "Mkombozi", B06 = "Mwalimu")

> # --- Helpers ---
> buildcw <- function(dd) {                                   # rebuild v2 scaling on a (sub)sample
+   for (v in c("car", "npl", "ldr", "roa", "roe", "eps", "full")) {
+     x <- dd[[paste0("L", v)]]; dv <- x - ave(x, dd$bank_id); dd[[paste0("cw_", v)]] <- dv / sd(dv) }
+   dd$cw_negnpl <- -dd$cw_npl
+   b <- (dd$cw_car + dd$cw_negnpl) / 2; f <- (dd$cw_roa + dd$cw_roe + dd$cw_eps) / 3
+   dd$cwbsi <- b / sd(b); dd$cwfpi <- f / sd(f); dd$cwfull <- dd$cw_full
+   dd
+ }

> prep <- function(dd) { dd$bank_id <- droplevels(factor(dd$bank_id)); dd$year_f <- droplevels(factor(dd$year)); dd }

> fitm <- function(dd, x) feols(as.formula(paste("ln_mtb ~", paste(x, collapse = " + "), "+ year_f | bank_id")),
+                               data = dd, cluster = ~bank_id)

> rowc <- function(block, model, m, dd, term)
+   data.frame(Block = block, Model = model, Term = term, Coef = unname(coef(m)[term]),
+              p_wcb = unname(wcb_test(m, dd, list(setNames(1, term)), B = B, seed = SEED)["p"]),
+              N = nobs(m), row.names = NULL)

> rowt <- function(block, model, m, dd, label, rows)
+   data.frame(Block = block, Model = model, Term = label, Coef = NA,
+              p_wcb = unname(wcb_test(m, dd, rows, B = B, seed = SEED)["p"]), N = nobs(m), row.names = NULL)

> H2a <- list(c(cw_car = 1, cw_negnpl = -1))

> H2b <- list(c(cw_roa = 1, cw_roe = -1), c(cw_roa = 1, cw_eps = -1))

> H2c <- list(c(cwbsi = 1, cwfpi = -1), c(cwbsi = 1, cwfull = -1))

> runset <- function(dd, block, ctrl = character(0)) {        # Eq. 3 and Eqs. 4-6 with H2 tests
+   dd <- prep(dd); out <- list()
+   m3 <- fitm(dd, c("Lcar", "Lnpl", "Lroa", "Lroe", "Leps", "Lfull", ctrl))
+   for (v in c("Lcar", "Lnpl", "Lroa", "Lroe", "Leps", "Lfull")) out[[length(out) + 1]] <- rowc(block, "Eq3", m3, dd, v)
+   m4 <- fitm(dd, c("cw_car", "cw_negnpl", "Lfull", ctrl))
+   for (v in c("cw_car", "cw_negnpl")) out[[length(out) + 1]] <- rowc(block, "Eq4", m4, dd, v)
+   out[[length(out) + 1]] <- rowt(block, "Eq4", m4, dd, "H2a: CAR = -NPL", H2a)
+   m5 <- fitm(dd, c("cw_roa", "cw_roe", "cw_eps", "Lfull", ctrl))
+   for (v in c("cw_roa", "cw_roe", "cw_eps")) out[[length(out) + 1]] <- rowc(block, "Eq5", m5, dd, v)
+   out[[length(out) + 1]] <- rowt(block, "Eq5", m5, dd, "H2b joint", H2b)
+   m6 <- fitm(dd, c("cwbsi", "cwfpi", "cwfull", ctrl))
+   for (v in c("cwbsi", "cwfpi", "cwfull")) out[[length(out) + 1]] <- rowc(block, "Eq6", m6, dd, v)
+   out[[length(out) + 1]] <- rowt(block, "Eq6", m6, dd, "H2c joint", H2c)
+   do.call(rbind, out)
+ }

> show <- function(x) print(format(x, digits = 4), row.names = FALSE)

> # Consistency: rebuilding the scaling on the full core sample reproduces the stored variables
> dchk <- buildcw(d)

> stopifnot(max(abs(dchk$cw_car - d$cw_car)) < 1e-12, max(abs(dchk$cwbsi - d$cwbsi)) < 1e-12)

> cat("Scaling rebuild reproduces stored variables.\n")
Scaling rebuild reproduces stored variables.

> res <- list()

> cat("\n######## Main specification (reference) ########\n");  res$main  <- runset(d, "Main");                   show(res$main)

######## Main specification (reference) ########
 Block Model            Term       Coef  p_wcb  N
  Main   Eq3            Lcar -0.0010832 0.4683 40
  Main   Eq3            Lnpl -0.0308680 0.0190 40
  Main   Eq3            Lroa -0.0291470 0.6209 40
  Main   Eq3            Lroe -0.0108972 0.2689 40
  Main   Eq3            Leps -0.0003028 0.7264 40
  Main   Eq3           Lfull -0.2417316 0.4352 40
  Main   Eq4          cw_car -0.0899783 0.2350 40
  Main   Eq4       cw_negnpl  0.0616490 0.3898 40
  Main   Eq4 H2a: CAR = -NPL         NA 0.1891 40
  Main   Eq5          cw_roa -0.1531498 0.4046 40
  Main   Eq5          cw_roe -0.0512416 0.5593 40
  Main   Eq5          cw_eps -0.0945878 0.4626 40
  Main   Eq5       H2b joint         NA 0.6946 40
  Main   Eq6           cwbsi  0.0327907 0.8659 40
  Main   Eq6           cwfpi -0.2604471 0.1950 40
  Main   Eq6          cwfull -0.0705078 0.4863 40
  Main   Eq6       H2c joint         NA 0.1687 40

> cat("\n######## R1: Size added ########\n");                  res$size  <- runset(d, "Size added", "Lsize");   show(res$size)

######## R1: Size added ########
      Block Model            Term       Coef   p_wcb  N
 Size added   Eq3            Lcar -0.0011175 0.08921 40
 Size added   Eq3            Lnpl -0.0350537 0.01510 40
 Size added   Eq3            Lroa -0.0746933 0.05941 40
 Size added   Eq3            Lroe -0.0023006 0.82308 40
 Size added   Eq3            Leps -0.0004498 0.37844 40
 Size added   Eq3           Lfull -0.1736702 0.54105 40
 Size added   Eq4          cw_car -0.0991529 0.26753 40
 Size added   Eq4       cw_negnpl  0.0982107 0.06941 40
 Size added   Eq4 H2a: CAR = -NPL         NA 0.04990 40
 Size added   Eq5          cw_roa -0.3133535 0.13991 40
 Size added   Eq5          cw_roe  0.0576427 0.59906 40
 Size added   Eq5          cw_eps -0.1266716 0.44934 40
 Size added   Eq5       H2b joint         NA 0.21492 40
 Size added   Eq6           cwbsi  0.0603590 0.64256 40
 Size added   Eq6           cwfpi -0.2995152 0.14061 40
 Size added   Eq6          cwfull -0.0537392 0.50365 40
 Size added   Eq6       H2c joint         NA 0.12241 40

> cat("\n######## R2: LDR added ########\n")

######## R2: LDR added ########

> dl <- prep(d); out <- list()

> m <- fitm(dl, c("Lcar", "Lnpl", "Lldr", "Lroa", "Lroe", "Leps", "Lfull"))

> for (v in c("Lcar", "Lnpl", "Lldr", "Lroa", "Lroe", "Leps", "Lfull")) out[[length(out) + 1]] <- rowc("LDR added", "Eq3", m, dl, v)

> m <- fitm(dl, c("cw_car", "cw_negnpl", "cw_ldr", "Lfull"))

> for (v in c("cw_car", "cw_negnpl", "cw_ldr")) out[[length(out) + 1]] <- rowc("LDR added", "Eq4", m, dl, v)

> out[[length(out) + 1]] <- rowt("LDR added", "Eq4", m, dl, "H2a: CAR = -NPL", H2a)

> res$ldr <- do.call(rbind, out); show(res$ldr)
     Block Model            Term       Coef    p_wcb  N
 LDR added   Eq3            Lcar  0.0004213 0.844584 40
 LDR added   Eq3            Lnpl -0.0340150 0.006101 40
 LDR added   Eq3            Lldr  0.0065669 0.383238 40
 LDR added   Eq3            Lroa  0.0150209 0.899590 40
 LDR added   Eq3            Lroe -0.0139764 0.031403 40
 LDR added   Eq3            Leps -0.0004391 0.728973 40
 LDR added   Eq3           Lfull -0.2102670 0.379438 40
 LDR added   Eq4          cw_car -0.0380894 0.576558 40
 LDR added   Eq4       cw_negnpl  0.0477490 0.548055 40
 LDR added   Eq4          cw_ldr  0.1110354 0.394139 40
 LDR added   Eq4 H2a: CAR = -NPL         NA 0.471747 40

> cat("\n######## R3: Residualized performance ########\n")

######## R3: Residualized performance ########

> dr <- prep(d); out <- list()

> for (k in c("roa", "roe", "eps")) {
+   o <- setdiff(c("roa", "roe", "eps"), k)
+   r <- resid(lm(as.formula(paste0("cw_", k, " ~ cw_", o[1], " + cw_", o[2], " + bank_id")), data = dr))
+   dr[[paste0("r_", k)]] <- r / sd(r)
+ }

> for (k in c("r_roa", "r_roe", "r_eps")) { m <- fitm(dr, c(k, "Lfull")); out[[length(out) + 1]] <- rowc("Residualized", paste(k, "alone"), m, dr, k) }

> m <- fitm(dr, c("r_roa", "r_roe", "r_eps", "Lfull"))

> for (k in c("r_roa", "r_roe", "r_eps")) out[[length(out) + 1]] <- rowc("Residualized", "Joint", m, dr, k)

> out[[length(out) + 1]] <- rowt("Residualized", "Joint", m, dr, "rROA = rROE = rEPS",
+                                list(c(r_roa = 1, r_roe = -1), c(r_roa = 1, r_eps = -1)))

> res$resid <- do.call(rbind, out); show(res$resid)
        Block       Model               Term      Coef  p_wcb  N
 Residualized r_roa alone              r_roa -0.047257 0.7636 40
 Residualized r_roe alone              r_roe -0.004116 0.9414 40
 Residualized r_eps alone              r_eps -0.013626 0.8526 40
 Residualized       Joint              r_roa -0.317371 0.2941 40
 Residualized       Joint              r_roe -0.360738 0.1059 40
 Residualized       Joint              r_eps -0.218435 0.2419 40
 Residualized       Joint rROA = rROE = rEPS        NA 0.2308 40

> cat("\n######## R4: Winsorized signals (5/95) ########\n")

######## R4: Winsorized signals (5/95) ########

> dw <- prep(d); m <- fitm(dw, c("Wcar", "Wnpl", "Wroa", "Wroe", "Weps", "Lfull"))

> res$wins <- do.call(rbind, lapply(c("Wcar", "Wnpl", "Wroa", "Wroe", "Weps", "Lfull"), function(v) rowc("Winsorized", "Eq3", m, dw, v)))

> show(res$wins)
      Block Model  Term       Coef  p_wcb  N
 Winsorized   Eq3  Wcar -8.520e-03 0.1903 40
 Winsorized   Eq3  Wnpl -4.492e-02 0.0149 40
 Winsorized   Eq3  Wroa -5.943e-02 0.3806 40
 Winsorized   Eq3  Wroe -8.013e-03 0.6640 40
 Winsorized   Eq3  Weps -9.496e-05 0.9381 40
 Winsorized   Eq3 Lfull -1.991e-01 0.4729 40

> cat("\n######## R5: Stale-price observations excluded ########\n")

######## R5: Stale-price observations excluded ########

> res$stale <- runset(buildcw(d[!d$stale, ]), "Stale excluded"); show(res$stale)
          Block Model            Term       Coef   p_wcb  N
 Stale excluded   Eq3            Lcar -0.0412180 0.16402 31
 Stale excluded   Eq3            Lnpl -0.0390846 0.05821 31
 Stale excluded   Eq3            Lroa -0.2182392 0.16452 31
 Stale excluded   Eq3            Lroe  0.0056069 0.79608 31
 Stale excluded   Eq3            Leps  0.0004333 0.47865 31
 Stale excluded   Eq3           Lfull -0.0367905 0.90159 31
 Stale excluded   Eq4          cw_car -0.0087966 0.85539 31
 Stale excluded   Eq4       cw_negnpl  0.0175883 0.68007 31
 Stale excluded   Eq4 H2a: CAR = -NPL         NA 0.04600 31
 Stale excluded   Eq5          cw_roa -0.0466399 0.60666 31
 Stale excluded   Eq5          cw_roe -0.1126284 0.59256 31
 Stale excluded   Eq5          cw_eps -0.0162444 0.87509 31
 Stale excluded   Eq5       H2b joint         NA 0.79208 31
 Stale excluded   Eq6           cwbsi -0.0020699 0.93489 31
 Stale excluded   Eq6           cwfpi -0.1615965 0.35134 31
 Stale excluded   Eq6          cwfull -0.0010604 0.99350 31
 Stale excluded   Eq6       H2c joint         NA 0.39574 31

> cat("\n######## R6: Eq. 5 augmented with banking-risk signals ########\n")

######## R6: Eq. 5 augmented with banking-risk signals ########

> da <- prep(d); out <- list()

> m <- fitm(da, c("cw_roa", "cw_roe", "cw_eps", "cw_car", "cw_negnpl", "Lfull"))

> for (v in c("cw_roa", "cw_roe", "cw_eps", "cw_car", "cw_negnpl")) out[[length(out) + 1]] <- rowc("Eq5 augmented", "Eq5+", m, da, v)

> out[[length(out) + 1]] <- rowt("Eq5 augmented", "Eq5+", m, da, "H2b joint", H2b)

> out[[length(out) + 1]] <- rowt("Eq5 augmented", "Eq5+", m, da, "H2a: CAR = -NPL", H2a)

> res$aug <- do.call(rbind, out); show(res$aug)
         Block Model            Term     Coef  p_wcb  N
 Eq5 augmented  Eq5+          cw_roa -0.10221 0.6209 40
 Eq5 augmented  Eq5+          cw_roe -0.12809 0.2694 40
 Eq5 augmented  Eq5+          cw_eps -0.06331 0.7259 40
 Eq5 augmented  Eq5+          cw_car -0.04664 0.4683 40
 Eq5 augmented  Eq5+       cw_negnpl  0.10629 0.0191 40
 Eq5 augmented  Eq5+       H2b joint       NA 0.7285 40
 Eq5 augmented  Eq5+ H2a: CAR = -NPL       NA 0.0413 40

> cat("\n######## R7: Leave-one-bank-out (scaling rebuilt; 4 clusters) ########\n")

######## R7: Leave-one-bank-out (scaling rebuilt; 4 clusters) ########

> lobo <- list()

> for (b in names(banknames)) {
+   lab <- paste("Drop", banknames[b]); cat("\n---", lab, "---\n")
+   lobo[[b]] <- runset(buildcw(d[d$bank_id != b, ]), lab); show(lobo[[b]])
+ }

--- Drop CRDB ---
     Block Model            Term       Coef   p_wcb  N
 Drop CRDB   Eq3            Lcar -0.0024829 0.09621 31
 Drop CRDB   Eq3            Lnpl -0.0271579 0.03840 31
 Drop CRDB   Eq3            Lroa  0.0169016 0.58006 31
 Drop CRDB   Eq3            Lroe -0.0136416 0.05591 31
 Drop CRDB   Eq3            Leps  0.0003664 0.17312 31
 Drop CRDB   Eq3           Lfull  0.0096489 0.93369 31
 Drop CRDB   Eq4          cw_car -0.1132273 0.09301 31
 Drop CRDB   Eq4       cw_negnpl  0.0118210 0.75148 31
 Drop CRDB   Eq4 H2a: CAR = -NPL         NA 0.06881 31
 Drop CRDB   Eq5          cw_roa -0.0242972 0.86109 31
 Drop CRDB   Eq5          cw_roe -0.1237790 0.14761 31
 Drop CRDB   Eq5          cw_eps  0.0068759 0.92079 31
 Drop CRDB   Eq5       H2b joint         NA 0.19082 31
 Drop CRDB   Eq6           cwbsi -0.0607393 0.33923 31
 Drop CRDB   Eq6           cwfpi -0.0924456 0.62936 31
 Drop CRDB   Eq6          cwfull  0.0107271 0.84608 31
 Drop CRDB   Eq6       H2c joint         NA 0.11621 31

--- Drop NMB ---
    Block Model            Term       Coef   p_wcb  N
 Drop NMB   Eq3            Lcar -0.0004711 0.60226 31
 Drop NMB   Eq3            Lnpl -0.0283818 0.06201 31
 Drop NMB   Eq3            Lroa -0.0404114 0.71747 31
 Drop NMB   Eq3            Lroe -0.0070927 0.74027 31
 Drop NMB   Eq3            Leps -0.0009171 0.73087 31
 Drop NMB   Eq3           Lfull -0.3029020 0.31843 31
 Drop NMB   Eq4          cw_car -0.0765144 0.13551 31
 Drop NMB   Eq4       cw_negnpl  0.0519784 0.32473 31
 Drop NMB   Eq4 H2a: CAR = -NPL         NA 0.27083 31
 Drop NMB   Eq5          cw_roa -0.2018762 0.67437 31
 Drop NMB   Eq5          cw_roe -0.0186508 0.93279 31
 Drop NMB   Eq5          cw_eps -0.1064884 0.75678 31
 Drop NMB   Eq5       H2b joint         NA 0.79568 31
 Drop NMB   Eq6           cwbsi  0.0655357 0.56546 31
 Drop NMB   Eq6           cwfpi -0.2971044 0.03990 31
 Drop NMB   Eq6          cwfull -0.0928995 0.33663 31
 Drop NMB   Eq6       H2c joint         NA 0.14491 31

--- Drop DCB ---
    Block Model            Term       Coef   p_wcb  N
 Drop DCB   Eq3            Lcar -0.0011282 0.46695 34
 Drop DCB   Eq3            Lnpl -0.0468934 0.08661 34
 Drop DCB   Eq3            Lroa -0.0227871 0.67857 34
 Drop DCB   Eq3            Lroe -0.0145605 0.11591 34
 Drop DCB   Eq3            Leps -0.0004267 0.65357 34
 Drop DCB   Eq3           Lfull -0.1051736 0.51435 34
 Drop DCB   Eq4          cw_car -0.1000718 0.36124 34
 Drop DCB   Eq4       cw_negnpl  0.0686296 0.44434 34
 Drop DCB   Eq4 H2a: CAR = -NPL         NA 0.32233 34
 Drop DCB   Eq5          cw_roa -0.1683182 0.41384 34
 Drop DCB   Eq5          cw_roe -0.0365072 0.58586 34
 Drop DCB   Eq5          cw_eps -0.1236200 0.48865 34
 Drop DCB   Eq5       H2b joint         NA 0.92869 34
 Drop DCB   Eq6           cwbsi  0.0523497 0.81158 34
 Drop DCB   Eq6           cwfpi -0.3044785 0.46065 34
 Drop DCB   Eq6          cwfull -0.0408556 0.46175 34
 Drop DCB   Eq6       H2c joint         NA 0.45175 34

--- Drop Mkombozi ---
         Block Model            Term       Coef   p_wcb  N
 Drop Mkombozi   Eq3            Lcar -1.009e-03 0.06031 33
 Drop Mkombozi   Eq3            Lnpl -3.226e-02 0.05371 33
 Drop Mkombozi   Eq3            Lroa -6.305e-02 0.42424 33
 Drop Mkombozi   Eq3            Lroe  1.406e-06 0.99960 33
 Drop Mkombozi   Eq3            Leps -4.818e-04 0.47165 33
 Drop Mkombozi   Eq3           Lfull -4.418e-01 0.15102 33
 Drop Mkombozi   Eq4          cw_car -1.381e-01 0.05661 33
 Drop Mkombozi   Eq4       cw_negnpl  1.715e-01 0.05291 33
 Drop Mkombozi   Eq4 H2a: CAR = -NPL         NA 0.05001 33
 Drop Mkombozi   Eq5          cw_roa -2.847e-01 0.25023 33
 Drop Mkombozi   Eq5          cw_roe  4.080e-02 0.71687 33
 Drop Mkombozi   Eq5          cw_eps -1.369e-01 0.59856 33
 Drop Mkombozi   Eq5       H2b joint         NA 0.33963 33
 Drop Mkombozi   Eq6           cwbsi  6.487e-02 0.61826 33
 Drop Mkombozi   Eq6           cwfpi -3.446e-01 0.05261 33
 Drop Mkombozi   Eq6          cwfull -1.310e-01 0.09841 33
 Drop Mkombozi   Eq6       H2c joint         NA 0.44554 33

--- Drop Mwalimu ---
        Block Model            Term       Coef   p_wcb  N
 Drop Mwalimu   Eq3            Lcar -0.0857039 0.18182 31
 Drop Mwalimu   Eq3            Lnpl -0.0715600 0.08221 31
 Drop Mwalimu   Eq3            Lroa  0.1406426 0.38054 31
 Drop Mwalimu   Eq3            Lroe -0.0259977 0.38764 31
 Drop Mwalimu   Eq3            Leps  0.0003182 0.61556 31
 Drop Mwalimu   Eq3           Lfull -0.2974022 0.32203 31
 Drop Mwalimu   Eq4          cw_car -0.2135653 0.13981 31
 Drop Mwalimu   Eq4       cw_negnpl  0.1441833 0.18712 31
 Drop Mwalimu   Eq4 H2a: CAR = -NPL         NA 0.17332 31
 Drop Mwalimu   Eq5          cw_roa -0.1884687 0.73527 31
 Drop Mwalimu   Eq5          cw_roe  0.0636019 0.76188 31
 Drop Mwalimu   Eq5          cw_eps -0.0892290 0.68097 31
 Drop Mwalimu   Eq5       H2b joint         NA 0.92869 31
 Drop Mwalimu   Eq6           cwbsi  0.0138522 0.93789 31
 Drop Mwalimu   Eq6           cwfpi -0.1861297 0.42344 31
 Drop Mwalimu   Eq6          cwfull -0.0389900 0.76858 31
 Drop Mwalimu   Eq6       H2c joint         NA 0.50725 31

> res$lobo <- do.call(rbind, lobo)

> cat("\n######## R8: Dominant-bank exclusions (from R7) ########\n")

######## R8: Dominant-bank exclusions (from R7) ########

> pick <- function(tab, model, term) tab[tab$Model == model & tab$Term == term, c("Coef", "p_wcb", "N")]

> dom <- function(signal, model, term, b, h2) {
+   f <- pick(res$main, model, term); x <- pick(lobo[[b]], model, term)
+   data.frame(Signal = signal, Excluded = banknames[b], N = x$N, Coef_full = f$Coef, p_full = f$p_wcb,
+              Coef_excl = x$Coef, p_excl = x$p_wcb,
+              H2_test = h2, H2_p_full = pick(res$main, model, h2)$p_wcb, H2_p_excl = pick(lobo[[b]], model, h2)$p_wcb,
+              H2_conclusion_changes = (pick(res$main, model, h2)$p_wcb < .05) != (pick(lobo[[b]], model, h2)$p_wcb < .05),
+              row.names = NULL)
+ }

> domtab <- rbind(dom("CAR", "Eq4", "cw_car", "B06", "H2a: CAR = -NPL"),
+                 dom("ROA", "Eq5", "cw_roa", "B06", "H2b joint"),
+                 dom("ROE", "Eq5", "cw_roe", "B05", "H2b joint"),
+                 dom("EPS", "Eq5", "cw_eps", "B02", "H2b joint"))

> nplt <- do.call(rbind, lapply(names(banknames), function(b) dom("NPL", "Eq4", "cw_negnpl", b, "H2a: CAR = -NPL")))

> cat("\nDominant-bank exclusions:\n"); show(domtab)

Dominant-bank exclusions:
 Signal Excluded  N Coef_full p_full Coef_excl p_excl         H2_test H2_p_full H2_p_excl H2_conclusion_changes
    CAR  Mwalimu 31  -0.08998 0.2350   -0.2136 0.1398 H2a: CAR = -NPL    0.1891    0.1733                 FALSE
    ROA  Mwalimu 31  -0.15315 0.4046   -0.1885 0.7353       H2b joint    0.6946    0.9287                 FALSE
    ROE Mkombozi 33  -0.05124 0.5593    0.0408 0.7169       H2b joint    0.6946    0.3396                 FALSE
    EPS      NMB 31  -0.09459 0.4626   -0.1065 0.7568       H2b joint    0.6946    0.7957                 FALSE

> cat("\nNPL, each bank excluded:\n"); show(nplt)

NPL, each bank excluded:
 Signal Excluded  N Coef_full p_full Coef_excl  p_excl         H2_test H2_p_full H2_p_excl H2_conclusion_changes
    NPL     CRDB 31   0.06165 0.3898   0.01182 0.75148 H2a: CAR = -NPL    0.1891   0.06881                 FALSE
    NPL      NMB 31   0.06165 0.3898   0.05198 0.32473 H2a: CAR = -NPL    0.1891   0.27083                 FALSE
    NPL      DCB 34   0.06165 0.3898   0.06863 0.44434 H2a: CAR = -NPL    0.1891   0.32233                 FALSE
    NPL Mkombozi 33   0.06165 0.3898   0.17153 0.05291 H2a: CAR = -NPL    0.1891   0.05001                 FALSE
    NPL  Mwalimu 31   0.06165 0.3898   0.14418 0.18712 H2a: CAR = -NPL    0.1891   0.17332                 FALSE

> cat("\n######## R9: Panel-corrected SEs (Beck-Katz, casewise covariance) ########\n")

######## R9: Panel-corrected SEs (Beck-Katz, casewise covariance) ########

> pcse <- function(dd, xv, tests) {
+   dd <- prep(dd)
+   X <- model.matrix(as.formula(paste("~", paste(xv, collapse = " + "), "+ bank_id + year_f")), dd)
+   y <- dd$ln_mtb; XtXi <- solve(crossprod(X)); b <- drop(XtXi %*% crossprod(X, y)); e <- drop(y - X %*% b)
+   E <- tapply(e, list(dd$year, as.character(dd$bank_id)), sum)
+   Ec <- E[complete.cases(E), , drop = FALSE]; Sig <- crossprod(Ec) / nrow(Ec)
+   meat <- matrix(0, ncol(X), ncol(X))
+   for (t in unique(dd$year)) {
+     ix <- which(dd$year == t); bk <- as.character(dd$bank_id[ix])
+     meat <- meat + t(X[ix, , drop = FALSE]) %*% Sig[bk, bk, drop = FALSE] %*% X[ix, , drop = FALSE]
+   }
+   V <- XtXi %*% meat %*% XtXi; se <- sqrt(diag(V))
+   coefs <- data.frame(Term = xv, Coef = b[xv], SE_pcse = se[xv], z = b[xv] / se[xv],
+                       p = 2 * pnorm(-abs(b[xv] / se[xv])), row.names = NULL)
+   tst <- do.call(rbind, lapply(names(tests), function(nm) {
+     R <- Rm(colnames(X), tests[[nm]]); Rb <- R %*% b
+     W <- as.numeric(t(Rb) %*% solve(R %*% V %*% t(R)) %*% Rb)
+     data.frame(Test = nm, chi2 = W, df = nrow(R), p = pchisq(W, nrow(R), lower.tail = FALSE)) }))
+   cat("Common years used for the cross-bank covariance:", rownames(Ec), "\n")
+   list(coefs = coefs, tests = tst)
+ }

> pc3 <- pcse(d, c("Lcar", "Lnpl", "Lroa", "Lroe", "Leps", "Lfull"), list())
Common years used for the cross-bank covariance: 2021 2023 2024 2025 

> pc4 <- pcse(d, c("cw_car", "cw_negnpl", "Lfull"), list("H2a: CAR = -NPL" = H2a))
Common years used for the cross-bank covariance: 2021 2023 2024 2025 

> pc5 <- pcse(d, c("cw_roa", "cw_roe", "cw_eps", "Lfull"), list("H2b joint" = H2b))
Common years used for the cross-bank covariance: 2021 2023 2024 2025 

> pc6 <- pcse(d, c("cwbsi", "cwfpi", "cwfull"), list("H2c joint" = H2c))
Common years used for the cross-bank covariance: 2021 2023 2024 2025 

> cat("\nEq. 3 (PCSE):\n"); show(pc3$coefs)

Eq. 3 (PCSE):
  Term       Coef   SE_pcse       z      p
  Lcar -0.0010832 0.0009089 -1.1918 0.2334
  Lnpl -0.0308680 0.0257619 -1.1982 0.2308
  Lroa -0.0291470 0.0197809 -1.4735 0.1406
  Lroe -0.0108972 0.0110007 -0.9906 0.3219
  Leps -0.0003028 0.0003192 -0.9488 0.3427
 Lfull -0.2417316 0.1946777 -1.2417 0.2143

> pcse_tests <- rbind(pc4$tests, pc5$tests, pc6$tests); cat("\nH2 tests (PCSE):\n"); show(pcse_tests)

H2 tests (PCSE):
            Test  chi2 df       p
 H2a: CAR = -NPL 3.152  1 0.07582
       H2b joint 1.669  2 0.43410
       H2c joint 5.668  2 0.05878

> cat("\n######## R10: CR2 small-sample inference (Satterthwaite t; HTZ Wald) ########\n")

######## R10: CR2 small-sample inference (Satterthwaite t; HTZ Wald) ########

> cr2 <- function(dd, xv, cons) {
+   dd <- prep(dd)
+   m <- lm(as.formula(paste("ln_mtb ~", paste(xv, collapse = " + "), "+ bank_id + year_f")), data = dd)
+   V <- vcovCR(m, cluster = dd$bank_id, type = "CR2")
+   ct <- as.data.frame(coef_test(m, vcov = V, test = "Satterthwaite", coefs = xv))
+   pc <- grep("^p_", names(ct), value = TRUE)[1]; dc <- grep("^df", names(ct), value = TRUE)[1]
+   coefs <- data.frame(Term = xv, Coef = coef(m)[xv], df = ct[[dc]], p_CR2 = ct[[pc]], row.names = NULL)
+   tst <- if (is.null(cons)) NULL else {
+     w <- as.data.frame(Wald_test(m, constraints = constrain_equal(cons), vcov = V, test = "HTZ"))
+     data.frame(Test = paste(cons, collapse = " = "), F = w$Fstat, df_num = w$df_num, df_denom = w$df_denom, p = w$p_val)
+   }
+   list(coefs = coefs, tests = tst)
+ }

> c3 <- cr2(d, c("Lcar", "Lnpl", "Lroa", "Lroe", "Leps", "Lfull"), NULL)

> c4 <- cr2(d, c("cw_car", "cw_negnpl", "Lfull"), c("cw_car", "cw_negnpl"))

> c5 <- cr2(d, c("cw_roa", "cw_roe", "cw_eps", "Lfull"), c("cw_roa", "cw_roe", "cw_eps"))

> c6 <- cr2(d, c("cwbsi", "cwfpi", "cwfull"), c("cwbsi", "cwfpi", "cwfull"))

> cat("\nEq. 3 (CR2):\n"); show(c3$coefs)

Eq. 3 (CR2):
  Term       Coef    df   p_CR2
  Lcar -0.0010832 1.882 0.70687
  Lnpl -0.0308680 3.085 0.04143
  Lroa -0.0291470 2.666 0.52523
  Lroe -0.0108972 2.264 0.19898
  Leps -0.0003028 2.074 0.61324
 Lfull -0.2417316 3.291 0.37860

> cr2_tests <- rbind(c4$tests, c5$tests, c6$tests); cat("\nH2 tests (CR2/HTZ):\n"); show(cr2_tests)

H2 tests (CR2/HTZ):
                     Test      F df_num df_denom      p
       cw_car = cw_negnpl 1.2829      1    2.373 0.3588
 cw_roa = cw_roe = cw_eps 0.5327      2    1.415 0.6723
   cwbsi = cwfpi = cwfull 3.1346      2    2.413 0.2133

> # --- Save ---
> allres <- do.call(rbind, res[c("main", "size", "ldr", "resid", "wins", "stale", "aug", "lobo")])

> write.csv(allres, "output/tables/T5_robustness_bootstrap.csv", row.names = FALSE)

> write.csv(rbind(domtab, nplt), "output/tables/T6_dominant_bank_exclusions.csv", row.names = FALSE)

> write.csv(rbind(cbind(Spec = "Eq3", pc3$coefs)), "output/tables/T7a_pcse_eq3.csv", row.names = FALSE)

> write.csv(pcse_tests, "output/tables/T7b_pcse_H2.csv", row.names = FALSE)

> write.csv(c3$coefs, "output/tables/T8a_cr2_eq3.csv", row.names = FALSE)

> write.csv(cr2_tests, "output/tables/T8b_cr2_H2.csv", row.names = FALSE)

> cat("Run finished:", format(Sys.time(), "%Y-%m-%d %H:%M:%S"), "\n")
Run finished: 2026-10-05 22:09:45 

> sink()

### Running R07_power at 22:09:45 

> # =============================================================
> # R07_power.R — Monte Carlo size and power (final specification)
> # =============================================================
> options(width = 200)

> sink("logs/R07_power.log", split = TRUE)

> cat("Run started:", format(Sys.time(), "%Y-%m-%d %H:%M:%S"), "\n")
Run started: 2026-10-05 22:09:45 

> library(digest); library(fixest)

> source("R/wcb_functions.R")

> stopifnot(digest(file = "data/derived/panel_analysis.csv", algo = "sha256") ==
+             "de5b2268e868832710b01c711ae081dc3248d933feab3fef31f9c224f40ec1f6")

> p <- readRDS("data/derived/panel_analysis.rds")

> d <- p[p$core, ]; d <- d[order(d$bank_id, d$year), ]

> d$bank_id <- factor(d$bank_id); d$year_f <- factor(d$year); G <- nlevels(d$bank_id)

> NSIM <- 500; BSIM <- 399

> fml <- function(y, x) as.formula(paste(y, "~", paste(x, collapse = " + "), "+ year_f | bank_id"))

> clw <- function(m, rows) {
+   R <- Rm(names(coef(m)), rows); b <- coef(m); V <- vcov(m); q <- nrow(R); Rb <- R %*% b
+   Fs <- as.numeric(t(Rb) %*% solve(R %*% V %*% t(R)) %*% Rb) / q
+   pf(Fs, q, G - 1, lower.tail = FALSE)
+ }

> # Data-generating process: estimated model with the tested coefficients set to the null
> # (zero for NPL; their common mean for equality tests) plus lambda x the estimated departure.
> # Errors: normal with bank-specific SD of the estimated residuals.
> cells <- list(
+   list(test = "NPL (Eq. 3)", x = c("Lcar", "Lnpl", "Lroa", "Lroe", "Leps", "Lfull"), cmp = "Lnpl",
+        rows = list(c(Lnpl = 1)), lams = c(0, 1), null = "zero"),
+   list(test = "H2a", x = c("cw_car", "cw_negnpl", "Lfull"), cmp = c("cw_car", "cw_negnpl"),
+        rows = list(c(cw_car = 1, cw_negnpl = -1)), lams = c(0, 1, 2), null = "equal"),
+   list(test = "H2b", x = c("cw_roa", "cw_roe", "cw_eps", "Lfull"), cmp = c("cw_roa", "cw_roe", "cw_eps"),
+        rows = list(c(cw_roa = 1, cw_roe = -1), c(cw_roa = 1, cw_eps = -1)), lams = c(0, 1, 2), null = "equal"),
+   list(test = "H2c", x = c("cwbsi", "cwfpi", "cwfull"), cmp = c("cwbsi", "cwfpi", "cwfull"),
+        rows = list(c(cwbsi = 1, cwfpi = -1), c(cwbsi = 1, cwfull = -1)), lams = c(0, 1, 2), null = "equal"))

> set.seed(20261004)

> out <- list()

> for (cc in cells) {
+   m0 <- feols(fml("ln_mtb", cc$x), data = d, cluster = ~bank_id)
+   b  <- coef(m0)[cc$cmp]; Xc <- as.matrix(d[, cc$cmp])
+   bbar <- if (cc$null == "zero") 0 else mean(b)
+   base <- fitted(m0) - drop(Xc %*% b) + bbar * rowSums(Xc)
+   dev  <- drop(Xc %*% (b - bbar))
+   sdb  <- ave(resid(m0), d$bank_id, FUN = sd)
+   for (lam in cc$lams) {
+     pw <- pc <- numeric(NSIM)
+     for (r in seq_len(NSIM)) {
+       dd <- d; dd$ystar <- base + lam * dev + sdb * rnorm(nrow(d))
+       m <- feols(fml("ystar", cc$x), data = dd, cluster = ~bank_id)
+       pw[r] <- wcb_test(m, dd, cc$rows, B = BSIM, seed = NULL, depvar = "ystar")["p"]
+       pc[r] <- clw(m, cc$rows)
+     }
+     out[[length(out) + 1]] <- data.frame(Test = cc$test, Lambda = lam,
+                                          Reject_WCB_05 = mean(pw < .05), Reject_cluster_05 = mean(pc < .05),
+                                          Reject_WCB_10 = mean(pw < .10), Reject_cluster_10 = mean(pc < .10),
+                                          MC_SE_05 = sqrt(mean(pw < .05) * (1 - mean(pw < .05)) / NSIM), Sims = NSIM)
+     cat(sprintf("%-12s lambda = %d: WCB rejects %.3f, clustered rejects %.3f (5%% level)\n",
+                 cc$test, lam, mean(pw < .05), mean(pc < .05)))
+   }
+ }
NPL (Eq. 3)  lambda = 0: WCB rejects 0.072, clustered rejects 0.052 (5% level)
NPL (Eq. 3)  lambda = 1: WCB rejects 0.312, clustered rejects 0.348 (5% level)
H2a          lambda = 0: WCB rejects 0.048, clustered rejects 0.090 (5% level)
H2a          lambda = 1: WCB rejects 0.242, clustered rejects 0.456 (5% level)
H2a          lambda = 2: WCB rejects 0.602, clustered rejects 0.884 (5% level)
H2b          lambda = 0: WCB rejects 0.026, clustered rejects 0.366 (5% level)
H2b          lambda = 1: WCB rejects 0.034, clustered rejects 0.494 (5% level)
H2b          lambda = 2: WCB rejects 0.078, clustered rejects 0.810 (5% level)
H2c          lambda = 0: WCB rejects 0.074, clustered rejects 0.106 (5% level)
H2c          lambda = 1: WCB rejects 0.422, clustered rejects 0.666 (5% level)
H2c          lambda = 2: WCB rejects 0.752, clustered rejects 0.970 (5% level)

> pw_tab <- do.call(rbind, out)

> cat("\nLambda 0 = size (null true); 1 = effect as estimated; 2 = twice the estimate\n")

Lambda 0 = size (null true); 1 = effect as estimated; 2 = twice the estimate

> print(format(pw_tab, digits = 3), row.names = FALSE)
        Test Lambda Reject_WCB_05 Reject_cluster_05 Reject_WCB_10 Reject_cluster_10 MC_SE_05 Sims
 NPL (Eq. 3)      0         0.072             0.052         0.122             0.116  0.01156  500
 NPL (Eq. 3)      1         0.312             0.348         0.450             0.492  0.02072  500
         H2a      0         0.048             0.090         0.110             0.146  0.00956  500
         H2a      1         0.242             0.456         0.416             0.620  0.01915  500
         H2a      2         0.602             0.884         0.798             0.938  0.02189  500
         H2b      0         0.026             0.366         0.066             0.490  0.00712  500
         H2b      1         0.034             0.494         0.098             0.640  0.00810  500
         H2b      2         0.078             0.810         0.164             0.892  0.01199  500
         H2c      0         0.074             0.106         0.128             0.170  0.01171  500
         H2c      1         0.422             0.666         0.614             0.796  0.02209  500
         H2c      2         0.752             0.970         0.910             0.996  0.01931  500

> write.csv(pw_tab, "output/tables/T9_power.csv", row.names = FALSE)

> cat("Run finished:", format(Sys.time(), "%Y-%m-%d %H:%M:%S"), "\n")
Run finished: 2026-10-05 22:12:22 

> sink()

Output hashes:
                                          file                                                           sha256
               data/derived/panel_imported.csv 0e7db0e18ce5c906f7af7eef5e71bccc3b310bae5fc3382170df961bbf35775a
               data/derived/panel_analysis.csv de5b2268e868832710b01c711ae081dc3248d933feab3fef31f9c224f40ec1f6
             output/tables/T1_descriptives.csv c85155ce1b49f6372ce308f87bd769d015fa2e942f1884aacd16d5c142356b8f
          output/tables/T1b_between_within.csv 486d647bf9e012b644ca148a99ef2ff201152ed001b47ffb3f33d3ffa1a03006
     output/tables/T1c_within_correlations.csv 9d8f8fcf726ac08e2d0d3044d15f9c4ef0336fd8aa4258bfb10ce48229058907
         output/tables/T1d_variance_shares.csv aa2bbd283a007e1400971b69a9f9aa9a1a92c1947655ba18f18c6a844dbb56ad
              output/tables/T2_diagnostics.csv 900bd822b0d3cb12db4a2ac145c8a440059fca0a9d63672676d6ba7d8a765178
              output/tables/T3_H1_baseline.csv 4db9af63eecff6f770940f50e328c743f668b921ae877cfe28cdab6424f7e3c2
         output/tables/T4a_H2_coefficients.csv 6bf8e23af4cc2cbd957a94402d30aaf0c7d1be6399a58f81f16a971caeefbd50
                output/tables/T4b_H2_tests.csv d7c6ffb82b3442f60aa1b5c0ec25f2efdbb842089824063c3a219f0ad6c49f4e
     output/tables/T5_robustness_bootstrap.csv 447cfe2e4bb62475768d9672193a2617952fbd239682a8b7fa88b1a58ab5cea9
 output/tables/T6_dominant_bank_exclusions.csv 12bfd55bd18039e947193ccfe0fe3d99f6fc5c1a2d902b24ff4e8b080da77a88
                output/tables/T7a_pcse_eq3.csv f52b58ff8f15ec9dba558b576624be48207d85f5366e14cddbb055c1c41b2827
                 output/tables/T7b_pcse_H2.csv 827a861534afe3af945eee2a863e2b9ca302cf5c9f714c49b8838571efcabd0d
                 output/tables/T8a_cr2_eq3.csv 757df56a42bb9f6021aef29c3cec2f299ec2e6af064fdc4cb428fad37084840e
                  output/tables/T8b_cr2_H2.csv 32166cd64ed7b823de9f60c0f0bf072af6ca6a24d27579e9cdf9cee124e6e864
                    output/tables/T9_power.csv 222cc7e6f35bfaa0ee145ba26d630fb18fb514de5dfd3f66012467ab83e94b31
Data hashes verified.
T1_descriptives.csv                      max abs difference = 0.00e+00  PASS
T1b_between_within.csv                   max abs difference = 0.00e+00  PASS
T1c_within_correlations.csv              max abs difference = 0.00e+00  PASS
T1d_variance_shares.csv                  max abs difference = 0.00e+00  PASS
T2_diagnostics.csv                       max abs difference = 0.00e+00  PASS
T3_H1_baseline.csv                       max abs difference = 0.00e+00  PASS
T4a_H2_coefficients.csv                  max abs difference = 0.00e+00  PASS
T4b_H2_tests.csv                         max abs difference = 0.00e+00  PASS
T5_robustness_bootstrap.csv              max abs difference = 0.00e+00  PASS
T6_dominant_bank_exclusions.csv          max abs difference = 0.00e+00  PASS
T7a_pcse_eq3.csv                         max abs difference = 0.00e+00  PASS
T7b_pcse_H2.csv                          max abs difference = 0.00e+00  PASS
T8a_cr2_eq3.csv                          max abs difference = 0.00e+00  PASS
T8b_cr2_H2.csv                           max abs difference = 0.00e+00  PASS
T9_power.csv                             max abs difference = 0.00e+00  PASS

ALL OUTPUTS REPRODUCED.
Master run finished: 2026-10-05 22:12:22 
